[
  {
    "condition": "minecraft:any_of",
    "terms": [{"condition": "minecraft:entity_scores","entity": "this",
        "scores": {"fwg.rotation": {"min": 301,"max": 360}}},{
        "condition": "minecraft:entity_scores","entity": "this",
        "scores": {"fwg.rotation": {"min": 0,"max": 24}}},{
        
        "condition": "minecraft:entity_scores","entity": "this",
        "scores": {"fwg.rotation": {"min": -60,"max": 0}}},{
        "condition": "minecraft:entity_scores","entity": "this",
        "scores": {"fwg.rotation": {"min": -361,"max": -336}}}
    ]
  }
]
