[
  {"function": "minecraft:set_nbt","tag": "{CustomModelData:1601}","conditions": [{"condition": "minecraft:entity_scores","entity": "this","scores": { "fwg.reload" : 24}}]},
  {"function": "minecraft:set_nbt","tag": "{CustomModelData:1602}","conditions": [{"condition": "minecraft:entity_scores","entity": "this","scores": { "fwg.reload" : 22}}]},
  {"function": "minecraft:set_nbt","tag": "{CustomModelData:1603}","conditions": [{"condition": "minecraft:entity_scores","entity": "this","scores": { "fwg.reload" : 20}}]},
  
  {"function": "minecraft:set_nbt","tag": "{CustomModelData:1604}","conditions": [{"condition": "minecraft:entity_scores","entity": "this","scores": { "fwg.reload" : 18}}]},
  {"function": "minecraft:set_nbt","tag": "{CustomModelData:1605}","conditions": [{"condition": "minecraft:entity_scores","entity": "this","scores": { "fwg.reload" : 16}}]},
  {"function": "minecraft:set_nbt","tag": "{CustomModelData:1606}","conditions": [{"condition": "minecraft:entity_scores","entity": "this","scores": { "fwg.reload" : 14}}]},

  {"function": "minecraft:set_nbt","tag": "{CustomModelData:1607}","conditions": [{"condition": "minecraft:entity_scores","entity": "this","scores": { "fwg.reload" : 12}}]},
  {"function": "minecraft:set_nbt","tag": "{CustomModelData:1608}","conditions": [{"condition": "minecraft:entity_scores","entity": "this","scores": { "fwg.reload" : 11}}]},
  {"function": "minecraft:set_nbt","tag": "{CustomModelData:1609}","conditions": [{"condition": "minecraft:entity_scores","entity": "this","scores": { "fwg.reload" : 10}}]},
  {"function": "minecraft:set_nbt","tag": "{CustomModelData:1610}","conditions": [{"condition": "minecraft:entity_scores","entity": "this","scores": { "fwg.reload" : 8}}]},
  {"function": "minecraft:set_nbt","tag": "{CustomModelData:1611}","conditions": [{"condition": "minecraft:entity_scores","entity": "this","scores": { "fwg.reload" : 6}}]},
  {"function": "minecraft:set_nbt","tag": "{CustomModelData:1612}","conditions": [{"condition": "minecraft:entity_scores","entity": "this","scores": { "fwg.reload" : 4}}]},
  {"function": "minecraft:set_nbt","tag": "{CustomModelData:1613}","conditions": [{"condition": "minecraft:entity_scores","entity": "this","scores": { "fwg.reload" : 2}}]},
  {"function": "minecraft:set_nbt","tag": "{CustomModelData:1001}","conditions": [{"condition": "minecraft:entity_scores","entity": "this","scores": { "fwg.reload" : 1}}]}
]
