[
    {"function": "minecraft:set_nbt","tag": "{CustomModelData:1401}","conditions": [{"condition": "minecraft:entity_scores","entity": "this","scores": { "fwg.draw" : 12}}]},
    {"function": "minecraft:set_nbt","tag": "{CustomModelData:1402}","conditions": [{"condition": "minecraft:entity_scores","entity": "this","scores": { "fwg.draw" : 11}}]},
    {"function": "minecraft:set_nbt","tag": "{CustomModelData:1403}","conditions": [{"condition": "minecraft:entity_scores","entity": "this","scores": { "fwg.draw" : 10}}]},
    {"function": "minecraft:set_nbt","tag": "{CustomModelData:1404}","conditions": [{"condition": "minecraft:entity_scores","entity": "this","scores": { "fwg.draw" : 9}}]},
    {"function": "minecraft:set_nbt","tag": "{CustomModelData:1405}","conditions": [{"condition": "minecraft:entity_scores","entity": "this","scores": { "fwg.draw" : 8}}]},
    {"function": "minecraft:set_nbt","tag": "{CustomModelData:1406}","conditions": [{"condition": "minecraft:entity_scores","entity": "this","scores": { "fwg.draw" : 6}}]},
    {"function": "minecraft:set_nbt","tag": "{CustomModelData:1407}","conditions": [{"condition": "minecraft:entity_scores","entity": "this","scores": { "fwg.draw" : 4}}]},
    {"function": "minecraft:set_nbt","tag": "{CustomModelData:1002}","conditions": [{"condition": "minecraft:entity_scores","entity": "this","scores": { "fwg.draw" : 2}}]}
  ]
  