[
  {"function": "minecraft:set_nbt","tag": "{CustomModelData:1505}","conditions": [{"condition": "minecraft:entity_scores","entity": "this","scores": { "fwg.reload" : 66}}]},
  {"function": "minecraft:set_nbt","tag": "{CustomModelData:1503}","conditions": [{"condition": "minecraft:entity_scores","entity": "this","scores": { "fwg.reload" : 65}}]},
  {"function": "minecraft:set_nbt","tag": "{CustomModelData:1502}","conditions": [{"condition": "minecraft:entity_scores","entity": "this","scores": { "fwg.reload" : 64}}]},
  {"function": "minecraft:set_nbt","tag": "{CustomModelData:1501}","conditions": [{"condition": "minecraft:entity_scores","entity": "this","scores": { "fwg.reload" : 63}}]},
  {"function": "minecraft:set_nbt","tag": "{CustomModelData:1001}","conditions": [{"condition": "minecraft:entity_scores","entity": "this","scores": { "fwg.reload" : 62}}]},

  {"function": "minecraft:set_nbt","tag": "{CustomModelData:1301}","conditions": [{"condition": "minecraft:entity_scores","entity": "this","scores": { "fwg.reload" : 60}}]},
  {"function": "minecraft:set_nbt","tag": "{CustomModelData:1302}","conditions": [{"condition": "minecraft:entity_scores","entity": "this","scores": { "fwg.reload" : 58}}]},
  {"function": "minecraft:set_nbt","tag": "{CustomModelData:1303}","conditions": [{"condition": "minecraft:entity_scores","entity": "this","scores": { "fwg.reload" : 57}}]},
  {"function": "minecraft:set_nbt","tag": "{CustomModelData:1304}","conditions": [{"condition": "minecraft:entity_scores","entity": "this","scores": { "fwg.reload" : 56}}]},

  {"function": "minecraft:set_nbt","tag": "{CustomModelData:1305}","conditions": [{"condition": "minecraft:entity_scores","entity": "this","scores": { "fwg.reload" : 54}}]},
  {"function": "minecraft:set_nbt","tag": "{CustomModelData:1306}","conditions": [{"condition": "minecraft:entity_scores","entity": "this","scores": { "fwg.reload" : 53}}]},
  {"function": "minecraft:set_nbt","tag": "{CustomModelData:1307}","conditions": [{"condition": "minecraft:entity_scores","entity": "this","scores": { "fwg.reload" : 52}}]},
  {"function": "minecraft:set_nbt","tag": "{CustomModelData:1308}","conditions": [{"condition": "minecraft:entity_scores","entity": "this","scores": { "fwg.reload" : 50}}]},

  {"function": "minecraft:set_nbt","tag": "{CustomModelData:1309}","conditions": [{"condition": "minecraft:entity_scores","entity": "this","scores": { "fwg.reload" : 47}}]},
  {"function": "minecraft:set_nbt","tag": "{CustomModelData:1310}","conditions": [{"condition": "minecraft:entity_scores","entity": "this","scores": { "fwg.reload" : 46}}]},
  {"function": "minecraft:set_nbt","tag": "{CustomModelData:1311}","conditions": [{"condition": "minecraft:entity_scores","entity": "this","scores": { "fwg.reload" : 44}}]},

  {"function": "minecraft:set_nbt","tag": "{CustomModelData:1312}","conditions": [{"condition": "minecraft:entity_scores","entity": "this","scores": { "fwg.reload" : 40}}]},
  {"function": "minecraft:set_nbt","tag": "{CustomModelData:1313}","conditions": [{"condition": "minecraft:entity_scores","entity": "this","scores": { "fwg.reload" : 38}}]},

  {"function": "minecraft:set_nbt","tag": "{CustomModelData:1401}","conditions": [{"condition": "minecraft:entity_scores","entity": "this","scores": { "fwg.reload" : 34}}]},
  {"function": "minecraft:set_nbt","tag": "{CustomModelData:1402}","conditions": [{"condition": "minecraft:entity_scores","entity": "this","scores": { "fwg.reload" : 34}}]},
  {"function": "minecraft:set_nbt","tag": "{CustomModelData:1403}","conditions": [{"condition": "minecraft:entity_scores","entity": "this","scores": { "fwg.reload" : 32}}]},
  {"function": "minecraft:set_nbt","tag": "{CustomModelData:1404}","conditions": [{"condition": "minecraft:entity_scores","entity": "this","scores": { "fwg.reload" : 30}}]},
  {"function": "minecraft:set_nbt","tag": "{CustomModelData:1405}","conditions": [{"condition": "minecraft:entity_scores","entity": "this","scores": { "fwg.reload" : 28}}]},
  {"function": "minecraft:set_nbt","tag": "{CustomModelData:1406}","conditions": [{"condition": "minecraft:entity_scores","entity": "this","scores": { "fwg.reload" : 24}}]},
  {"function": "minecraft:set_nbt","tag": "{CustomModelData:1407}","conditions": [{"condition": "minecraft:entity_scores","entity": "this","scores": { "fwg.reload" : 23}}]},
  {"function": "minecraft:set_nbt","tag": "{CustomModelData:1408}","conditions": [{"condition": "minecraft:entity_scores","entity": "this","scores": { "fwg.reload" : 22}}]},
  {"function": "minecraft:set_nbt","tag": "{CustomModelData:1409}","conditions": [{"condition": "minecraft:entity_scores","entity": "this","scores": { "fwg.reload" : 21}}]},

  {"function": "minecraft:set_nbt","tag": "{CustomModelData:1314}","conditions": [{"condition": "minecraft:entity_scores","entity": "this","scores": { "fwg.reload" : 18}}]},
  {"function": "minecraft:set_nbt","tag": "{CustomModelData:1315}","conditions": [{"condition": "minecraft:entity_scores","entity": "this","scores": { "fwg.reload" : 16}}]},
  {"function": "minecraft:set_nbt","tag": "{CustomModelData:1316}","conditions": [{"condition": "minecraft:entity_scores","entity": "this","scores": { "fwg.reload" : 14}}]},
  {"function": "minecraft:set_nbt","tag": "{CustomModelData:1317}","conditions": [{"condition": "minecraft:entity_scores","entity": "this","scores": { "fwg.reload" : 12}}]},
  {"function": "minecraft:set_nbt","tag": "{CustomModelData:1318}","conditions": [{"condition": "minecraft:entity_scores","entity": "this","scores": { "fwg.reload" : 11}}]},
  {"function": "minecraft:set_nbt","tag": "{CustomModelData:1319}","conditions": [{"condition": "minecraft:entity_scores","entity": "this","scores": { "fwg.reload" : 9}}]},
  {"function": "minecraft:set_nbt","tag": "{CustomModelData:1320}","conditions": [{"condition": "minecraft:entity_scores","entity": "this","scores": { "fwg.reload" : 7}}]},
  {"function": "minecraft:set_nbt","tag": "{CustomModelData:1001}","conditions": [{"condition": "minecraft:entity_scores","entity": "this","scores": { "fwg.reload" : 5}}]}
]
