[
  {"function": "minecraft:set_nbt","tag": "{CustomModelData:1505}","conditions": [{"condition": "minecraft:entity_scores","entity": "this","scores": { "fwg.reload" : 46}}]},
  {"function": "minecraft:set_nbt","tag": "{CustomModelData:1503}","conditions": [{"condition": "minecraft:entity_scores","entity": "this","scores": { "fwg.reload" : 45}}]},
  {"function": "minecraft:set_nbt","tag": "{CustomModelData:1502}","conditions": [{"condition": "minecraft:entity_scores","entity": "this","scores": { "fwg.reload" : 44}}]},
  {"function": "minecraft:set_nbt","tag": "{CustomModelData:1501}","conditions": [{"condition": "minecraft:entity_scores","entity": "this","scores": { "fwg.reload" : 43}}]},
  {"function": "minecraft:set_nbt","tag": "{CustomModelData:1001}","conditions": [{"condition": "minecraft:entity_scores","entity": "this","scores": { "fwg.reload" : 42}}]},

  {"function": "minecraft:set_nbt","tag": "{CustomModelData:1301}","conditions": [{"condition": "minecraft:entity_scores","entity": "this","scores": { "fwg.reload" : 40}}]},
  {"function": "minecraft:set_nbt","tag": "{CustomModelData:1302}","conditions": [{"condition": "minecraft:entity_scores","entity": "this","scores": { "fwg.reload" : 38}}]},
  {"function": "minecraft:set_nbt","tag": "{CustomModelData:1303}","conditions": [{"condition": "minecraft:entity_scores","entity": "this","scores": { "fwg.reload" : 37}}]},
  {"function": "minecraft:set_nbt","tag": "{CustomModelData:1304}","conditions": [{"condition": "minecraft:entity_scores","entity": "this","scores": { "fwg.reload" : 36}}]},

  {"function": "minecraft:set_nbt","tag": "{CustomModelData:1305}","conditions": [{"condition": "minecraft:entity_scores","entity": "this","scores": { "fwg.reload" : 34}}]},
  {"function": "minecraft:set_nbt","tag": "{CustomModelData:1306}","conditions": [{"condition": "minecraft:entity_scores","entity": "this","scores": { "fwg.reload" : 33}}]},
  {"function": "minecraft:set_nbt","tag": "{CustomModelData:1307}","conditions": [{"condition": "minecraft:entity_scores","entity": "this","scores": { "fwg.reload" : 32}}]},
  {"function": "minecraft:set_nbt","tag": "{CustomModelData:1308}","conditions": [{"condition": "minecraft:entity_scores","entity": "this","scores": { "fwg.reload" : 30}}]},

  {"function": "minecraft:set_nbt","tag": "{CustomModelData:1309}","conditions": [{"condition": "minecraft:entity_scores","entity": "this","scores": { "fwg.reload" : 28}}]},
  {"function": "minecraft:set_nbt","tag": "{CustomModelData:1310}","conditions": [{"condition": "minecraft:entity_scores","entity": "this","scores": { "fwg.reload" : 25}}]},
  {"function": "minecraft:set_nbt","tag": "{CustomModelData:1311}","conditions": [{"condition": "minecraft:entity_scores","entity": "this","scores": { "fwg.reload" : 24}}]},

  {"function": "minecraft:set_nbt","tag": "{CustomModelData:1312}","conditions": [{"condition": "minecraft:entity_scores","entity": "this","scores": { "fwg.reload" : 20}}]},
  {"function": "minecraft:set_nbt","tag": "{CustomModelData:1313}","conditions": [{"condition": "minecraft:entity_scores","entity": "this","scores": { "fwg.reload" : 18}}]},

  {"function": "minecraft:set_nbt","tag": "{CustomModelData:1314}","conditions": [{"condition": "minecraft:entity_scores","entity": "this","scores": { "fwg.reload" : 14}}]},
  {"function": "minecraft:set_nbt","tag": "{CustomModelData:1315}","conditions": [{"condition": "minecraft:entity_scores","entity": "this","scores": { "fwg.reload" : 12}}]},
  {"function": "minecraft:set_nbt","tag": "{CustomModelData:1316}","conditions": [{"condition": "minecraft:entity_scores","entity": "this","scores": { "fwg.reload" : 10}}]},
  {"function": "minecraft:set_nbt","tag": "{CustomModelData:1317}","conditions": [{"condition": "minecraft:entity_scores","entity": "this","scores": { "fwg.reload" : 9}}]},
  {"function": "minecraft:set_nbt","tag": "{CustomModelData:1318}","conditions": [{"condition": "minecraft:entity_scores","entity": "this","scores": { "fwg.reload" : 7}}]},
  {"function": "minecraft:set_nbt","tag": "{CustomModelData:1319}","conditions": [{"condition": "minecraft:entity_scores","entity": "this","scores": { "fwg.reload" : 5}}]},
  {"function": "minecraft:set_nbt","tag": "{CustomModelData:1320}","conditions": [{"condition": "minecraft:entity_scores","entity": "this","scores": { "fwg.reload" : 3}}]},
  {"function": "minecraft:set_nbt","tag": "{CustomModelData:1001}","conditions": [{"condition": "minecraft:entity_scores","entity": "this","scores": { "fwg.reload" : 1}}]}
]
