[
    {"function": "minecraft:set_nbt","tag": "{CustomModelData:2501}","conditions": [{"condition": "minecraft:entity_scores","entity": "this","scores": { "fwg.ads" : 6}}]},
    {"function": "minecraft:set_nbt","tag": "{CustomModelData:2503}","conditions": [{"condition": "minecraft:entity_scores","entity": "this","scores": { "fwg.ads" : 5}}]},
    {"function": "minecraft:set_nbt","tag": "{CustomModelData:2504}","conditions": [{"condition": "minecraft:entity_scores","entity": "this","scores": { "fwg.ads" : 4}}]},
    {"function": "minecraft:set_nbt","tag": "{CustomModelData:2505}","conditions": [{"condition": "minecraft:entity_scores","entity": "this","scores": { "fwg.ads" : 3}}]}
  ]
  