[
  {"function": "minecraft:set_nbt","tag": "{CustomModelData:2211}","conditions": [{"condition": "minecraft:entity_scores","entity": "this","scores": { "fwg.burst_tick" : 2}}]},
  {"function": "minecraft:set_nbt","tag": "{CustomModelData:2217}","conditions": [{"condition": "minecraft:entity_scores","entity": "this","scores": { "fwg.burst_tick" : 1, "fwg.cooldown" : 11}}]},

  {"function": "minecraft:set_nbt","tag": "{CustomModelData:2212}","conditions": [{"condition": "minecraft:entity_scores","entity": "this","scores": { "fwg.cooldown" : 9}}]},
  {"function": "minecraft:set_nbt","tag": "{CustomModelData:2213}","conditions": [{"condition": "minecraft:entity_scores","entity": "this","scores": { "fwg.cooldown" : 8}}]},
  {"function": "minecraft:set_nbt","tag": "{CustomModelData:2214}","conditions": [{"condition": "minecraft:entity_scores","entity": "this","scores": { "fwg.cooldown" : 7}}]},
  {"function": "minecraft:set_nbt","tag": "{CustomModelData:2215}","conditions": [{"condition": "minecraft:entity_scores","entity": "this","scores": { "fwg.cooldown" : 5}}]},
  {"function": "minecraft:set_nbt","tag": "{CustomModelData:2216}","conditions": [{"condition": "minecraft:entity_scores","entity": "this","scores": { "fwg.cooldown" : 3}}]},
  {"function": "minecraft:set_nbt","tag": "{CustomModelData:2505}","conditions": [{"condition": "minecraft:entity_scores","entity": "this","scores": { "fwg.cooldown" : 1}}]}
  
]
