[
    {"function": "minecraft:set_nbt","tag": "{CustomModelData:1201}","conditions": [{"condition": "minecraft:entity_scores","entity": "this","scores": { "fwg.cooldown" : 35}}]},
    {"function": "minecraft:set_nbt","tag": "{CustomModelData:1202}","conditions": [{"condition": "minecraft:entity_scores","entity": "this","scores": { "fwg.cooldown" : 33}}]},
    {"function": "minecraft:set_nbt","tag": "{CustomModelData:1203}","conditions": [{"condition": "minecraft:entity_scores","entity": "this","scores": { "fwg.cooldown" : 32}}]},
    {"function": "minecraft:set_nbt","tag": "{CustomModelData:1204}","conditions": [{"condition": "minecraft:entity_scores","entity": "this","scores": { "fwg.cooldown" : 30}}]},
    {"function": "minecraft:set_nbt","tag": "{CustomModelData:1205}","conditions": [{"condition": "minecraft:entity_scores","entity": "this","scores": { "fwg.cooldown" : 29}}]},
    {"function": "minecraft:set_nbt","tag": "{CustomModelData:1206}","conditions": [{"condition": "minecraft:entity_scores","entity": "this","scores": { "fwg.cooldown" : 27}}]},

    {"function": "minecraft:set_nbt","tag": "{CustomModelData:1301}","conditions": [{"condition": "minecraft:entity_scores","entity": "this","scores": { "fwg.cooldown" : 25}}]},
    {"function": "minecraft:set_nbt","tag": "{CustomModelData:1302}","conditions": [{"condition": "minecraft:entity_scores","entity": "this","scores": { "fwg.cooldown" : 24}}]},

    {"function": "minecraft:set_nbt","tag": "{CustomModelData:1303}","conditions": [{"condition": "minecraft:entity_scores","entity": "this","scores": { "fwg.cooldown" : 21}}]},
    {"function": "minecraft:set_nbt","tag": "{CustomModelData:1304}","conditions": [{"condition": "minecraft:entity_scores","entity": "this","scores": { "fwg.cooldown" : 18}}]},

    {"function": "minecraft:set_nbt","tag": "{CustomModelData:1305}","conditions": [{"condition": "minecraft:entity_scores","entity": "this","scores": { "fwg.cooldown" : 17}}]},
    {"function": "minecraft:set_nbt","tag": "{CustomModelData:1306}","conditions": [{"condition": "minecraft:entity_scores","entity": "this","scores": { "fwg.cooldown" : 14}}]},

    {"function": "minecraft:set_nbt","tag": "{CustomModelData:1307}","conditions": [{"condition": "minecraft:entity_scores","entity": "this","scores": { "fwg.cooldown" : 12}}]},
    {"function": "minecraft:set_nbt","tag": "{CustomModelData:1308}","conditions": [{"condition": "minecraft:entity_scores","entity": "this","scores": { "fwg.cooldown" : 10}}]},

    {"function": "minecraft:set_nbt","tag": "{CustomModelData:1001}","conditions": [{"condition": "minecraft:entity_scores","entity": "this","scores": { "fwg.cooldown" : 8}}]}
  ]
  