{
	"credit": "Made with Blockbench",
	"ambientocclusion": false,
	"texture_size": [64, 64],
	"textures": {
		"2": "fw:guns/04/m24",
		"particle": "fw:player/steve"
	},
	"elements": [
		{
			"from": [7.94142, 7.91914, 7.32911],
			"to": [8.14142, 8.11914, 8.6291],
			"rotation": {"angle": -45, "axis": "z", "origin": [8.14142, 8.11914, 7.97911]},
			"faces": {
				"north": {"uv": [7.5, 10, 7.5625, 10.0625], "texture": "#2"},
				"east": {"uv": [8, 3, 8.3125, 3.0625], "texture": "#2"},
				"south": {"uv": [10, 7.5, 10.0625, 7.5625], "texture": "#2"},
				"west": {"uv": [8, 3.5, 8.3125, 3.5625], "texture": "#2"},
				"up": {"uv": [4.0625, 8.3125, 4, 8], "texture": "#2"},
				"down": {"uv": [8.0625, 4, 8, 4.3125], "texture": "#2"}
			}
		},
		{
			"from": [7.775, 7.71914, 6.62911],
			"to": [8.225, 8.11914, 7.32911],
			"rotation": {"angle": 0, "axis": "y", "origin": [6.2, 5.81914, 3.82911]},
			"faces": {
				"north": {"uv": [3, 9, 3.125, 9.125], "texture": "#2"},
				"east": {"uv": [7.25, 7.5, 7.4375, 7.625], "texture": "#2"},
				"south": {"uv": [9, 4, 9.125, 4.125], "texture": "#2"},
				"west": {"uv": [1.75, 7.75, 1.9375, 7.875], "texture": "#2"},
				"up": {"uv": [2.375, 7.9375, 2.25, 7.75], "texture": "#2"},
				"down": {"uv": [7.875, 2.5, 7.75, 2.6875], "texture": "#2"}
			}
		},
		{
			"from": [8.01208, 7.78087, 7.2709],
			"to": [8.21208, 7.98087, 10.7709],
			"rotation": {"angle": 0, "axis": "y", "origin": [8.56208, 7.88087, 8.3459]},
			"faces": {
				"north": {"uv": [8.0625, 10.0625, 8, 10], "rotation": 180, "texture": "#2"},
				"east": {"uv": [4, 5.5, 4.0625, 6.375], "rotation": 90, "texture": "#2"},
				"south": {"uv": [10.0625, 8, 10, 8.0625], "texture": "#2"},
				"west": {"uv": [0.5, 5.75, 0.5625, 6.625], "rotation": 270, "texture": "#2"},
				"up": {"uv": [5.5, 5, 5.5625, 5.875], "texture": "#2"},
				"down": {"uv": [5.5, 3.75, 5.5625, 4.625], "rotation": 180, "texture": "#2"}
			}
		},
		{
			"from": [7.78792, 7.78087, 7.2709],
			"to": [7.98792, 7.98087, 10.7709],
			"rotation": {"angle": 0, "axis": "y", "origin": [7.43792, 7.88087, 8.3459]},
			"faces": {
				"north": {"uv": [8.5625, 10.0625, 8.5, 10], "rotation": 180, "texture": "#2"},
				"east": {"uv": [5.75, 2, 5.8125, 2.875], "rotation": 90, "texture": "#2"},
				"south": {"uv": [10.0625, 8.5, 10, 8.5625], "texture": "#2"},
				"west": {"uv": [4.5, 5.75, 4.5625, 6.625], "rotation": 270, "texture": "#2"},
				"up": {"uv": [3.25, 5.75, 3.3125, 6.625], "texture": "#2"},
				"down": {"uv": [1, 5.75, 1.0625, 6.625], "rotation": 180, "texture": "#2"}
			}
		}
	],
	"gui_light": "front",
	"display": {
		"thirdperson_righthand": {
			"rotation": [90, 0, 45],
			"translation": [0.25, 0.5, 0.75],
			"scale": [1.51, 1.51, 1.51]
		},
		"thirdperson_lefthand": {
			"rotation": [90, 0, 45],
			"translation": [0.25, 0.5, 0.75],
			"scale": [1.51, 1.51, 1.51]
		},
		"firstperson_righthand": {
			"rotation": [81, 8.5, 45],
			"translation": [-5.75, 6.5, 5.75]
		},
		"firstperson_lefthand": {
			"rotation": [81, 8.5, 45],
			"translation": [-5.75, 6.5, 5.75]
		},
		"ground": {
			"translation": [0, -3.5, -1.5],
			"scale": [1.64, 1.64, 1.64]
		},
		"gui": {
			"rotation": [23, -145.5, 1],
			"translation": [1.5, -0.5, 0],
			"scale": [4, 4, 4]
		},
		"head": {
			"rotation": [91, 44, -86],
			"translation": [4.25, -9.5, 5],
			"scale": [0, 0, 0]
		},
		"fixed": {
			"rotation": [91, 44, -86],
			"translation": [-0.25, 0.75, 0.5],
			"scale": [1.96, 1.96, 1.96]
		}
	},
	"groups": [
		{
			"name": "Bipod",
			"origin": [8, 13.61914, 11.82911],
			"color": 0,
			"children": [0, 1, 2, 3]
		}
	]
}