{
	"credit": "Made with Blockbench",
	"ambientocclusion": false,
	"texture_size": [64, 64],
	"textures": {
		"2": "fw:guns/04/m24",
		"particle": "fw:player/steve"
	},
	"elements": [
		{
			"from": [7.90178, 7.525, 7.05],
			"to": [8.30178, 7.925, 10.75],
			"rotation": {"angle": -45, "axis": "z", "origin": [8.17678, 7.9, 9.15]},
			"faces": {
				"north": {"uv": [0.5, 8.75, 0.625, 8.875], "texture": "#2"},
				"east": {"uv": [4, 0.5, 4.9375, 0.625], "texture": "#2"},
				"south": {"uv": [8.75, 0.5, 8.875, 0.625], "texture": "#2"},
				"west": {"uv": [4, 1, 4.9375, 1.125], "texture": "#2"},
				"up": {"uv": [4.125, 4.4375, 4, 3.5], "texture": "#2"},
				"down": {"uv": [4.375, 1.5, 4.25, 2.4375], "texture": "#2"}
			}
		},
		{
			"from": [7.83107, 7.525, 10.65],
			"to": [8.33107, 8.025, 11.55],
			"rotation": {"angle": -45, "axis": "z", "origin": [8.10607, 7.9, 9.15]},
			"faces": {
				"north": {"uv": [1, 8.75, 1.125, 8.875], "texture": "#2"},
				"east": {"uv": [7.25, 2.5, 7.5, 2.625], "texture": "#2"},
				"south": {"uv": [8.75, 1, 8.875, 1.125], "texture": "#2"},
				"west": {"uv": [3.5, 7.25, 3.75, 7.375], "texture": "#2"},
				"up": {"uv": [4.875, 7.5, 4.75, 7.25], "texture": "#2"},
				"down": {"uv": [5.375, 7.25, 5.25, 7.5], "texture": "#2"}
			}
		},
		{
			"from": [7.76036, 7.525, 11.55],
			"to": [8.36036, 8.125, 12],
			"rotation": {"angle": -45, "axis": "z", "origin": [8.03536, 7.9, 8.75]},
			"faces": {
				"north": {"uv": [1.5, 8.75, 1.625, 8.875], "texture": "#2"},
				"east": {"uv": [8.75, 1.5, 8.875, 1.625], "texture": "#2"},
				"south": {"uv": [2, 8.75, 2.125, 8.875], "texture": "#2"},
				"west": {"uv": [8.75, 2, 8.875, 2.125], "texture": "#2"},
				"up": {"uv": [2.625, 8.875, 2.5, 8.75], "texture": "#2"},
				"down": {"uv": [8.875, 2.5, 8.75, 2.625], "texture": "#2"}
			}
		},
		{
			"from": [7.76036, 7.525, 6.45],
			"to": [8.36036, 8.125, 7.15],
			"rotation": {"angle": -45, "axis": "z", "origin": [8.03536, 7.9, 8.75]},
			"faces": {
				"north": {"uv": [8.75, 3, 8.875, 3.125], "texture": "#2"},
				"east": {"uv": [7.5, 4, 7.6875, 4.125], "texture": "#2"},
				"south": {"uv": [8.75, 3.5, 8.875, 3.625], "texture": "#2"},
				"west": {"uv": [7.5, 4.5, 7.6875, 4.625], "texture": "#2"},
				"up": {"uv": [7.625, 5.1875, 7.5, 5], "texture": "#2"},
				"down": {"uv": [7.625, 5.5, 7.5, 5.6875], "texture": "#2"}
			}
		},
		{
			"from": [7.68964, 7.525, 4.5],
			"to": [8.38964, 8.225, 6.45],
			"rotation": {"angle": -45, "axis": "z", "origin": [7.96464, 7.9, 8.75]},
			"faces": {
				"north": {"uv": [2, 6.75, 2.1875, 6.9375], "texture": "#2"},
				"east": {"uv": [0, 5, 0.5, 5.1875], "texture": "#2"},
				"south": {"uv": [2.5, 6.75, 2.6875, 6.9375], "texture": "#2"},
				"west": {"uv": [5, 3.25, 5.5, 3.4375], "texture": "#2"},
				"up": {"uv": [4.1875, 5.25, 4, 4.75], "texture": "#2"},
				"down": {"uv": [0.9375, 5, 0.75, 5.5], "texture": "#2"}
			}
		},
		{
			"from": [7.61893, 7.525, 3.95],
			"to": [8.41893, 8.325, 4.5],
			"rotation": {"angle": -45, "axis": "z", "origin": [7.89393, 7.9, 8.8]},
			"faces": {
				"north": {"uv": [6.75, 2.5, 6.9375, 2.6875], "texture": "#2"},
				"east": {"uv": [7.5, 6, 7.625, 6.1875], "texture": "#2"},
				"south": {"uv": [3.75, 6.75, 3.9375, 6.9375], "texture": "#2"},
				"west": {"uv": [7.5, 6.5, 7.625, 6.6875], "texture": "#2"},
				"up": {"uv": [6.9375, 7.625, 6.75, 7.5], "texture": "#2"},
				"down": {"uv": [7.6875, 7, 7.5, 7.125], "texture": "#2"}
			}
		},
		{
			"from": [7.675, 7.525, 8.55],
			"to": [8.325, 8.175, 9.35],
			"rotation": {"angle": 0, "axis": "y", "origin": [6.425, 2.625, 5.95]},
			"faces": {
				"north": {"uv": [5, 6.75, 5.1875, 6.9375], "texture": "#2"},
				"east": {"uv": [5.5, 6.75, 5.6875, 6.9375], "texture": "#2"},
				"south": {"uv": [6, 6.75, 6.1875, 6.9375], "texture": "#2"},
				"west": {"uv": [6.5, 6.75, 6.6875, 6.9375], "texture": "#2"},
				"up": {"uv": [0.1875, 7.1875, 0, 7], "texture": "#2"},
				"down": {"uv": [7.1875, 0, 7, 0.1875], "texture": "#2"}
			}
		},
		{
			"from": [8.06694, 8.175, 9.05],
			"to": [8.41694, 8.525, 9.4],
			"rotation": {"angle": -45, "axis": "y", "origin": [8.44194, 8.425, 8.8]},
			"faces": {
				"north": {"uv": [3, 10, 3.0625, 10.0625], "texture": "#2"},
				"east": {"uv": [10, 4, 10.0625, 4.0625], "texture": "#2"},
				"south": {"uv": [10, 4.5, 10.0625, 4.5625], "texture": "#2"},
				"west": {"uv": [10, 5, 10.0625, 5.0625], "texture": "#2"},
				"up": {"uv": [5.5625, 10.0625, 5.5, 10], "texture": "#2"},
				"down": {"uv": [10.0625, 5.5, 10, 5.5625], "texture": "#2"}
			}
		},
		{
			"from": [8.04926, 8.625, 9.025],
			"to": [8.44926, 8.825, 9.425],
			"rotation": {"angle": -45, "axis": "y", "origin": [8.42426, 8.425, 8.8]},
			"faces": {
				"north": {"uv": [9.5, 4, 9.625, 4.0625], "texture": "#2"},
				"east": {"uv": [9.5, 4.5, 9.625, 4.5625], "texture": "#2"},
				"south": {"uv": [9.5, 5, 9.625, 5.0625], "texture": "#2"},
				"west": {"uv": [5.5, 9.5, 5.625, 9.5625], "texture": "#2"},
				"up": {"uv": [4.875, 8.875, 4.75, 8.75], "texture": "#2"},
				"down": {"uv": [5.375, 8.75, 5.25, 8.875], "texture": "#2"}
			}
		},
		{
			"from": [8.1023, 8.325, 9.1],
			"to": [8.4023, 8.65, 9.4],
			"rotation": {"angle": -45, "axis": "y", "origin": [8.4773, 8.375, 8.8]},
			"faces": {
				"north": {"uv": [6, 10, 6.0625, 10.0625], "texture": "#2"},
				"east": {"uv": [10, 6, 10.0625, 6.0625], "texture": "#2"},
				"south": {"uv": [6.5, 10, 6.5625, 10.0625], "texture": "#2"},
				"west": {"uv": [10, 6.5, 10.0625, 6.5625], "texture": "#2"},
				"up": {"uv": [7.0625, 10.0625, 7, 10], "texture": "#2"},
				"down": {"uv": [10.0625, 7, 10, 7.0625], "texture": "#2"}
			}
		},
		{
			"from": [7.55, 7.65, 8.75],
			"to": [8.45, 8.05, 9.15],
			"rotation": {"angle": -45, "axis": "x", "origin": [7.525, 7.85, 8.95]},
			"faces": {
				"north": {"uv": [5.75, 7.25, 6, 7.375], "texture": "#2"},
				"east": {"uv": [0, 9, 0.125, 9.125], "texture": "#2"},
				"south": {"uv": [6.25, 7.25, 6.5, 7.375], "texture": "#2"},
				"west": {"uv": [9, 0, 9.125, 0.125], "texture": "#2"},
				"up": {"uv": [0.25, 7.625, 0, 7.5], "texture": "#2"},
				"down": {"uv": [7.75, 0, 7.5, 0.125], "texture": "#2"}
			}
		},
		{
			"from": [7.7, 7.25, 9.95],
			"to": [8.3, 8.175, 10.35],
			"rotation": {"angle": 0, "axis": "y", "origin": [6.375, 2.625, 5.95]},
			"faces": {
				"north": {"uv": [5.5, 6.25, 5.6875, 6.5], "texture": "#2"},
				"east": {"uv": [7, 4.5, 7.125, 4.75], "texture": "#2"},
				"south": {"uv": [6, 6.25, 6.1875, 6.5], "texture": "#2"},
				"west": {"uv": [7, 5, 7.125, 5.25], "texture": "#2"},
				"up": {"uv": [3.1875, 7.625, 3, 7.5], "texture": "#2"},
				"down": {"uv": [7.6875, 3, 7.5, 3.125], "texture": "#2"}
			}
		},
		{
			"from": [7.7, 7.25, 7.75],
			"to": [8.3, 8.175, 8.15],
			"rotation": {"angle": 0, "axis": "y", "origin": [6.375, 2.625, 5.95]},
			"faces": {
				"north": {"uv": [6.5, 0, 6.6875, 0.25], "texture": "#2"},
				"east": {"uv": [7, 5.5, 7.125, 5.75], "texture": "#2"},
				"south": {"uv": [6.5, 1, 6.6875, 1.25], "texture": "#2"},
				"west": {"uv": [7, 6, 7.125, 6.25], "texture": "#2"},
				"up": {"uv": [7.6875, 3.625, 7.5, 3.5], "texture": "#2"},
				"down": {"uv": [4.1875, 7.5, 4, 7.625], "texture": "#2"}
			}
		},
		{
			"from": [7.7375, 7.225, 7.45],
			"to": [8.2625, 7.325, 8.35],
			"rotation": {"angle": 0, "axis": "y", "origin": [6.4375, 2.975, 5.95]},
			"faces": {
				"north": {"uv": [9.25, 3.5, 9.375, 3.5625], "texture": "#2"},
				"east": {"uv": [8.5, 7.5, 8.75, 7.5625], "texture": "#2"},
				"south": {"uv": [4, 9.25, 4.125, 9.3125], "texture": "#2"},
				"west": {"uv": [8, 8.5, 8.25, 8.5625], "texture": "#2"},
				"up": {"uv": [7.125, 6.75, 7, 6.5], "texture": "#2"},
				"down": {"uv": [7.125, 7, 7, 7.25], "texture": "#2"}
			}
		},
		{
			"from": [7.7375, 7.225, 9.55],
			"to": [8.2625, 7.325, 10.45],
			"rotation": {"angle": 0, "axis": "y", "origin": [6.4375, 2.975, 5.95]},
			"faces": {
				"north": {"uv": [4.5, 9.25, 4.625, 9.3125], "texture": "#2"},
				"east": {"uv": [8.5, 8, 8.75, 8.0625], "texture": "#2"},
				"south": {"uv": [5, 9.25, 5.125, 9.3125], "texture": "#2"},
				"west": {"uv": [8.5, 8.5, 8.75, 8.5625], "texture": "#2"},
				"up": {"uv": [2.125, 7.5, 2, 7.25], "texture": "#2"},
				"down": {"uv": [2.625, 7.25, 2.5, 7.5], "texture": "#2"}
			}
		}
	],
	"gui_light": "front",
	"display": {
		"thirdperson_righthand": {
			"rotation": [80, 0, 0],
			"translation": [0.25, -1, 1.25],
			"scale": [1.51, 1.51, 1.51]
		},
		"thirdperson_lefthand": {
			"rotation": [80, 0, 0],
			"translation": [0.25, -1, 1.25],
			"scale": [1.51, 1.51, 1.51]
		},
		"firstperson_righthand": {
			"rotation": [80, 0, 0],
			"translation": [-3.5, 5.75, 2.75],
			"scale": [1.51, 1.51, 1.51]
		},
		"firstperson_lefthand": {
			"rotation": [80, 0, 0],
			"translation": [-3.5, 5.75, 2.75],
			"scale": [1.51, 1.51, 1.51]
		},
		"ground": {
			"translation": [0, -2.5, 0],
			"scale": [1.64, 1.64, 1.64]
		},
		"gui": {
			"rotation": [23, -145.5, 1],
			"translation": [-0.25, 0.5, 0],
			"scale": [2.85, 2.85, 2.85]
		},
		"head": {
			"rotation": [91, 44, -86],
			"translation": [4.25, -9.5, 5],
			"scale": [0, 0, 0]
		},
		"fixed": {
			"rotation": [91, 44, -86],
			"translation": [0, 0.5, 0],
			"scale": [1.96, 1.96, 1.96]
		}
	},
	"groups": [
		{
			"name": "Scope",
			"origin": [8.09723, 11.475, 6.925],
			"color": 0,
			"children": [0, 1, 2, 3, 4, 5, 6, 7, 8, 9, 10]
		},
		{
			"name": "Mount",
			"origin": [8, 8, 8],
			"color": 0,
			"children": [11, 12, 13, 14]
		}
	]
}