{
	"credit": "Made with Blockbench",
	"textures": {
		"0": "fw:guns/02/vog25",
		"particle": "fw:guns/02/vog25"
	},
	"elements": [
		{
			"from": [6.53342, 0.67795, 6.53342],
			"to": [9.46658, 5.47138, 9.46658],
			"rotation": {"angle": 0, "axis": "y", "origin": [8, 22, 8]},
			"faces": {
				"north": {"uv": [0, 0, 1, 1.5], "texture": "#0"},
				"east": {"uv": [2, 0, 3, 1.5], "texture": "#0"},
				"south": {"uv": [0, 3, 1, 4.5], "texture": "#0"},
				"west": {"uv": [2, 3, 3, 4.5], "texture": "#0"},
				"up": {"uv": [5, 1, 4, 0], "texture": "#0"},
				"down": {"uv": [5, 2, 4, 3], "texture": "#0"}
			}
		},
		{
			"from": [6.58967, -1.41545, 6.58967],
			"to": [9.41033, 0.67795, 9.41033],
			"rotation": {"angle": 0, "axis": "y", "origin": [8, 22, 8]},
			"faces": {
				"north": {"uv": [8, 0, 9, 0.75], "texture": "#0"},
				"east": {"uv": [2, 8, 3, 8.75], "texture": "#0"},
				"south": {"uv": [8, 2, 9, 2.75], "texture": "#0"},
				"west": {"uv": [8, 4, 9, 4.75], "texture": "#0"},
				"up": {"uv": [5, 5, 4, 4], "texture": "#0"},
				"down": {"uv": [1, 6, 0, 7], "texture": "#0"}
			}
		},
		{
			"from": [7.15217, -3.50888, 7.15217],
			"to": [8.84783, -1.41545, 8.84783],
			"rotation": {"angle": 0, "axis": "y", "origin": [8, 22, 8]},
			"faces": {
				"north": {"uv": [8, 8, 8.5, 8.75], "texture": "#0"},
				"east": {"uv": [4, 9, 4.5, 9.75], "texture": "#0"},
				"south": {"uv": [10, 0, 10.5, 0.75], "texture": "#0"},
				"west": {"uv": [2, 10, 2.5, 10.75], "texture": "#0"},
				"up": {"uv": [10.5, 2.5, 10, 2], "texture": "#0"},
				"down": {"uv": [10.5, 4, 10, 4.5], "texture": "#0"}
			}
		},
		{
			"from": [6.53342, -2.02205, 6.53342],
			"to": [9.46658, -1.27862, 9.46658],
			"rotation": {"angle": 0, "axis": "y", "origin": [8, 22, 8]},
			"faces": {
				"north": {"uv": [6, 10, 7, 10.25], "texture": "#0"},
				"east": {"uv": [10, 6, 11, 6.25], "texture": "#0"},
				"south": {"uv": [8, 10, 9, 10.25], "texture": "#0"},
				"west": {"uv": [10, 8, 11, 8.25], "texture": "#0"},
				"up": {"uv": [7, 1, 6, 0], "texture": "#0"},
				"down": {"uv": [3, 6, 2, 7], "texture": "#0"}
			}
		},
		{
			"from": [6.75842, 2.70295, 6.75842],
			"to": [9.24158, 6.22138, 9.24158],
			"rotation": {"angle": 0, "axis": "y", "origin": [8, 22, 8]},
			"faces": {
				"north": {"uv": [6, 2, 6.75, 3.25], "texture": "#0"},
				"east": {"uv": [4, 6, 4.75, 7.25], "texture": "#0"},
				"south": {"uv": [6, 5, 6.75, 6.25], "texture": "#0"},
				"west": {"uv": [0, 8, 0.75, 9.25], "texture": "#0"},
				"up": {"uv": [6.75, 8.75, 6, 8], "texture": "#0"},
				"down": {"uv": [8.75, 6, 8, 6.75], "texture": "#0"}
			}
		}
	],
	"display": {
		"thirdperson_righthand": {
			"translation": [0.25, 2.25, 0.5],
			"scale": [0.25, 0.25, 0.25]
		},
		"thirdperson_lefthand": {
			"translation": [0.25, 2.25, 0.5],
			"scale": [0.25, 0.25, 0.25]
		},
		"firstperson_righthand": {
			"translation": [-2.25, 6.5, 2],
			"scale": [0.5, 0.5, 0.5]
		},
		"firstperson_lefthand": {
			"translation": [-2.25, 6.5, 2],
			"scale": [0.5, 0.5, 0.5]
		},
		"ground": {
			"translation": [0, 0.5, 0],
			"scale": [0.5, 0.5, 0.5]
		},
		"gui": {
			"rotation": [26, -141, 45],
			"translation": [4.5, 7.5, 0],
			"scale": [1.31, 1.31, 1.31]
		},
		"head": {
			"rotation": [90, 0, 180],
			"translation": [0, -47.5, -4.75]
		},
		"fixed": {
			"rotation": [0, -90, 0],
			"translation": [-0.25, 4.75, 0.5],
			"scale": [0.75, 0.75, 0.75]
		}
	},
	"groups": [
		{
			"name": "VOG-25",
			"origin": [8, 14.29541, 6],
			"color": 0,
			"children": [0, 1, 2, 3, 4]
		}
	]
}