{
	"credit": "Made with Blockbench",
	"texture_size": [32, 32],
	"textures": {
		"0": "fw:guns/13/50bmg",
		"particle": "fw:guns/13/50bmg"
	},
	"elements": [
		{
			"from": [6.875, 0, 6.875],
			"to": [9.125, 11.75, 9.125],
			"rotation": {"angle": 0, "axis": "y", "origin": [7.125, 0, 0.875]},
			"faces": {
				"north": {"uv": [6, 0, 7, 6], "texture": "#0"},
				"east": {"uv": [6, 6.5, 7, 12.5], "texture": "#0"},
				"south": {"uv": [7.5, 0, 8.5, 6], "texture": "#0"},
				"west": {"uv": [7.5, 6.5, 8.5, 12.5], "texture": "#0"},
				"up": {"uv": [10, 1, 9, 0], "texture": "#0"},
				"down": {"uv": [10, 1.5, 9, 2.5], "texture": "#0"}
			}
		},
		{
			"from": [6.875, -0.5, 6.875],
			"to": [9.125, -0.35, 9.125],
			"rotation": {"angle": 0, "axis": "y", "origin": [7.125, 0, 0.875]},
			"faces": {
				"north": {"uv": [10.5, 1.5, 11.5, 2], "texture": "#0"},
				"east": {"uv": [10.5, 2.5, 11.5, 3], "texture": "#0"},
				"south": {"uv": [10.5, 3.5, 11.5, 4], "texture": "#0"},
				"west": {"uv": [10.5, 4.5, 11.5, 5], "texture": "#0"},
				"up": {"uv": [10, 4, 9, 3], "texture": "#0"},
				"down": {"uv": [10, 4.5, 9, 5.5], "texture": "#0"}
			}
		},
		{
			"from": [7, -0.45, 7],
			"to": [9, 15, 9],
			"rotation": {"angle": 0, "axis": "y", "origin": [7, -1, 0.75]},
			"faces": {
				"north": {"uv": [0, 0, 1, 7.5], "texture": "#0"},
				"east": {"uv": [1.5, 0, 2.5, 7.5], "texture": "#0"},
				"south": {"uv": [3, 0, 4, 7.5], "texture": "#0"},
				"west": {"uv": [4.5, 0, 5.5, 7.5], "texture": "#0"},
				"up": {"uv": [10, 7, 9, 6], "texture": "#0"},
				"down": {"uv": [10, 7.5, 9, 8.5], "texture": "#0"}
			}
		},
		{
			"from": [7.1, 15, 7.1],
			"to": [8.9, 21.25, 8.9],
			"rotation": {"angle": 0, "axis": "y", "origin": [7, -1.95, 0.75]},
			"faces": {
				"north": {"uv": [0, 8, 1, 11], "texture": "#0"},
				"east": {"uv": [1.5, 8, 2.5, 11], "texture": "#0"},
				"south": {"uv": [3, 8, 4, 11], "texture": "#0"},
				"west": {"uv": [4.5, 8, 5.5, 11], "texture": "#0"},
				"up": {"uv": [10, 10, 9, 9], "texture": "#0"},
				"down": {"uv": [11.5, 0, 10.5, 1], "texture": "#0"}
			}
		}
	],
	"display": {
		"thirdperson_righthand": {
			"translation": [0.25, 2.25, 0.5],
			"scale": [0.25, 0.25, 0.25]
		},
		"thirdperson_lefthand": {
			"translation": [0.25, 2.25, 0.5],
			"scale": [0.25, 0.25, 0.25]
		},
		"firstperson_righthand": {
			"translation": [-2.25, 6.5, 2],
			"scale": [0.5, 0.5, 0.5]
		},
		"firstperson_lefthand": {
			"translation": [-2.25, 6.5, 2],
			"scale": [0.5, 0.5, 0.5]
		},
		"ground": {
			"translation": [0, 0.5, 0],
			"scale": [0.5, 0.5, 0.5]
		},
		"gui": {
			"rotation": [26, -141, 45],
			"translation": [-1, -1.25, 0],
			"scale": [0.77, 0.77, 0.77]
		},
		"head": {
			"translation": [0, 37.75, 0],
			"scale": [0, 0, 0]
		},
		"fixed": {
			"rotation": [0, -90, 0],
			"translation": [-0.25, -1.5, 0.5],
			"scale": [0.75, 0.75, 0.75]
		}
	},
	"groups": [
		{
			"name": ".50 BMG",
			"origin": [7.125, 0, 3.875],
			"color": 0,
			"children": [0, 1, 2, 3]
		}
	]
}