{
	"credit": "Made with Blockbench",
	"textures": {
		"9": "fw:guns/04/m24_bullet"
	},
	"elements": [
		{
			"from": [7.545, 4.683, 7.636],
			"to": [8.455, 7.413, 8.364],
			"rotation": {"angle": 0, "axis": "y", "origin": [15.28, 16.385, 52.48]},
			"faces": {
				"north": {"uv": [2, 6, 2.25, 6.75], "texture": "#9"},
				"east": {"uv": [6, 3, 6.25, 3.75], "texture": "#9"},
				"south": {"uv": [4, 6, 4.25, 6.75], "texture": "#9"},
				"west": {"uv": [6, 5, 6.25, 5.75], "texture": "#9"},
				"up": {"uv": [6.25, 7.25, 6, 7], "texture": "#9"},
				"down": {"uv": [8.25, 0, 8, 0.25], "texture": "#9"}
			}
		},
		{
			"from": [7.272, -3.325, 7.272],
			"to": [8.728, 3.591, 8.728],
			"rotation": {"angle": 0, "axis": "y", "origin": [15.28, 16.385, 52.48]},
			"faces": {
				"north": {"uv": [4, 0, 4.25, 1.75], "texture": "#9"},
				"east": {"uv": [4, 3, 4.25, 4.75], "texture": "#9"},
				"south": {"uv": [0, 6, 0.25, 7.75], "texture": "#9"},
				"west": {"uv": [6, 0, 6.25, 1.75], "texture": "#9"},
				"up": {"uv": [2.25, 8.25, 2, 8], "texture": "#9"},
				"down": {"uv": [8.25, 2, 8, 2.25], "texture": "#9"}
			}
		},
		{
			"from": [7.454, -3.507, 7.454],
			"to": [8.546, 4.683, 8.546],
			"rotation": {"angle": 0, "axis": "y", "origin": [15.28, 16.385, 52.48]},
			"faces": {
				"north": {"uv": [0, 0, 0.25, 2], "texture": "#9"},
				"east": {"uv": [2, 0, 2.25, 2], "texture": "#9"},
				"south": {"uv": [0, 3, 0.25, 5], "texture": "#9"},
				"west": {"uv": [2, 3, 2.25, 5], "texture": "#9"},
				"up": {"uv": [4.25, 8.25, 4, 8], "texture": "#9"},
				"down": {"uv": [8.25, 4, 8, 4.25], "texture": "#9"}
			}
		},
		{
			"from": [7.272, -3.689, 7.272],
			"to": [8.728, -3.507, 8.728],
			"rotation": {"angle": 0, "axis": "y", "origin": [15.28, 16.385, 52.48]},
			"faces": {
				"north": {"uv": [8, 6, 8.25, 6.25], "texture": "#9"},
				"east": {"uv": [8, 8, 8.25, 8.25], "texture": "#9"},
				"south": {"uv": [0, 9, 0.25, 9.25], "texture": "#9"},
				"west": {"uv": [6, 9, 6.25, 9.25], "texture": "#9"},
				"up": {"uv": [10.25, 0.25, 10, 0], "texture": "#9"},
				"down": {"uv": [2.25, 10, 2, 10.25], "texture": "#9"}
			}
		}
	],
	"display": {
		"thirdperson_righthand": {
			"translation": [0.25, 2.25, 0.5],
			"scale": [0.25, 0.25, 0.25]
		},
		"thirdperson_lefthand": {
			"translation": [0.25, 2.25, 0.5],
			"scale": [0.25, 0.25, 0.25]
		},
		"firstperson_righthand": {
			"translation": [-2.25, 6.5, 2],
			"scale": [0.5, 0.5, 0.5]
		},
		"firstperson_lefthand": {
			"translation": [-2.25, 6.5, 2],
			"scale": [0.5, 0.5, 0.5]
		},
		"ground": {
			"translation": [0, 0.5, 0],
			"scale": [0.5, 0.5, 0.5]
		},
		"gui": {
			"rotation": [26, -141, 45],
			"translation": [4.75, 8, 0],
			"scale": [1.53, 1.53, 1.53]
		},
		"head": {
			"translation": [0, 37.75, 0],
			"scale": [0, 0, 0]
		},
		"fixed": {
			"rotation": [0, -90, 0],
			"translation": [-0.25, 4.75, 0.5],
			"scale": [0.75, 0.75, 0.75]
		}
	},
	"groups": [
		{
			"name": "7.62x51mm",
			"origin": [8.475, 8, 10.02969],
			"color": 0,
			"children": [0, 1, 2, 3]
		}
	]
}