{
	"credit": "Made with Blockbench",
	"ambientocclusion": false,
	"texture_size": [64, 64],
	"textures": {
		"4": "fw:guns/02/groza_grenadier",
		"particle": "fw:player/steve"
	},
	"elements": [
		{
			"from": [7.53274, 9.21253, 11.69782],
			"to": [8.46724, 10.33393, 14.40787],
			"rotation": {"angle": 0, "axis": "y", "origin": [6.41134, 4.35313, 14.78167]},
			"faces": {
				"north": {"uv": [9, 5.25, 9.125, 5.375], "texture": "#4"},
				"east": {"uv": [6.5, 6.75, 6.875, 6.875], "texture": "#4"},
				"south": {"uv": [9, 5.75, 9.125, 5.875], "texture": "#4"},
				"west": {"uv": [0, 7, 0.375, 7.125], "texture": "#4"},
				"up": {"uv": [7.125, 0.375, 7, 0], "texture": "#4"},
				"down": {"uv": [7.125, 0.75, 7, 1.125], "texture": "#4"}
			}
		},
		{
			"from": [7.71964, 8.79201, 7.67947],
			"to": [8.28034, 9.02563, 10.85677],
			"rotation": {"angle": 0, "axis": "y", "origin": [6.41134, 4.35313, 14.78167]},
			"faces": {
				"north": {"uv": [9.75, 10.75, 9.8125, 10.8125], "texture": "#4"},
				"east": {"uv": [0.5, 8.5, 0.9375, 8.5625], "texture": "#4"},
				"south": {"uv": [10.25, 10.75, 10.3125, 10.8125], "texture": "#4"},
				"west": {"uv": [8.5, 0.5, 8.9375, 0.5625], "texture": "#4"},
				"up": {"uv": [8.5625, 1.4375, 8.5, 1], "texture": "#4"},
				"down": {"uv": [1.3125, 8.5, 1.25, 8.9375], "texture": "#4"}
			}
		},
		{
			"from": [7.71964, 9.3392, 10.71075],
			"to": [8.28034, 9.5261, 12.1125],
			"rotation": {"angle": -22.5, "axis": "x", "origin": [7.99999, 9.43265, 12.15923]},
			"faces": {
				"north": {"uv": [10.75, 10.75, 10.8125, 10.8125], "texture": "#4"},
				"east": {"uv": [9.5, 4.25, 9.6875, 4.3125], "texture": "#4"},
				"south": {"uv": [11, 1.5, 11.0625, 1.5625], "texture": "#4"},
				"west": {"uv": [4.75, 9.5, 4.9375, 9.5625], "texture": "#4"},
				"up": {"uv": [9.5625, 4.9375, 9.5, 4.75], "texture": "#4"},
				"down": {"uv": [9.5625, 5.25, 9.5, 5.4375], "texture": "#4"}
			}
		},
		{
			"from": [7.85982, 9.14644, 10.45069],
			"to": [8.04672, 10.26784, 10.63759],
			"rotation": {"angle": 0, "axis": "x", "origin": [8.14017, 10.03422, 11.03364]},
			"faces": {
				"north": {"uv": [10.5, 5.5, 10.5625, 5.625], "texture": "#4"},
				"east": {"uv": [6.25, 10.5, 6.3125, 10.625], "texture": "#4"},
				"south": {"uv": [10.5, 7, 10.5625, 7.125], "texture": "#4"},
				"west": {"uv": [7.25, 10.5, 7.3125, 10.625], "texture": "#4"},
				"up": {"uv": [11.0625, 2.0625, 11, 2], "texture": "#4"},
				"down": {"uv": [2.5625, 11, 2.5, 11.0625], "texture": "#4"}
			}
		},
		{
			"from": [8.02336, 9.56697, 10.45069],
			"to": [8.02336, 9.84732, 10.87121],
			"rotation": {"angle": 0, "axis": "x", "origin": [7.97663, 9.70714, 10.94019]},
			"faces": {
				"north": {"uv": [3.5, 2, 3.5, 2.0625], "texture": "#4"},
				"east": {"uv": [3, 11, 3.0625, 11.0625], "texture": "#4"},
				"south": {"uv": [3, 3.75, 3, 3.8125], "texture": "#4"},
				"west": {"uv": [11, 3.5, 11.0625, 3.5625], "texture": "#4"},
				"up": {"uv": [2, 4.0625, 2, 4], "texture": "#4"},
				"down": {"uv": [5, 5.5, 5, 5.5625], "texture": "#4"}
			}
		},
		{
			"from": [8.04672, 9.61369, 10.82449],
			"to": [8.04672, 9.80059, 11.87469],
			"rotation": {"angle": 0, "axis": "x", "origin": [7.95327, 9.70714, 10.94019]},
			"faces": {
				"north": {"uv": [0.75, 7, 0.75, 7.0625], "texture": "#4"},
				"east": {"uv": [9.5, 5.75, 9.6875, 5.8125], "texture": "#4"},
				"south": {"uv": [7, 3.25, 7, 3.3125], "texture": "#4"},
				"west": {"uv": [6.5, 9.5, 6.6875, 9.5625], "texture": "#4"},
				"up": {"uv": [0.75, 7.6875, 0.75, 7.5], "texture": "#4"},
				"down": {"uv": [1.5, 9.25, 1.5, 9.4375], "texture": "#4"}
			}
		},
		{
			"from": [7.71964, 9.02563, 7.67947],
			"to": [8.28034, 10.70773, 9.36157],
			"rotation": {"angle": 0, "axis": "y", "origin": [6.41134, 4.16623, 14.78167]},
			"faces": {
				"north": {"uv": [6.5, 9, 6.5625, 9.25], "texture": "#4"},
				"east": {"uv": [6.25, 5.75, 6.5, 6], "texture": "#4"},
				"south": {"uv": [9, 7.75, 9.0625, 8], "texture": "#4"},
				"west": {"uv": [6.25, 6.25, 6.5, 6.5], "texture": "#4"},
				"up": {"uv": [9.3125, 0.75, 9.25, 0.5], "texture": "#4"},
				"down": {"uv": [1.0625, 9.25, 1, 9.5], "texture": "#4"}
			}
		},
		{
			"from": [7.53462, 5.10313, 12.37182],
			"to": [8.46538, 9.77189, 14.51743],
			"rotation": {"angle": -22.5, "axis": "x", "origin": [8.1869, 9.21306, 13.16427]},
			"faces": {
				"north": {"uv": [6, 2.75, 6.125, 3.375], "texture": "#4"},
				"east": {"uv": [2.75, 0, 3.0625, 0.625], "texture": "#4"},
				"south": {"uv": [3, 6, 3.125, 6.625], "texture": "#4"},
				"west": {"uv": [0, 3, 0.3125, 3.625], "texture": "#4"},
				"up": {"uv": [7.375, 6.5625, 7.25, 6.25], "texture": "#4"},
				"down": {"uv": [6.625, 7.25, 6.5, 7.5625], "texture": "#4"}
			}
		},
		{
			"from": [7.53462, 5.05457, 11.65671],
			"to": [8.46538, 5.61153, 12.30712],
			"rotation": {"angle": -22.5, "axis": "x", "origin": [8.1869, 9.3514, 13.00987]},
			"faces": {
				"north": {"uv": [10.5, 7.5, 10.625, 7.5625], "texture": "#4"},
				"east": {"uv": [4, 11, 4.0625, 11.0625], "texture": "#4"},
				"south": {"uv": [7.75, 10.5, 7.875, 10.5625], "texture": "#4"},
				"west": {"uv": [11, 4, 11.0625, 4.0625], "texture": "#4"},
				"up": {"uv": [10.625, 9.3125, 10.5, 9.25], "texture": "#4"},
				"down": {"uv": [10.625, 9.75, 10.5, 9.8125], "texture": "#4"}
			}
		},
		{
			"from": [7.34584, 10.14703, 1.89725],
			"to": [8.65415, 11.36188, 6.05578],
			"rotation": {"angle": 0, "axis": "y", "origin": [4.68252, 2.67103, 14.74663]},
			"faces": {
				"north": {"uv": [7.5, 7.75, 7.6875, 7.9375], "texture": "#4"},
				"east": {"uv": [5, 1.25, 5.5625, 1.4375], "texture": "#4"},
				"south": {"uv": [0, 8, 0.1875, 8.1875], "texture": "#4"},
				"west": {"uv": [2, 5, 2.5625, 5.1875], "texture": "#4"},
				"up": {"uv": [3.1875, 5.5625, 3, 5], "texture": "#4"},
				"down": {"uv": [3.6875, 5, 3.5, 5.5625], "texture": "#4"}
			}
		},
		{
			"from": [7.29725, 10.14516, 5.68011],
			"to": [8.70274, 11.36375, 6.05765],
			"rotation": {"angle": 0, "axis": "y", "origin": [4.68252, 2.67103, 14.74663]},
			"faces": {
				"north": {"uv": [8, 0, 8.1875, 0.1875], "texture": "#4"},
				"east": {"uv": [10, 7.75, 10.0625, 7.9375], "texture": "#4"},
				"south": {"uv": [0.5, 8, 0.6875, 8.1875], "texture": "#4"},
				"west": {"uv": [8, 10, 8.0625, 10.1875], "texture": "#4"},
				"up": {"uv": [10.1875, 9.3125, 10, 9.25], "texture": "#4"},
				"down": {"uv": [10.1875, 9.75, 10, 9.8125], "texture": "#4"}
			}
		},
		{
			"from": [7.29725, 10.14516, 1.70848],
			"to": [8.70274, 11.36375, 2.08602],
			"rotation": {"angle": 0, "axis": "y", "origin": [4.68252, 2.67103, 14.18593]},
			"faces": {
				"north": {"uv": [8, 0.5, 8.1875, 0.6875], "texture": "#4"},
				"east": {"uv": [0, 10.25, 0.0625, 10.4375], "texture": "#4"},
				"south": {"uv": [1, 8, 1.1875, 8.1875], "texture": "#4"},
				"west": {"uv": [10.25, 0, 10.3125, 0.1875], "texture": "#4"},
				"up": {"uv": [0.6875, 10.3125, 0.5, 10.25], "texture": "#4"},
				"down": {"uv": [10.4375, 0.5, 10.25, 0.5625], "texture": "#4"}
			}
		},
		{
			"from": [7.0178, 8.65183, 1.85053],
			"to": [8.46628, 10.10031, 7.55098],
			"rotation": {"angle": 45, "axis": "z", "origin": [7.43832, 9.86668, 4.88765]},
			"faces": {
				"north": {"uv": [8, 1, 8.1875, 1.1875], "texture": "#4"},
				"east": {"uv": [4, 1.25, 4.75, 1.4375], "texture": "#4"},
				"south": {"uv": [1.5, 8, 1.6875, 8.1875], "texture": "#4"},
				"west": {"uv": [4.25, 3.75, 5, 3.9375], "texture": "#4"},
				"up": {"uv": [4.4375, 5, 4.25, 4.25], "texture": "#4"},
				"down": {"uv": [4.6875, 0, 4.5, 0.75], "texture": "#4"}
			}
		},
		{
			"from": [7.2347, 9.01029, 6.99028],
			"to": [8.82335, 10.59894, 7.36408],
			"rotation": {"angle": 45, "axis": "z", "origin": [8.09911, 9.73452, 4.88765]},
			"faces": {
				"north": {"uv": [2.5, 8, 2.6875, 8.1875], "texture": "#4"},
				"east": {"uv": [1, 10.25, 1.0625, 10.4375], "texture": "#4"},
				"south": {"uv": [8, 4.25, 8.1875, 4.4375], "texture": "#4"},
				"west": {"uv": [10.25, 1, 10.3125, 1.1875], "texture": "#4"},
				"up": {"uv": [1.6875, 10.3125, 1.5, 10.25], "texture": "#4"},
				"down": {"uv": [2.1875, 10.25, 2, 10.3125], "texture": "#4"}
			}
		},
		{
			"from": [7.20567, 8.9402, 5.68198],
			"to": [8.79432, 10.52885, 6.05578],
			"rotation": {"angle": 45, "axis": "z", "origin": [7.99999, 9.73452, 5.86888]},
			"faces": {
				"north": {"uv": [8, 4.75, 8.1875, 4.9375], "texture": "#4"},
				"east": {"uv": [10.25, 2.5, 10.3125, 2.6875], "texture": "#4"},
				"south": {"uv": [8, 5.25, 8.1875, 5.4375], "texture": "#4"},
				"west": {"uv": [10.25, 3, 10.3125, 3.1875], "texture": "#4"},
				"up": {"uv": [3.6875, 10.3125, 3.5, 10.25], "texture": "#4"},
				"down": {"uv": [5.4375, 10.25, 5.25, 10.3125], "texture": "#4"}
			}
		},
		{
			"from": [7.20567, 8.9402, 4.74748],
			"to": [8.79432, 10.52885, 5.12128],
			"rotation": {"angle": 45, "axis": "z", "origin": [7.99999, 9.73452, 5.86888]},
			"faces": {
				"north": {"uv": [8, 5.75, 8.1875, 5.9375], "texture": "#4"},
				"east": {"uv": [5.75, 10.25, 5.8125, 10.4375], "texture": "#4"},
				"south": {"uv": [6.5, 8, 6.6875, 8.1875], "texture": "#4"},
				"west": {"uv": [10.25, 6, 10.3125, 6.1875], "texture": "#4"},
				"up": {"uv": [10.4375, 6.5625, 10.25, 6.5], "texture": "#4"},
				"down": {"uv": [6.9375, 10.25, 6.75, 10.3125], "texture": "#4"}
			}
		},
		{
			"from": [7.20567, 8.9402, 1.71035],
			"to": [8.79432, 10.52885, 2.08415],
			"rotation": {"angle": 45, "axis": "z", "origin": [7.99999, 9.73452, 5.30818]},
			"faces": {
				"north": {"uv": [8, 7.75, 8.1875, 7.9375], "texture": "#4"},
				"east": {"uv": [10.25, 8.25, 10.3125, 8.4375], "texture": "#4"},
				"south": {"uv": [3.5, 8.25, 3.6875, 8.4375], "texture": "#4"},
				"west": {"uv": [8.5, 10.25, 8.5625, 10.4375], "texture": "#4"},
				"up": {"uv": [10.4375, 8.8125, 10.25, 8.75], "texture": "#4"},
				"down": {"uv": [9.1875, 10.25, 9, 10.3125], "texture": "#4"}
			}
		},
		{
			"from": [7.04518, 8.65183, 7.55098],
			"to": [8.40019, 10.00686, 7.69115],
			"rotation": {"angle": 45, "axis": "z", "origin": [7.37225, 9.86668, 4.88765]},
			"faces": {
				"north": {"uv": [4, 8.25, 4.1875, 8.4375], "texture": "#4"},
				"east": {"uv": [9.5, 10.25, 9.5625, 10.4375], "texture": "#4"},
				"south": {"uv": [5.5, 8.25, 5.6875, 8.4375], "texture": "#4"},
				"west": {"uv": [10, 10.25, 10.0625, 10.4375], "texture": "#4"},
				"up": {"uv": [10.6875, 1.5625, 10.5, 1.5], "texture": "#4"},
				"down": {"uv": [10.6875, 2, 10.5, 2.0625], "texture": "#4"}
			}
		}
	],
	"display": {
		"thirdperson_righthand": {
			"translation": [0.25, -1, -2],
			"scale": [0.72, 0.72, 0.72]
		},
		"thirdperson_lefthand": {
			"translation": [0.25, -1, -2],
			"scale": [0.72, 0.72, 0.72]
		},
		"firstperson_righthand": {
			"rotation": [38, 9.5, 13.5],
			"translation": [-4.35, 4, -0.5]
		},
		"firstperson_lefthand": {
			"rotation": [38, 9.5, 13.5],
			"translation": [-4.35, 4, -0.5]
		},
		"ground": {
			"rotation": [0, 0, 90],
			"translation": [0, -2.5, 0]
		},
		"gui": {
			"rotation": [26, -141, 1],
			"translation": [0.25, -1.25, 0],
			"scale": [1.33, 1.33, 1.33]
		},
		"head": {
			"rotation": [-90.94, 32.27, 87.32],
			"translation": [-1.75, -14.75, 3.75],
			"scale": [0, 0, 0]
		},
		"fixed": {
			"rotation": [91, 44, -86],
			"translation": [-1.5, 1, 0.25],
			"scale": [1.22, 1.22, 1.22]
		}
	},
	"groups": [
		{
			"name": "Grip",
			"origin": [8.125, 8, 6.31875],
			"color": 0,
			"children": [0, 1, 2, 3, 4, 5, 6, 7, 8]
		},
		{
			"name": "Grenade Launcher",
			"origin": [8.13717, 12.95602, 15.9503],
			"color": 0,
			"children": [9, 10, 11, 12, 13, 14, 15, 16, 17]
		}
	]
}