{
	"credit": "Made with Blockbench",
	"ambientocclusion": false,
	"texture_size": [64, 64],
	"textures": {
		"4": "fw:guns/02/groza_grenadier",
		"particle": "fw:player/steve"
	},
	"elements": [
		{
			"from": [7.29912, 8.17685, 7.59352],
			"to": [8.70088, 11.54105, 9.36907],
			"rotation": {"angle": 0, "axis": "y", "origin": [6.27118, 5.56025, 3.10792]},
			"faces": {
				"north": {"uv": [5.75, 4.25, 5.9375, 4.6875], "texture": "#4"},
				"east": {"uv": [1, 5, 1.25, 5.4375], "texture": "#4"},
				"south": {"uv": [5.75, 5, 5.9375, 5.4375], "texture": "#4"},
				"west": {"uv": [1.5, 5, 1.75, 5.4375], "texture": "#4"},
				"up": {"uv": [4.6875, 7, 4.5, 6.75], "texture": "#4"},
				"down": {"uv": [5.1875, 6.75, 5, 7], "texture": "#4"}
			}
		},
		{
			"from": [7.31782, 3.23532, 7.25757],
			"to": [8.68218, 8.80494, 8.99574],
			"rotation": {"angle": 22.5, "axis": "x", "origin": [7.99999, 7.60878, 8.12665]},
			"faces": {
				"north": {"uv": [1, 4, 1.1875, 4.75], "texture": "#4"},
				"east": {"uv": [0.75, 3, 1, 3.75], "texture": "#4"},
				"south": {"uv": [1.5, 4, 1.6875, 4.75], "texture": "#4"},
				"west": {"uv": [3, 1, 3.25, 1.75], "texture": "#4"},
				"up": {"uv": [6.1875, 7, 6, 6.75], "texture": "#4"},
				"down": {"uv": [6.9375, 6.25, 6.75, 6.5], "texture": "#4"}
			}
		},
		{
			"from": [7.41126, 3.23532, 6.69687],
			"to": [8.58874, 8.80494, 9.55644],
			"rotation": {"angle": 22.5, "axis": "x", "origin": [7.99999, 7.60878, 8.12665]},
			"faces": {
				"north": {"uv": [3.75, 4, 3.9375, 4.75], "texture": "#4"},
				"east": {"uv": [2, 0, 2.375, 0.75], "texture": "#4"},
				"south": {"uv": [4.25, 2.75, 4.4375, 3.5], "texture": "#4"},
				"west": {"uv": [2.25, 1, 2.625, 1.75], "texture": "#4"},
				"up": {"uv": [3.6875, 6.375, 3.5, 6], "texture": "#4"},
				"down": {"uv": [0.1875, 6.25, 0, 6.625], "texture": "#4"}
			}
		},
		{
			"from": [7.39257, 8.17685, 7.03282],
			"to": [8.60742, 11.54105, 9.92977],
			"rotation": {"angle": 0, "axis": "y", "origin": [6.27118, 5.56025, 3.10792]},
			"faces": {
				"north": {"uv": [5.75, 5.75, 5.9375, 6.1875], "texture": "#4"},
				"east": {"uv": [3.75, 2, 4.125, 2.4375], "texture": "#4"},
				"south": {"uv": [6, 0, 6.1875, 0.4375], "texture": "#4"},
				"west": {"uv": [2.25, 3.75, 2.625, 4.1875], "texture": "#4"},
				"up": {"uv": [0.6875, 6.625, 0.5, 6.25], "texture": "#4"},
				"down": {"uv": [2.1875, 6.25, 2, 6.625], "texture": "#4"}
			}
		}
	],
	"display": {
		"thirdperson_righthand": {
			"translation": [0.25, 0.5, 0.75],
			"scale": [0.72, 0.72, 0.72]
		},
		"thirdperson_lefthand": {
			"translation": [0.25, 0.5, 0.75],
			"scale": [0.72, 0.72, 0.72]
		},
		"firstperson_righthand": {
			"rotation": [22, 13, -25.5],
			"translation": [-5.1, 4.75, 3.5]
		},
		"firstperson_lefthand": {
			"rotation": [22, 13, -25.5],
			"translation": [-5.1, 4.75, 3.5]
		},
		"ground": {
			"rotation": [0, 0, 90],
			"translation": [0, -3.25, 0]
		},
		"gui": {
			"rotation": [26, -65, 48],
			"translation": [-0.5, 1.25, 0],
			"scale": [1.65, 1.65, 1.65]
		},
		"head": {
			"rotation": [-90.94, 32.27, 87.32],
			"translation": [-1.75, -14.75, 3.75],
			"scale": [0, 0, 0]
		},
		"fixed": {
			"rotation": [91, 44, -86],
			"translation": [0.75, -0.5, 0],
			"scale": [1.22, 1.22, 1.22]
		}
	},
	"groups": [
		{
			"name": "Magazine",
			"origin": [8.16949, 14.16314, 2.5953],
			"color": 0,
			"children": [0, 1, 2, 3]
		}
	]
}