{
	"credit": "Made with Blockbench",
	"ambientocclusion": false,
	"texture_size": [64, 64],
	"textures": {
		"4": "fw:guns/02/groza_grenadier",
		"particle": "fw:player/steve"
	},
	"elements": [
		{
			"from": [7.43931, 5.1965, 3.93493],
			"to": [8.65415, 8.7476, 4.68253],
			"rotation": {"angle": 0, "axis": "y", "origin": [6.27118, -5.41008, 5.5703]},
			"faces": {
				"north": {"uv": [2.5, 5.5, 2.6875, 6], "texture": "#4"},
				"east": {"uv": [6.5, 0, 6.625, 0.5], "texture": "#4"},
				"south": {"uv": [4.5, 5.5, 4.6875, 6], "texture": "#4"},
				"west": {"uv": [6.5, 0.75, 6.625, 1.25], "texture": "#4"},
				"up": {"uv": [8.6875, 5.375, 8.5, 5.25], "texture": "#4"},
				"down": {"uv": [8.6875, 5.75, 8.5, 5.875], "texture": "#4"}
			}
		},
		{
			"from": [7.43931, 8.7476, 3.93493],
			"to": [7.62621, 9.3083, 4.68253],
			"rotation": {"angle": 0, "axis": "y", "origin": [6.27118, -5.59698, 5.5703]},
			"faces": {
				"north": {"uv": [0.5, 11.25, 0.5625, 11.3125], "texture": "#4"},
				"east": {"uv": [10.75, 0.5, 10.875, 0.5625], "texture": "#4"},
				"south": {"uv": [11.25, 0.5, 11.3125, 0.5625], "texture": "#4"},
				"west": {"uv": [1, 10.75, 1.125, 10.8125], "texture": "#4"},
				"up": {"uv": [10.8125, 1.125, 10.75, 1], "texture": "#4"},
				"down": {"uv": [1.5625, 10.75, 1.5, 10.875], "texture": "#4"}
			}
		},
		{
			"from": [8.00001, 8.7476, 3.93493],
			"to": [8.09346, 8.9345, 4.30873],
			"rotation": {"angle": 0, "axis": "y", "origin": [6.36463, -5.59698, 5.5703]},
			"faces": {
				"north": {"uv": [1, 11.25, 1.0625, 11.3125], "texture": "#4"},
				"east": {"uv": [11.25, 1, 11.3125, 1.0625], "texture": "#4"},
				"south": {"uv": [1.5, 11.25, 1.5625, 11.3125], "texture": "#4"},
				"west": {"uv": [2, 11.25, 2.0625, 11.3125], "texture": "#4"},
				"up": {"uv": [11.3125, 2.5625, 11.25, 2.5], "texture": "#4"},
				"down": {"uv": [11.3125, 3, 11.25, 3.0625], "texture": "#4"}
			}
		},
		{
			"from": [8.46726, 8.7476, 3.93493],
			"to": [8.65415, 9.3083, 4.68253],
			"rotation": {"angle": 0, "axis": "y", "origin": [6.27118, -5.59698, 5.5703]},
			"faces": {
				"north": {"uv": [3.5, 11.25, 3.5625, 11.3125], "texture": "#4"},
				"east": {"uv": [2, 10.75, 2.125, 10.8125], "texture": "#4"},
				"south": {"uv": [5, 11.25, 5.0625, 11.3125], "texture": "#4"},
				"west": {"uv": [10.75, 2.5, 10.875, 2.5625], "texture": "#4"},
				"up": {"uv": [10.8125, 3.125, 10.75, 3], "texture": "#4"},
				"down": {"uv": [3.5625, 10.75, 3.5, 10.875], "texture": "#4"}
			}
		},
		{
			"from": [7.43931, 8.1869, 4.68253],
			"to": [8.65415, 8.7476, 11.03713],
			"rotation": {"angle": 0, "axis": "y", "origin": [8.04673, 8.46725, 7.85983]},
			"faces": {
				"north": {"uv": [9.75, 6.25, 9.9375, 6.3125], "texture": "#4"},
				"east": {"uv": [6.75, 5.25, 7.625, 5.3125], "texture": "#4"},
				"south": {"uv": [9.75, 6.75, 9.9375, 6.8125], "texture": "#4"},
				"west": {"uv": [6.75, 5.75, 7.625, 5.8125], "texture": "#4"},
				"up": {"uv": [4.1875, 0.875, 4, 0], "texture": "#4"},
				"down": {"uv": [0.6875, 4, 0.5, 4.875], "texture": "#4"}
			}
		},
		{
			"from": [7.43931, 6.6917, 11.03713],
			"to": [8.65415, 8.7476, 11.78472],
			"rotation": {"angle": 0, "axis": "y", "origin": [6.27118, -5.41008, 5.5703]},
			"faces": {
				"north": {"uv": [7, 1.5, 7.1875, 1.75], "texture": "#4"},
				"east": {"uv": [7, 8.25, 7.125, 8.5], "texture": "#4"},
				"south": {"uv": [2, 7, 2.1875, 7.25], "texture": "#4"},
				"west": {"uv": [8.25, 7.25, 8.375, 7.5], "texture": "#4"},
				"up": {"uv": [6.6875, 8.625, 6.5, 8.5], "texture": "#4"},
				"down": {"uv": [8.6875, 7.75, 8.5, 7.875], "texture": "#4"}
			}
		},
		{
			"from": [7.57948, 8.1869, 11.78472],
			"to": [8.51397, 9.1214, 11.97163],
			"rotation": {"angle": -45, "axis": "z", "origin": [8.04673, 8.65415, 11.87817]},
			"faces": {
				"north": {"uv": [9.25, 6.75, 9.375, 6.875], "texture": "#4"},
				"east": {"uv": [5, 10.75, 5.0625, 10.875], "texture": "#4"},
				"south": {"uv": [7, 9.25, 7.125, 9.375], "texture": "#4"},
				"west": {"uv": [5.5, 10.75, 5.5625, 10.875], "texture": "#4"},
				"up": {"uv": [10.875, 6.0625, 10.75, 6], "texture": "#4"},
				"down": {"uv": [10.875, 6.5, 10.75, 6.5625], "texture": "#4"}
			}
		},
		{
			"from": [8.46726, 8.7476, 8.98123],
			"to": [8.65415, 9.3083, 11.78472],
			"rotation": {"angle": 0, "axis": "y", "origin": [6.27118, -5.41008, 5.5703]},
			"faces": {
				"north": {"uv": [5.5, 11.25, 5.5625, 11.3125], "texture": "#4"},
				"east": {"uv": [8.5, 8.25, 8.875, 8.3125], "texture": "#4"},
				"south": {"uv": [11.25, 6, 11.3125, 6.0625], "texture": "#4"},
				"west": {"uv": [8.75, 1.75, 9.125, 1.8125], "texture": "#4"},
				"up": {"uv": [8.8125, 3.375, 8.75, 3], "texture": "#4"},
				"down": {"uv": [3.3125, 8.75, 3.25, 9.125], "texture": "#4"}
			}
		},
		{
			"from": [7.43931, 8.7476, 8.98123],
			"to": [7.62621, 9.3083, 11.78472],
			"rotation": {"angle": 0, "axis": "y", "origin": [6.27118, -5.41008, 5.5703]},
			"faces": {
				"north": {"uv": [6.5, 11.25, 6.5625, 11.3125], "texture": "#4"},
				"east": {"uv": [3.75, 8.75, 4.125, 8.8125], "texture": "#4"},
				"south": {"uv": [11.25, 6.5, 11.3125, 6.5625], "texture": "#4"},
				"west": {"uv": [8.75, 3.75, 9.125, 3.8125], "texture": "#4"},
				"up": {"uv": [4.5625, 9.125, 4.5, 8.75], "texture": "#4"},
				"down": {"uv": [5.0625, 8.75, 5, 9.125], "texture": "#4"}
			}
		},
		{
			"from": [7.20568, 8.79432, 10.47642],
			"to": [7.57948, 9.35502, 11.03713],
			"rotation": {"angle": 45, "axis": "x", "origin": [7.34586, 9.02795, 10.38298]},
			"faces": {
				"north": {"uv": [11.25, 8, 11.3125, 8.0625], "texture": "#4"},
				"east": {"uv": [8.25, 11.25, 8.3125, 11.3125], "texture": "#4"},
				"south": {"uv": [11.25, 8.5, 11.3125, 8.5625], "texture": "#4"},
				"west": {"uv": [8.75, 11.25, 8.8125, 11.3125], "texture": "#4"},
				"up": {"uv": [9.3125, 11.3125, 9.25, 11.25], "texture": "#4"},
				"down": {"uv": [9.8125, 11.25, 9.75, 11.3125], "texture": "#4"}
			}
		},
		{
			"from": [8.51397, 8.98122, 10.47642],
			"to": [8.70088, 9.35502, 10.85023],
			"rotation": {"angle": 45, "axis": "x", "origin": [7.34586, 9.02795, 10.38298]},
			"faces": {
				"north": {"uv": [10.25, 11.25, 10.3125, 11.3125], "texture": "#4"},
				"east": {"uv": [11.25, 10.5, 11.3125, 10.5625], "texture": "#4"},
				"south": {"uv": [10.75, 11.25, 10.8125, 11.3125], "texture": "#4"},
				"west": {"uv": [11.25, 11, 11.3125, 11.0625], "texture": "#4"},
				"up": {"uv": [11.5625, 1.5625, 11.5, 1.5], "texture": "#4"},
				"down": {"uv": [11.5625, 2, 11.5, 2.0625], "texture": "#4"}
			}
		},
		{
			"from": [7.44118, 8.23438, 7.70189],
			"to": [7.62434, 8.79134, 9.19335],
			"rotation": {"angle": -22.5, "axis": "x", "origin": [8.04673, 8.51286, 7.79347]},
			"faces": {
				"north": {"uv": [2.5, 11.5, 2.5625, 11.5625], "texture": "#4"},
				"east": {"uv": [7, 9.75, 7.1875, 9.8125], "texture": "#4"},
				"south": {"uv": [3, 11.5, 3.0625, 11.5625], "texture": "#4"},
				"west": {"uv": [9.75, 8.25, 9.9375, 8.3125], "texture": "#4"},
				"up": {"uv": [8.5625, 9.9375, 8.5, 9.75], "texture": "#4"},
				"down": {"uv": [9.8125, 8.75, 9.75, 8.9375], "texture": "#4"}
			}
		},
		{
			"from": [8.46913, 8.23438, 7.70189],
			"to": [8.65228, 8.79134, 9.19335],
			"rotation": {"angle": -22.5, "axis": "x", "origin": [8.04673, 8.51286, 7.79347]},
			"faces": {
				"north": {"uv": [11.5, 3.5, 11.5625, 3.5625], "texture": "#4"},
				"east": {"uv": [9, 9.75, 9.1875, 9.8125], "texture": "#4"},
				"south": {"uv": [4, 11.5, 4.0625, 11.5625], "texture": "#4"},
				"west": {"uv": [9.5, 9.75, 9.6875, 9.8125], "texture": "#4"},
				"up": {"uv": [10.0625, 1.6875, 10, 1.5], "texture": "#4"},
				"down": {"uv": [10.0625, 2, 10, 2.1875], "texture": "#4"}
			}
		}
	],
	"display": {
		"thirdperson_righthand": {
			"translation": [0.25, 0, 0],
			"scale": [0.72, 0.72, 0.72]
		},
		"thirdperson_lefthand": {
			"translation": [0.25, 0, 0],
			"scale": [0.72, 0.72, 0.72]
		},
		"firstperson_righthand": {
			"rotation": [17, -0.5, 23.5],
			"translation": [-5.85, 6, 3.5]
		},
		"firstperson_lefthand": {
			"rotation": [17, -0.5, 23.5],
			"translation": [-5.85, 6, 3.5]
		},
		"ground": {
			"rotation": [0, 0, 90],
			"translation": [-1.5, -3, 0]
		},
		"gui": {
			"rotation": [26, -141, 1],
			"translation": [-0.25, 1.75, 0],
			"scale": [1.81, 1.81, 1.81]
		},
		"head": {
			"rotation": [-90.94, 32.27, 87.32],
			"translation": [-1.75, -14.75, 3.75],
			"scale": [0, 0, 0]
		},
		"fixed": {
			"rotation": [91, 44, -86],
			"translation": [0.75, -0.25, 0],
			"scale": [1.22, 1.22, 1.22]
		}
	},
	"groups": [
		{
			"name": "Mount",
			"origin": [8.21622, 6.37011, 9.68345],
			"color": 0,
			"children": [0, 1, 2, 3, 4, 5, 6, 7, 8, 9, 10, 11, 12]
		}
	]
}