[
    {"function": "minecraft:set_nbt","tag": "{CustomModelData:3301}","conditions": [{"condition": "minecraft:entity_scores","entity": "this","scores": { "fwg.reload" : 85}}]},
    {"function": "minecraft:set_nbt","tag": "{CustomModelData:3302}","conditions": [{"condition": "minecraft:entity_scores","entity": "this","scores": { "fwg.reload" : 84}}]},
    {"function": "minecraft:set_nbt","tag": "{CustomModelData:3303}","conditions": [{"condition": "minecraft:entity_scores","entity": "this","scores": { "fwg.reload" : 83}}]},

    {"function": "minecraft:set_nbt","tag": "{CustomModelData:3304}","conditions": [{"condition": "minecraft:entity_scores","entity": "this","scores": { "fwg.reload" : 81}}]},
    {"function": "minecraft:set_nbt","tag": "{CustomModelData:3305}","conditions": [{"condition": "minecraft:entity_scores","entity": "this","scores": { "fwg.reload" : 80}}]},
    {"function": "minecraft:set_nbt","tag": "{CustomModelData:3306}","conditions": [{"condition": "minecraft:entity_scores","entity": "this","scores": { "fwg.reload" : 79}}]},
    {"function": "minecraft:set_nbt","tag": "{CustomModelData:3307}","conditions": [{"condition": "minecraft:entity_scores","entity": "this","scores": { "fwg.reload" : 78}}]},
    {"function": "minecraft:set_nbt","tag": "{CustomModelData:3308}","conditions": [{"condition": "minecraft:entity_scores","entity": "this","scores": { "fwg.reload" : 76}}]},
    {"function": "minecraft:set_nbt","tag": "{CustomModelData:3309}","conditions": [{"condition": "minecraft:entity_scores","entity": "this","scores": { "fwg.reload" : 74}}]},

    {"function": "minecraft:set_nbt","tag": "{CustomModelData:3401}","conditions": [{"condition": "minecraft:entity_scores","entity": "this","scores": { "fwg.reload" : 71}}]},
    {"function": "minecraft:set_nbt","tag": "{CustomModelData:3402}","conditions": [{"condition": "minecraft:entity_scores","entity": "this","scores": { "fwg.reload" : 69}}]},
    {"function": "minecraft:set_nbt","tag": "{CustomModelData:3403}","conditions": [{"condition": "minecraft:entity_scores","entity": "this","scores": { "fwg.reload" : 68}}]},
    {"function": "minecraft:set_nbt","tag": "{CustomModelData:3404}","conditions": [{"condition": "minecraft:entity_scores","entity": "this","scores": { "fwg.reload" : 67}}]},
    {"function": "minecraft:set_nbt","tag": "{CustomModelData:3405}","conditions": [{"condition": "minecraft:entity_scores","entity": "this","scores": { "fwg.reload" : 65}}]},
    
    {"function": "minecraft:set_nbt","tag": "{CustomModelData:3406}","conditions": [{"condition": "minecraft:entity_scores","entity": "this","scores": { "fwg.reload" : 61}}]},
    {"function": "minecraft:set_nbt","tag": "{CustomModelData:3407}","conditions": [{"condition": "minecraft:entity_scores","entity": "this","scores": { "fwg.reload" : 59}}]},
    {"function": "minecraft:set_nbt","tag": "{CustomModelData:3408}","conditions": [{"condition": "minecraft:entity_scores","entity": "this","scores": { "fwg.reload" : 57}}]},
    {"function": "minecraft:set_nbt","tag": "{CustomModelData:3409}","conditions": [{"condition": "minecraft:entity_scores","entity": "this","scores": { "fwg.reload" : 56}}]},
    {"function": "minecraft:set_nbt","tag": "{CustomModelData:3410}","conditions": [{"condition": "minecraft:entity_scores","entity": "this","scores": { "fwg.reload" : 54}}]},

    {"function": "minecraft:set_nbt","tag": "{CustomModelData:3411}","conditions": [{"condition": "minecraft:entity_scores","entity": "this","scores": { "fwg.reload" : 51}}]},
    {"function": "minecraft:set_nbt","tag": "{CustomModelData:3412}","conditions": [{"condition": "minecraft:entity_scores","entity": "this","scores": { "fwg.reload" : 50}}]},
    {"function": "minecraft:set_nbt","tag": "{CustomModelData:3413}","conditions": [{"condition": "minecraft:entity_scores","entity": "this","scores": { "fwg.reload" : 49}}]},
    {"function": "minecraft:set_nbt","tag": "{CustomModelData:3414}","conditions": [{"condition": "minecraft:entity_scores","entity": "this","scores": { "fwg.reload" : 47}}]},

    {"function": "minecraft:set_nbt","tag": "{CustomModelData:3415}","conditions": [{"condition": "minecraft:entity_scores","entity": "this","scores": { "fwg.reload" : 44}}]},
    {"function": "minecraft:set_nbt","tag": "{CustomModelData:3416}","conditions": [{"condition": "minecraft:entity_scores","entity": "this","scores": { "fwg.reload" : 43}}]},
    {"function": "minecraft:set_nbt","tag": "{CustomModelData:3417}","conditions": [{"condition": "minecraft:entity_scores","entity": "this","scores": { "fwg.reload" : 42}}]},
    {"function": "minecraft:set_nbt","tag": "{CustomModelData:3418}","conditions": [{"condition": "minecraft:entity_scores","entity": "this","scores": { "fwg.reload" : 40}}]},
    {"function": "minecraft:set_nbt","tag": "{CustomModelData:3419}","conditions": [{"condition": "minecraft:entity_scores","entity": "this","scores": { "fwg.reload" : 38}}]},
    
    {"function": "minecraft:set_nbt","tag": "{CustomModelData:3420}","conditions": [{"condition": "minecraft:entity_scores","entity": "this","scores": { "fwg.reload" : 34}}]},
    {"function": "minecraft:set_nbt","tag": "{CustomModelData:3421}","conditions": [{"condition": "minecraft:entity_scores","entity": "this","scores": { "fwg.reload" : 32}}]},
    {"function": "minecraft:set_nbt","tag": "{CustomModelData:3422}","conditions": [{"condition": "minecraft:entity_scores","entity": "this","scores": { "fwg.reload" : 31}}]},
    {"function": "minecraft:set_nbt","tag": "{CustomModelData:3423}","conditions": [{"condition": "minecraft:entity_scores","entity": "this","scores": { "fwg.reload" : 30}}]},
    {"function": "minecraft:set_nbt","tag": "{CustomModelData:3424}","conditions": [{"condition": "minecraft:entity_scores","entity": "this","scores": { "fwg.reload" : 38}}]},

    {"function": "minecraft:set_nbt","tag": "{CustomModelData:3425}","conditions": [{"condition": "minecraft:entity_scores","entity": "this","scores": { "fwg.reload" : 35}}]},
    {"function": "minecraft:set_nbt","tag": "{CustomModelData:3426}","conditions": [{"condition": "minecraft:entity_scores","entity": "this","scores": { "fwg.reload" : 34}}]},
    {"function": "minecraft:set_nbt","tag": "{CustomModelData:3427}","conditions": [{"condition": "minecraft:entity_scores","entity": "this","scores": { "fwg.reload" : 32}}]},

    {"function": "minecraft:set_nbt","tag": "{CustomModelData:3428}","conditions": [{"condition": "minecraft:entity_scores","entity": "this","scores": { "fwg.reload" : 30}}]},
    {"function": "minecraft:set_nbt","tag": "{CustomModelData:3429}","conditions": [{"condition": "minecraft:entity_scores","entity": "this","scores": { "fwg.reload" : 29}}]},
    {"function": "minecraft:set_nbt","tag": "{CustomModelData:3430}","conditions": [{"condition": "minecraft:entity_scores","entity": "this","scores": { "fwg.reload" : 27}}]},

    {"function": "minecraft:set_nbt","tag": "{CustomModelData:3431}","conditions": [{"condition": "minecraft:entity_scores","entity": "this","scores": { "fwg.reload" : 25}}]},
    {"function": "minecraft:set_nbt","tag": "{CustomModelData:3432}","conditions": [{"condition": "minecraft:entity_scores","entity": "this","scores": { "fwg.reload" : 24}}]},
    {"function": "minecraft:set_nbt","tag": "{CustomModelData:3433}","conditions": [{"condition": "minecraft:entity_scores","entity": "this","scores": { "fwg.reload" : 22}}]},
    {"function": "minecraft:set_nbt","tag": "{CustomModelData:3434}","conditions": [{"condition": "minecraft:entity_scores","entity": "this","scores": { "fwg.reload" : 20}}]},

    {"function": "minecraft:set_nbt","tag": "{CustomModelData:3435}","conditions": [{"condition": "minecraft:entity_scores","entity": "this","scores": { "fwg.reload" : 16}}]},
    {"function": "minecraft:set_nbt","tag": "{CustomModelData:3436}","conditions": [{"condition": "minecraft:entity_scores","entity": "this","scores": { "fwg.reload" : 14}}]},
    {"function": "minecraft:set_nbt","tag": "{CustomModelData:3437}","conditions": [{"condition": "minecraft:entity_scores","entity": "this","scores": { "fwg.reload" : 12}}]},
    {"function": "minecraft:set_nbt","tag": "{CustomModelData:3438}","conditions": [{"condition": "minecraft:entity_scores","entity": "this","scores": { "fwg.reload" : 11}}]},
    {"function": "minecraft:set_nbt","tag": "{CustomModelData:3439}","conditions": [{"condition": "minecraft:entity_scores","entity": "this","scores": { "fwg.reload" : 10}}]},
    {"function": "minecraft:set_nbt","tag": "{CustomModelData:3440}","conditions": [{"condition": "minecraft:entity_scores","entity": "this","scores": { "fwg.reload" : 8}}]},
    {"function": "minecraft:set_nbt","tag": "{CustomModelData:3001}","conditions": [{"condition": "minecraft:entity_scores","entity": "this","scores": { "fwg.reload" : 6}}]}
  ]
  