[
  {
    "condition": "minecraft:any_of",
    "terms": [{"condition": "minecraft:entity_scores","entity": "this",
        "scores": {"fwg.cooldown": {"min": 1,"max": 9999}}},{
        "condition": "minecraft:entity_scores","entity": "this",
        "scores": {"fwg.draw": {"min": 1,"max": 9999}}},{
        "condition": "minecraft:entity_scores","entity": "this",
        "scores": {"fwg.reload": {"min": 1,"max": 9999}}},{
        "condition": "minecraft:entity_scores","entity": "this",
        "scores": {"fwg.burst": {"min": 1,"max": 9999}}},{
        "condition": "minecraft:entity_scores","entity": "this",
        "scores": {"fwg.burst_tick": {"min": 1,"max": 9999}}},{
        "condition": "minecraft:entity_scores","entity": "this",
        "scores": {"fwg.ads": {"min": 1,"max": 9999}}}
    ]
  }
]
