[
    {"function": "minecraft:set_nbt","tag": "{CustomModelData:4101}","conditions": [{"condition": "minecraft:entity_scores","entity": "this","scores": { "fwg.draw" : 45}}]},
    {"function": "minecraft:set_nbt","tag": "{CustomModelData:4102}","conditions": [{"condition": "minecraft:entity_scores","entity": "this","scores": { "fwg.draw" : 43}}]},
    {"function": "minecraft:set_nbt","tag": "{CustomModelData:4103}","conditions": [{"condition": "minecraft:entity_scores","entity": "this","scores": { "fwg.draw" : 41}}]},
    {"function": "minecraft:set_nbt","tag": "{CustomModelData:4104}","conditions": [{"condition": "minecraft:entity_scores","entity": "this","scores": { "fwg.draw" : 38}}]},
    {"function": "minecraft:set_nbt","tag": "{CustomModelData:4105}","conditions": [{"condition": "minecraft:entity_scores","entity": "this","scores": { "fwg.draw" : 33}}]},

    {"function": "minecraft:set_nbt","tag": "{CustomModelData:4106}","conditions": [{"condition": "minecraft:entity_scores","entity": "this","scores": { "fwg.draw" : 32}}]},
    {"function": "minecraft:set_nbt","tag": "{CustomModelData:4107}","conditions": [{"condition": "minecraft:entity_scores","entity": "this","scores": { "fwg.draw" : 31}}]},
    {"function": "minecraft:set_nbt","tag": "{CustomModelData:4108}","conditions": [{"condition": "minecraft:entity_scores","entity": "this","scores": { "fwg.draw" : 30}}]},
    {"function": "minecraft:set_nbt","tag": "{CustomModelData:4109}","conditions": [{"condition": "minecraft:entity_scores","entity": "this","scores": { "fwg.draw" : 28}}]},

    {"function": "minecraft:set_nbt","tag": "{CustomModelData:4110}","conditions": [{"condition": "minecraft:entity_scores","entity": "this","scores": { "fwg.draw" : 25}}]},
    {"function": "minecraft:set_nbt","tag": "{CustomModelData:4111}","conditions": [{"condition": "minecraft:entity_scores","entity": "this","scores": { "fwg.draw" : 24}}]},
    {"function": "minecraft:set_nbt","tag": "{CustomModelData:4112}","conditions": [{"condition": "minecraft:entity_scores","entity": "this","scores": { "fwg.draw" : 21}}]},
    {"function": "minecraft:set_nbt","tag": "{CustomModelData:4113}","conditions": [{"condition": "minecraft:entity_scores","entity": "this","scores": { "fwg.draw" : 18}}]},

    {"function": "minecraft:set_nbt","tag": "{CustomModelData:4114}","conditions": [{"condition": "minecraft:entity_scores","entity": "this","scores": { "fwg.draw" : 15}}]},
    {"function": "minecraft:set_nbt","tag": "{CustomModelData:4115}","conditions": [{"condition": "minecraft:entity_scores","entity": "this","scores": { "fwg.draw" : 13}}]},
    {"function": "minecraft:set_nbt","tag": "{CustomModelData:4116}","conditions": [{"condition": "minecraft:entity_scores","entity": "this","scores": { "fwg.draw" : 11}}]},
    {"function": "minecraft:set_nbt","tag": "{CustomModelData:4117}","conditions": [{"condition": "minecraft:entity_scores","entity": "this","scores": { "fwg.draw" : 9}}]},
    {"function": "minecraft:set_nbt","tag": "{CustomModelData:4118}","conditions": [{"condition": "minecraft:entity_scores","entity": "this","scores": { "fwg.draw" : 7}}]},
    {"function": "minecraft:set_nbt","tag": "{CustomModelData:4001}","conditions": [{"condition": "minecraft:entity_scores","entity": "this","scores": { "fwg.draw" : 5}}]}
]
  