{
	"credit": "Made with Blockbench",
	"ambientocclusion": false,
	"texture_size": [64, 64],
	"textures": {
		"2": "fw:guns/02/groza_grenadier",
		"5": "fw:player/alex",
		"6": "fw:player/steve",
		"particle": "fw:player/steve"
	},
	"elements": [
		{
			"from": [7.14926, 5.37191, 6.92299],
			"to": [8.66315, 7.22222, 18.40332],
			"rotation": {"angle": 0, "axis": "y", "origin": [6.30821, -1.5247, 2.17105]},
			"faces": {
				"north": {"uv": [6, 1.25, 6.25, 1.5], "texture": "#2"},
				"east": {"uv": [0, 0, 1.6875, 0.25], "texture": "#2"},
				"south": {"uv": [4.5, 6.25, 4.75, 6.5], "texture": "#2"},
				"west": {"uv": [0, 0.5, 1.6875, 0.75], "texture": "#2"},
				"up": {"uv": [0.25, 2.6875, 0, 1], "texture": "#2"},
				"down": {"uv": [0.75, 1, 0.5, 2.6875], "texture": "#2"}
			}
		},
		{
			"from": [7.14926, 5.37191, 0.74127],
			"to": [8.66315, 7.22222, 6.88093],
			"rotation": {"angle": 0, "axis": "y", "origin": [6.30821, -1.5247, 5.87167]},
			"faces": {
				"north": {"uv": [5, 6.25, 5.25, 6.5], "texture": "#2"},
				"east": {"uv": [2.25, 2, 3.1875, 2.25], "texture": "#2"},
				"south": {"uv": [6.25, 5.25, 6.5, 5.5], "texture": "#2"},
				"west": {"uv": [1, 2.5, 1.9375, 2.75], "texture": "#2"},
				"up": {"uv": [2.5, 3.4375, 2.25, 2.5], "texture": "#2"},
				"down": {"uv": [3, 2.5, 2.75, 3.4375], "texture": "#2"}
			}
		},
		{
			"from": [7.31747, 5.45601, 6.79683],
			"to": [8.49494, 7.18017, 10.32924],
			"rotation": {"angle": 0, "axis": "y", "origin": [6.30821, -1.5247, 5.87167]},
			"faces": {
				"north": {"uv": [1.5, 6.75, 1.6875, 7], "texture": "#2"},
				"east": {"uv": [4.5, 2.25, 5, 2.5], "texture": "#2"},
				"south": {"uv": [3.5, 6.75, 3.6875, 7], "texture": "#2"},
				"west": {"uv": [3, 4.5, 3.5, 4.75], "texture": "#2"},
				"up": {"uv": [5.6875, 0.5, 5.5, 0], "texture": "#2"},
				"down": {"uv": [2.1875, 5.5, 2, 6], "texture": "#2"}
			}
		},
		{
			"from": [7.27543, 2.34413, 9.90871],
			"to": [8.537, 5.37191, 11.50671],
			"rotation": {"angle": 0, "axis": "y", "origin": [6.35027, -0.01081, 5.87167]},
			"faces": {
				"north": {"uv": [5.75, 4.25, 5.9375, 4.6875], "texture": "#2"},
				"east": {"uv": [1, 5, 1.25, 5.4375], "texture": "#2"},
				"south": {"uv": [5.75, 5, 5.9375, 5.4375], "texture": "#2"},
				"west": {"uv": [1.5, 5, 1.75, 5.4375], "texture": "#2"},
				"up": {"uv": [4.6875, 7, 4.5, 6.75], "texture": "#2"},
				"down": {"uv": [5.1875, 6.75, 5, 7], "texture": "#2"}
			}
		},
		{
			"from": [7.29225, -2.10325, 9.60636],
			"to": [8.52018, 2.90941, 11.17071],
			"rotation": {"angle": 22.5, "axis": "x", "origin": [7.90621, 1.83286, 10.38853]},
			"faces": {
				"north": {"uv": [1, 4, 1.1875, 4.75], "texture": "#2"},
				"east": {"uv": [0.75, 3, 1, 3.75], "texture": "#2"},
				"south": {"uv": [1.5, 4, 1.6875, 4.75], "texture": "#2"},
				"west": {"uv": [3, 1, 3.25, 1.75], "texture": "#2"},
				"up": {"uv": [6.1875, 7, 6, 6.75], "texture": "#2"},
				"down": {"uv": [6.9375, 6.25, 6.75, 6.5], "texture": "#2"}
			}
		},
		{
			"from": [7.37635, -2.10325, 9.10173],
			"to": [8.43607, 2.90941, 11.67534],
			"rotation": {"angle": 22.5, "axis": "x", "origin": [7.90621, 1.83286, 10.38853]},
			"faces": {
				"north": {"uv": [3.75, 4, 3.9375, 4.75], "texture": "#2"},
				"east": {"uv": [2, 0, 2.375, 0.75], "texture": "#2"},
				"south": {"uv": [4.25, 2.75, 4.4375, 3.5], "texture": "#2"},
				"west": {"uv": [2.25, 1, 2.625, 1.75], "texture": "#2"},
				"up": {"uv": [3.6875, 6.375, 3.5, 6], "texture": "#2"},
				"down": {"uv": [0.1875, 6.25, 0, 6.625], "texture": "#2"}
			}
		},
		{
			"from": [7.35953, 2.34413, 9.40408],
			"to": [8.4529, 5.37191, 12.01134],
			"rotation": {"angle": 0, "axis": "y", "origin": [6.35027, -0.01081, 5.87167]},
			"faces": {
				"north": {"uv": [5.75, 5.75, 5.9375, 6.1875], "texture": "#2"},
				"east": {"uv": [3.75, 2, 4.125, 2.4375], "texture": "#2"},
				"south": {"uv": [6, 0, 6.1875, 0.4375], "texture": "#2"},
				"west": {"uv": [2.25, 3.75, 2.625, 4.1875], "texture": "#2"},
				"up": {"uv": [0.6875, 6.625, 0.5, 6.25], "texture": "#2"},
				"down": {"uv": [2.1875, 6.25, 2, 6.625], "texture": "#2"}
			}
		},
		{
			"from": [7.56979, 4.02623, 12.34776],
			"to": [8.24263, 5.37191, 13.27291],
			"rotation": {"angle": 0, "axis": "y", "origin": [6.30821, -0.01081, 5.87167]},
			"faces": {
				"north": {"uv": [1.75, 8.5, 1.875, 8.6875], "texture": "#2"},
				"east": {"uv": [2.25, 8.5, 2.375, 8.6875], "texture": "#2"},
				"south": {"uv": [8.5, 2.5, 8.625, 2.6875], "texture": "#2"},
				"west": {"uv": [2.75, 8.5, 2.875, 8.6875], "texture": "#2"},
				"up": {"uv": [9.125, 2.375, 9, 2.25], "texture": "#2"},
				"down": {"uv": [2.875, 9, 2.75, 9.125], "texture": "#2"}
			}
		},
		{
			"from": [7.56979, 3.23328, 12.50548],
			"to": [8.24263, 4.07433, 12.58959],
			"rotation": {"angle": -22.5, "axis": "x", "origin": [7.90621, 3.65381, 12.54754]},
			"faces": {
				"north": {"uv": [9, 4.25, 9.125, 4.375], "texture": "#2"},
				"east": {"uv": [10.5, 4, 10.5625, 4.125], "texture": "#2"},
				"south": {"uv": [9, 4.75, 9.125, 4.875], "texture": "#2"},
				"west": {"uv": [4.5, 10.5, 4.5625, 10.625], "texture": "#2"},
				"up": {"uv": [10.625, 4.5625, 10.5, 4.5], "texture": "#2"},
				"down": {"uv": [10.625, 5, 10.5, 5.0625], "texture": "#2"}
			}
		},
		{
			"from": [7.48568, 4.36265, 3.09621],
			"to": [8.32673, 5.37191, 5.53525],
			"rotation": {"angle": 0, "axis": "y", "origin": [6.47642, -0.01081, 5.87167]},
			"faces": {
				"north": {"uv": [9, 5.25, 9.125, 5.375], "texture": "#2"},
				"east": {"uv": [6.5, 6.75, 6.875, 6.875], "texture": "#2"},
				"south": {"uv": [9, 5.75, 9.125, 5.875], "texture": "#2"},
				"west": {"uv": [0, 7, 0.375, 7.125], "texture": "#2"},
				"up": {"uv": [7.125, 0.375, 7, 0], "texture": "#2"},
				"down": {"uv": [7.125, 0.75, 7, 1.125], "texture": "#2"}
			}
		},
		{
			"from": [7.65389, 3.98418, -0.52031],
			"to": [8.15852, 4.19444, 2.33926],
			"rotation": {"angle": 0, "axis": "y", "origin": [6.47642, -0.01081, 5.87167]},
			"faces": {
				"north": {"uv": [9.75, 10.75, 9.8125, 10.8125], "texture": "#2"},
				"east": {"uv": [0.5, 8.5, 0.9375, 8.5625], "texture": "#2"},
				"south": {"uv": [10.25, 10.75, 10.3125, 10.8125], "texture": "#2"},
				"west": {"uv": [8.5, 0.5, 8.9375, 0.5625], "texture": "#2"},
				"up": {"uv": [8.5625, 1.4375, 8.5, 1], "texture": "#2"},
				"down": {"uv": [1.3125, 8.5, 1.25, 8.9375], "texture": "#2"}
			}
		},
		{
			"from": [7.65389, 4.47665, 2.20784],
			"to": [8.15852, 4.64486, 3.46942],
			"rotation": {"angle": -22.5, "axis": "x", "origin": [7.90621, 4.56075, 3.51147]},
			"faces": {
				"north": {"uv": [10.75, 10.75, 10.8125, 10.8125], "texture": "#2"},
				"east": {"uv": [9.5, 4.25, 9.6875, 4.3125], "texture": "#2"},
				"south": {"uv": [11, 1.5, 11.0625, 1.5625], "texture": "#2"},
				"west": {"uv": [4.75, 9.5, 4.9375, 9.5625], "texture": "#2"},
				"up": {"uv": [9.5625, 4.9375, 9.5, 4.75], "texture": "#2"},
				"down": {"uv": [9.5625, 5.25, 9.5, 5.4375], "texture": "#2"}
			}
		},
		{
			"from": [7.78006, 4.30317, 1.97379],
			"to": [7.94827, 5.31243, 2.142],
			"rotation": {"angle": 0, "axis": "x", "origin": [8.03237, 5.10217, 2.49844]},
			"faces": {
				"north": {"uv": [10.5, 5.5, 10.5625, 5.625], "texture": "#2"},
				"east": {"uv": [6.25, 10.5, 6.3125, 10.625], "texture": "#2"},
				"south": {"uv": [10.5, 7, 10.5625, 7.125], "texture": "#2"},
				"west": {"uv": [7.25, 10.5, 7.3125, 10.625], "texture": "#2"},
				"up": {"uv": [11.0625, 2.0625, 11, 2], "texture": "#2"},
				"down": {"uv": [2.5625, 11, 2.5, 11.0625], "texture": "#2"}
			}
		},
		{
			"from": [7.92724, 4.68164, 1.97379],
			"to": [7.92724, 4.93396, 2.35226],
			"rotation": {"angle": 0, "axis": "x", "origin": [7.88518, 4.8078, 2.41434]},
			"faces": {
				"north": {"uv": [3.5, 2, 3.5, 2.0625], "texture": "#2"},
				"east": {"uv": [3, 11, 3.0625, 11.0625], "texture": "#2"},
				"south": {"uv": [3, 3.75, 3, 3.8125], "texture": "#2"},
				"west": {"uv": [11, 3.5, 11.0625, 3.5625], "texture": "#2"},
				"up": {"uv": [2, 4.0625, 2, 4], "texture": "#2"},
				"down": {"uv": [5, 5.5, 5, 5.5625], "texture": "#2"}
			}
		},
		{
			"from": [7.94827, 4.72369, 2.31021],
			"to": [7.94827, 4.8919, 3.25539],
			"rotation": {"angle": 0, "axis": "x", "origin": [7.86416, 4.8078, 2.41434]},
			"faces": {
				"north": {"uv": [0.75, 7, 0.75, 7.0625], "texture": "#2"},
				"east": {"uv": [9.5, 5.75, 9.6875, 5.8125], "texture": "#2"},
				"south": {"uv": [7, 3.25, 7, 3.3125], "texture": "#2"},
				"west": {"uv": [6.5, 9.5, 6.6875, 9.5625], "texture": "#2"},
				"up": {"uv": [0.75, 7.6875, 0.75, 7.5], "texture": "#2"},
				"down": {"uv": [1.5, 9.25, 1.5, 9.4375], "texture": "#2"}
			}
		},
		{
			"from": [7.65389, 4.19444, -0.52031],
			"to": [8.15852, 5.70833, 0.99358],
			"rotation": {"angle": 0, "axis": "y", "origin": [6.47642, -0.17902, 5.87167]},
			"faces": {
				"north": {"uv": [6.5, 9, 6.5625, 9.25], "texture": "#2"},
				"east": {"uv": [6.25, 5.75, 6.5, 6], "texture": "#2"},
				"south": {"uv": [9, 7.75, 9.0625, 8], "texture": "#2"},
				"west": {"uv": [6.25, 6.25, 6.5, 6.5], "texture": "#2"},
				"up": {"uv": [9.3125, 0.75, 9.25, 0.5], "texture": "#2"},
				"down": {"uv": [1.0625, 9.25, 1, 9.5], "texture": "#2"}
			}
		},
		{
			"from": [7.48737, 0.66419, 3.70281],
			"to": [8.32505, 4.86607, 5.63385],
			"rotation": {"angle": -22.5, "axis": "x", "origin": [8.07442, 4.36312, 4.41601]},
			"faces": {
				"north": {"uv": [6, 2.75, 6.125, 3.375], "texture": "#2"},
				"east": {"uv": [2.75, 0, 3.0625, 0.625], "texture": "#2"},
				"south": {"uv": [3, 6, 3.125, 6.625], "texture": "#2"},
				"west": {"uv": [0, 3, 0.3125, 3.625], "texture": "#2"},
				"up": {"uv": [7.375, 6.5625, 7.25, 6.25], "texture": "#2"},
				"down": {"uv": [6.625, 7.25, 6.5, 7.5625], "texture": "#2"}
			}
		},
		{
			"from": [7.48737, 0.62048, 3.05921],
			"to": [8.32505, 1.12175, 3.64458],
			"rotation": {"angle": -22.5, "axis": "x", "origin": [8.07442, 4.48763, 4.27705]},
			"faces": {
				"north": {"uv": [10.5, 7.5, 10.625, 7.5625], "texture": "#2"},
				"east": {"uv": [4, 11, 4.0625, 11.0625], "texture": "#2"},
				"south": {"uv": [7.75, 10.5, 7.875, 10.5625], "texture": "#2"},
				"west": {"uv": [11, 4, 11.0625, 4.0625], "texture": "#2"},
				"up": {"uv": [10.625, 9.3125, 10.5, 9.25], "texture": "#2"},
				"down": {"uv": [10.625, 9.75, 10.5, 9.8125], "texture": "#2"}
			}
		},
		{
			"from": [8.21109, 7.22222, 14.49244],
			"to": [8.58956, 7.60069, 18.31921],
			"rotation": {"angle": 0, "axis": "y", "origin": [6.23462, -2.87038, 2.17105]},
			"faces": {
				"north": {"uv": [4.5, 11, 4.5625, 11.0625], "texture": "#2"},
				"east": {"uv": [7.5, 1.5, 8.0625, 1.5625], "texture": "#2"},
				"south": {"uv": [11, 4.5, 11.0625, 4.5625], "texture": "#2"},
				"west": {"uv": [7.5, 2.75, 8.0625, 2.8125], "texture": "#2"},
				"up": {"uv": [2.0625, 8.0625, 2, 7.5], "texture": "#2"},
				"down": {"uv": [3.0625, 7.5, 3, 8.0625], "texture": "#2"}
			}
		},
		{
			"from": [7.11773, 7.22222, 7.76404],
			"to": [7.70646, 7.60069, 18.31921],
			"rotation": {"angle": 0, "axis": "y", "origin": [6.23462, -2.87038, 2.17105]},
			"faces": {
				"north": {"uv": [11, 5, 11.0625, 5.0625], "texture": "#2"},
				"east": {"uv": [5.25, 2.25, 6.8125, 2.3125], "texture": "#2"},
				"south": {"uv": [11, 5.5, 11.0625, 5.5625], "texture": "#2"},
				"west": {"uv": [5.25, 3.75, 6.8125, 3.8125], "texture": "#2"},
				"up": {"uv": [4.0625, 6.8125, 4, 5.25], "texture": "#2"},
				"down": {"uv": [5.3125, 4.25, 5.25, 5.8125], "texture": "#2"}
			}
		},
		{
			"from": [7.70646, 7.97916, 7.89019],
			"to": [8.46341, 8.14737, 11.71697],
			"rotation": {"angle": 0, "axis": "y", "origin": [6.23462, -2.95449, 2.129]},
			"faces": {
				"north": {"uv": [10.5, 10.25, 10.625, 10.3125], "texture": "#2"},
				"east": {"uv": [7.75, 2, 8.3125, 2.0625], "texture": "#2"},
				"south": {"uv": [0, 10.75, 0.125, 10.8125], "texture": "#2"},
				"west": {"uv": [7.75, 3.25, 8.3125, 3.3125], "texture": "#2"},
				"up": {"uv": [2.625, 6.8125, 2.5, 6.25], "texture": "#2"},
				"down": {"uv": [6.375, 4.25, 6.25, 4.8125], "texture": "#2"}
			}
		},
		{
			"from": [7.28594, 7.60069, 7.89019],
			"to": [7.70646, 8.14737, 11.71697],
			"rotation": {"angle": 0, "axis": "y", "origin": [7.74851, -2.95449, 2.129]},
			"faces": {
				"north": {"uv": [6, 11, 6.0625, 11.0625], "texture": "#2"},
				"east": {"uv": [3.5, 7.75, 4.0625, 7.8125], "texture": "#2"},
				"south": {"uv": [11, 7, 11.0625, 7.0625], "texture": "#2"},
				"west": {"uv": [7.75, 3.75, 8.3125, 3.8125], "texture": "#2"},
				"up": {"uv": [4.5625, 8.3125, 4.5, 7.75], "texture": "#2"},
				"down": {"uv": [5.0625, 7.75, 5, 8.3125], "texture": "#2"}
			}
		},
		{
			"from": [7.28594, 7.60069, 11.71697],
			"to": [8.46341, 8.14737, 17.47816],
			"rotation": {"angle": 0, "axis": "y", "origin": [6.23462, -2.95449, 2.17105]},
			"faces": {
				"north": {"uv": [9.5, 7.25, 9.6875, 7.3125], "texture": "#2"},
				"east": {"uv": [6.75, 4.25, 7.625, 4.3125], "texture": "#2"},
				"south": {"uv": [7.5, 9.5, 7.6875, 9.5625], "texture": "#2"},
				"west": {"uv": [6.75, 4.75, 7.625, 4.8125], "texture": "#2"},
				"up": {"uv": [3.9375, 3.625, 3.75, 2.75], "texture": "#2"},
				"down": {"uv": [0.1875, 4, 0, 4.875], "texture": "#2"}
			}
		},
		{
			"from": [7.24388, 7.72685, 12.05339],
			"to": [8.50546, 8.18943, 12.26365],
			"rotation": {"angle": 0, "axis": "y", "origin": [6.23462, -2.95449, 2.17105]},
			"faces": {
				"north": {"uv": [9.5, 7.75, 9.6875, 7.8125], "texture": "#2"},
				"east": {"uv": [7.25, 11, 7.3125, 11.0625], "texture": "#2"},
				"south": {"uv": [8, 9.5, 8.1875, 9.5625], "texture": "#2"},
				"west": {"uv": [11, 7.5, 11.0625, 7.5625], "texture": "#2"},
				"up": {"uv": [9.6875, 9.3125, 9.5, 9.25], "texture": "#2"},
				"down": {"uv": [0.1875, 9.75, 0, 9.8125], "texture": "#2"}
			}
		},
		{
			"from": [7.24388, 7.72685, 14.91296],
			"to": [8.50546, 8.18943, 15.12322],
			"rotation": {"angle": 0, "axis": "y", "origin": [6.23462, -2.95449, 2.17105]},
			"faces": {
				"north": {"uv": [9.75, 0, 9.9375, 0.0625], "texture": "#2"},
				"east": {"uv": [7.75, 11, 7.8125, 11.0625], "texture": "#2"},
				"south": {"uv": [0.5, 9.75, 0.6875, 9.8125], "texture": "#2"},
				"west": {"uv": [11, 9, 11.0625, 9.0625], "texture": "#2"},
				"up": {"uv": [9.9375, 0.5625, 9.75, 0.5], "texture": "#2"},
				"down": {"uv": [1.1875, 9.75, 1, 9.8125], "texture": "#2"}
			}
		},
		{
			"from": [7.27543, 7.22222, 6.3763],
			"to": [8.537, 8.10532, 8.31072],
			"rotation": {"angle": 0, "axis": "y", "origin": [6.35027, -2.87038, 2.17105]},
			"faces": {
				"north": {"uv": [8.5, 4.25, 8.6875, 4.375], "texture": "#2"},
				"east": {"uv": [7, 7.25, 7.3125, 7.375], "texture": "#2"},
				"south": {"uv": [8.5, 4.75, 8.6875, 4.875], "texture": "#2"},
				"west": {"uv": [0, 7.5, 0.3125, 7.625], "texture": "#2"},
				"up": {"uv": [6.6875, 1.8125, 6.5, 1.5], "texture": "#2"},
				"down": {"uv": [6.6875, 2.75, 6.5, 3.0625], "texture": "#2"}
			}
		},
		{
			"from": [7.40158, 7.22222, 0.82537],
			"to": [8.41084, 8.10532, 1.45616],
			"rotation": {"angle": 0, "axis": "y", "origin": [6.22411, -2.87038, 2.17105]},
			"faces": {
				"north": {"uv": [9.25, 2.75, 9.375, 2.875], "texture": "#2"},
				"east": {"uv": [9.25, 3.25, 9.375, 3.375], "texture": "#2"},
				"south": {"uv": [3.75, 9.25, 3.875, 9.375], "texture": "#2"},
				"west": {"uv": [5.5, 9.25, 5.625, 9.375], "texture": "#2"},
				"up": {"uv": [6.125, 9.375, 6, 9.25], "texture": "#2"},
				"down": {"uv": [9.375, 6.25, 9.25, 6.375], "texture": "#2"}
			}
		},
		{
			"from": [7.52774, 8.10532, 7.55377],
			"to": [8.28469, 8.48379, 9.48819],
			"rotation": {"angle": 0, "axis": "y", "origin": [6.30821, -2.99654, 2.17105]},
			"faces": {
				"north": {"uv": [10.75, 0, 10.875, 0.0625], "texture": "#2"},
				"east": {"uv": [9, 0, 9.3125, 0.0625], "texture": "#2"},
				"south": {"uv": [0.5, 10.75, 0.625, 10.8125], "texture": "#2"},
				"west": {"uv": [9, 1, 9.3125, 1.0625], "texture": "#2"},
				"up": {"uv": [7.625, 0.3125, 7.5, 0], "texture": "#2"},
				"down": {"uv": [7.625, 0.75, 7.5, 1.0625], "texture": "#2"}
			}
		},
		{
			"from": [8.11816, 8.10094, 7.55425],
			"to": [8.283, 8.47604, 8.64425],
			"rotation": {"angle": 22.5, "axis": "x", "origin": [7.90621, 8.28849, 8.51978]},
			"faces": {
				"north": {"uv": [11, 9.5, 11.0625, 9.5625], "texture": "#2"},
				"east": {"uv": [9.75, 1, 9.9375, 1.0625], "texture": "#2"},
				"south": {"uv": [11, 10, 11.0625, 10.0625], "texture": "#2"},
				"west": {"uv": [1.5, 9.75, 1.6875, 9.8125], "texture": "#2"},
				"up": {"uv": [2.0625, 9.9375, 2, 9.75], "texture": "#2"},
				"down": {"uv": [9.8125, 2.5, 9.75, 2.6875], "texture": "#2"}
			}
		},
		{
			"from": [7.52942, 8.10094, 7.55425],
			"to": [7.69427, 8.47604, 8.64425],
			"rotation": {"angle": 22.5, "axis": "x", "origin": [7.90621, 8.28849, 8.51978]},
			"faces": {
				"north": {"uv": [0, 11.25, 0.0625, 11.3125], "texture": "#2"},
				"east": {"uv": [9.75, 3, 9.9375, 3.0625], "texture": "#2"},
				"south": {"uv": [11.25, 0, 11.3125, 0.0625], "texture": "#2"},
				"west": {"uv": [3.75, 9.75, 3.9375, 9.8125], "texture": "#2"},
				"up": {"uv": [5.3125, 9.9375, 5.25, 9.75], "texture": "#2"},
				"down": {"uv": [5.8125, 9.75, 5.75, 9.9375], "texture": "#2"}
			}
		},
		{
			"from": [7.35953, 6.67554, 0.23664],
			"to": [8.4529, 9.87153, 0.90948],
			"rotation": {"angle": 0, "axis": "y", "origin": [6.30821, -2.87038, 1.70848]},
			"faces": {
				"north": {"uv": [2.5, 5.5, 2.6875, 6], "texture": "#2"},
				"east": {"uv": [6.5, 0, 6.625, 0.5], "texture": "#2"},
				"south": {"uv": [4.5, 5.5, 4.6875, 6], "texture": "#2"},
				"west": {"uv": [6.5, 0.75, 6.625, 1.25], "texture": "#2"},
				"up": {"uv": [8.6875, 5.375, 8.5, 5.25], "texture": "#2"},
				"down": {"uv": [8.6875, 5.75, 8.5, 5.875], "texture": "#2"}
			}
		},
		{
			"from": [7.35953, 9.87153, 0.23664],
			"to": [7.52774, 10.37616, 0.90948],
			"rotation": {"angle": 0, "axis": "y", "origin": [6.30821, -3.03859, 1.70848]},
			"faces": {
				"north": {"uv": [0.5, 11.25, 0.5625, 11.3125], "texture": "#2"},
				"east": {"uv": [10.75, 0.5, 10.875, 0.5625], "texture": "#2"},
				"south": {"uv": [11.25, 0.5, 11.3125, 0.5625], "texture": "#2"},
				"west": {"uv": [1, 10.75, 1.125, 10.8125], "texture": "#2"},
				"up": {"uv": [10.8125, 1.125, 10.75, 1], "texture": "#2"},
				"down": {"uv": [1.5625, 10.75, 1.5, 10.875], "texture": "#2"}
			}
		},
		{
			"from": [7.86416, 9.87153, 0.23664],
			"to": [7.94827, 10.03974, 0.57306],
			"rotation": {"angle": 0, "axis": "y", "origin": [6.39232, -3.03859, 1.70848]},
			"faces": {
				"north": {"uv": [1, 11.25, 1.0625, 11.3125], "texture": "#2"},
				"east": {"uv": [11.25, 1, 11.3125, 1.0625], "texture": "#2"},
				"south": {"uv": [1.5, 11.25, 1.5625, 11.3125], "texture": "#2"},
				"west": {"uv": [2, 11.25, 2.0625, 11.3125], "texture": "#2"},
				"up": {"uv": [11.3125, 2.5625, 11.25, 2.5], "texture": "#2"},
				"down": {"uv": [11.3125, 3, 11.25, 3.0625], "texture": "#2"}
			}
		},
		{
			"from": [8.28469, 9.87153, 0.23664],
			"to": [8.4529, 10.37616, 0.90948],
			"rotation": {"angle": 0, "axis": "y", "origin": [6.30821, -3.03859, 1.70848]},
			"faces": {
				"north": {"uv": [3.5, 11.25, 3.5625, 11.3125], "texture": "#2"},
				"east": {"uv": [2, 10.75, 2.125, 10.8125], "texture": "#2"},
				"south": {"uv": [5, 11.25, 5.0625, 11.3125], "texture": "#2"},
				"west": {"uv": [10.75, 2.5, 10.875, 2.5625], "texture": "#2"},
				"up": {"uv": [10.8125, 3.125, 10.75, 3], "texture": "#2"},
				"down": {"uv": [3.5625, 10.75, 3.5, 10.875], "texture": "#2"}
			}
		},
		{
			"from": [7.35953, 9.3669, 0.90948],
			"to": [8.4529, 9.87153, 6.62862],
			"rotation": {"angle": 0, "axis": "y", "origin": [7.90621, 9.61921, 3.76905]},
			"faces": {
				"north": {"uv": [9.75, 6.25, 9.9375, 6.3125], "texture": "#2"},
				"east": {"uv": [6.75, 5.25, 7.625, 5.3125], "texture": "#2"},
				"south": {"uv": [9.75, 6.75, 9.9375, 6.8125], "texture": "#2"},
				"west": {"uv": [6.75, 5.75, 7.625, 5.8125], "texture": "#2"},
				"up": {"uv": [4.1875, 0.875, 4, 0], "texture": "#2"},
				"down": {"uv": [0.6875, 4, 0.5, 4.875], "texture": "#2"}
			}
		},
		{
			"from": [7.35953, 8.02122, 6.62862],
			"to": [8.4529, 9.87153, 7.30146],
			"rotation": {"angle": 0, "axis": "y", "origin": [6.30821, -2.87038, 1.70848]},
			"faces": {
				"north": {"uv": [7, 1.5, 7.1875, 1.75], "texture": "#2"},
				"east": {"uv": [7, 8.25, 7.125, 8.5], "texture": "#2"},
				"south": {"uv": [2, 7, 2.1875, 7.25], "texture": "#2"},
				"west": {"uv": [8.25, 7.25, 8.375, 7.5], "texture": "#2"},
				"up": {"uv": [6.6875, 8.625, 6.5, 8.5], "texture": "#2"},
				"down": {"uv": [8.6875, 7.75, 8.5, 7.875], "texture": "#2"}
			}
		},
		{
			"from": [7.48568, 9.3669, 7.30146],
			"to": [8.32673, 10.20795, 7.46967],
			"rotation": {"angle": -45, "axis": "z", "origin": [7.90621, 9.78742, 7.38556]},
			"faces": {
				"north": {"uv": [9.25, 6.75, 9.375, 6.875], "texture": "#2"},
				"east": {"uv": [5, 10.75, 5.0625, 10.875], "texture": "#2"},
				"south": {"uv": [7, 9.25, 7.125, 9.375], "texture": "#2"},
				"west": {"uv": [5.5, 10.75, 5.5625, 10.875], "texture": "#2"},
				"up": {"uv": [10.875, 6.0625, 10.75, 6], "texture": "#2"},
				"down": {"uv": [10.875, 6.5, 10.75, 6.5625], "texture": "#2"}
			}
		},
		{
			"from": [8.28469, 9.87153, 4.77831],
			"to": [8.4529, 10.37616, 7.30146],
			"rotation": {"angle": 0, "axis": "y", "origin": [6.30821, -2.87038, 1.70848]},
			"faces": {
				"north": {"uv": [5.5, 11.25, 5.5625, 11.3125], "texture": "#2"},
				"east": {"uv": [8.5, 8.25, 8.875, 8.3125], "texture": "#2"},
				"south": {"uv": [11.25, 6, 11.3125, 6.0625], "texture": "#2"},
				"west": {"uv": [8.75, 1.75, 9.125, 1.8125], "texture": "#2"},
				"up": {"uv": [8.8125, 3.375, 8.75, 3], "texture": "#2"},
				"down": {"uv": [3.3125, 8.75, 3.25, 9.125], "texture": "#2"}
			}
		},
		{
			"from": [7.35953, 9.87153, 4.77831],
			"to": [7.52774, 10.37616, 7.30146],
			"rotation": {"angle": 0, "axis": "y", "origin": [6.30821, -2.87038, 1.70848]},
			"faces": {
				"north": {"uv": [6.5, 11.25, 6.5625, 11.3125], "texture": "#2"},
				"east": {"uv": [3.75, 8.75, 4.125, 8.8125], "texture": "#2"},
				"south": {"uv": [11.25, 6.5, 11.3125, 6.5625], "texture": "#2"},
				"west": {"uv": [8.75, 3.75, 9.125, 3.8125], "texture": "#2"},
				"up": {"uv": [4.5625, 9.125, 4.5, 8.75], "texture": "#2"},
				"down": {"uv": [5.0625, 8.75, 5, 9.125], "texture": "#2"}
			}
		},
		{
			"from": [7.14926, 9.91358, 6.12399],
			"to": [7.48568, 10.41821, 6.62862],
			"rotation": {"angle": 45, "axis": "x", "origin": [7.27543, 10.12384, 6.03988]},
			"faces": {
				"north": {"uv": [11.25, 8, 11.3125, 8.0625], "texture": "#2"},
				"east": {"uv": [8.25, 11.25, 8.3125, 11.3125], "texture": "#2"},
				"south": {"uv": [11.25, 8.5, 11.3125, 8.5625], "texture": "#2"},
				"west": {"uv": [8.75, 11.25, 8.8125, 11.3125], "texture": "#2"},
				"up": {"uv": [9.3125, 11.3125, 9.25, 11.25], "texture": "#2"},
				"down": {"uv": [9.8125, 11.25, 9.75, 11.3125], "texture": "#2"}
			}
		},
		{
			"from": [8.32673, 10.08179, 6.12399],
			"to": [8.49494, 10.41821, 6.46041],
			"rotation": {"angle": 45, "axis": "x", "origin": [7.27543, 10.12384, 6.03988]},
			"faces": {
				"north": {"uv": [10.25, 11.25, 10.3125, 11.3125], "texture": "#2"},
				"east": {"uv": [11.25, 10.5, 11.3125, 10.5625], "texture": "#2"},
				"south": {"uv": [10.75, 11.25, 10.8125, 11.3125], "texture": "#2"},
				"west": {"uv": [11.25, 11, 11.3125, 11.0625], "texture": "#2"},
				"up": {"uv": [11.5625, 1.5625, 11.5, 1.5], "texture": "#2"},
				"down": {"uv": [11.5625, 2, 11.5, 2.0625], "texture": "#2"}
			}
		},
		{
			"from": [7.36121, 9.40963, 3.6269],
			"to": [7.52606, 9.91089, 4.96921],
			"rotation": {"angle": -22.5, "axis": "x", "origin": [7.90621, 9.66026, 3.70932]},
			"faces": {
				"north": {"uv": [2.5, 11.5, 2.5625, 11.5625], "texture": "#2"},
				"east": {"uv": [7, 9.75, 7.1875, 9.8125], "texture": "#2"},
				"south": {"uv": [3, 11.5, 3.0625, 11.5625], "texture": "#2"},
				"west": {"uv": [9.75, 8.25, 9.9375, 8.3125], "texture": "#2"},
				"up": {"uv": [8.5625, 9.9375, 8.5, 9.75], "texture": "#2"},
				"down": {"uv": [9.8125, 8.75, 9.75, 8.9375], "texture": "#2"}
			}
		},
		{
			"from": [8.28637, 9.40963, 3.6269],
			"to": [8.45121, 9.91089, 4.96921],
			"rotation": {"angle": -22.5, "axis": "x", "origin": [7.90621, 9.66026, 3.70932]},
			"faces": {
				"north": {"uv": [11.5, 3.5, 11.5625, 3.5625], "texture": "#2"},
				"east": {"uv": [9, 9.75, 9.1875, 9.8125], "texture": "#2"},
				"south": {"uv": [4, 11.5, 4.0625, 11.5625], "texture": "#2"},
				"west": {"uv": [9.5, 9.75, 9.6875, 9.8125], "texture": "#2"},
				"up": {"uv": [10.0625, 1.6875, 10, 1.5], "texture": "#2"},
				"down": {"uv": [10.0625, 2, 10, 2.1875], "texture": "#2"}
			}
		},
		{
			"from": [7.1703, 7.30632, 1.42462],
			"to": [8.64213, 8.31558, 6.38681],
			"rotation": {"angle": 0, "axis": "y", "origin": [6.28719, -2.19754, 8.65765]},
			"faces": {
				"north": {"uv": [7.5, 8.25, 7.75, 8.375], "texture": "#2"},
				"east": {"uv": [5.5, 0.75, 6.25, 0.875], "texture": "#2"},
				"south": {"uv": [8, 8.25, 8.25, 8.375], "texture": "#2"},
				"west": {"uv": [5.5, 1.75, 6.25, 1.875], "texture": "#2"},
				"up": {"uv": [1.5, 3.75, 1.25, 3], "texture": "#2"},
				"down": {"uv": [2, 3, 1.75, 3.75], "texture": "#2"}
			}
		},
		{
			"from": [7.14926, 7.26427, 1.58232],
			"to": [8.66315, 8.35764, 6.20809],
			"rotation": {"angle": 0, "axis": "y", "origin": [6.30821, -2.19754, 5.87167]},
			"faces": {
				"north": {"uv": [7, 2.75, 7.25, 2.9375], "texture": "#2"},
				"east": {"uv": [4.5, 1.75, 5.1875, 1.9375], "texture": "#2"},
				"south": {"uv": [3, 7, 3.25, 7.1875], "texture": "#2"},
				"west": {"uv": [2, 4.5, 2.6875, 4.6875], "texture": "#2"},
				"up": {"uv": [3.75, 1.6875, 3.5, 1], "texture": "#2"},
				"down": {"uv": [3.5, 3.5, 3.25, 4.1875], "texture": "#2"}
			}
		},
		{
			"from": [7.14926, 3.18518, 18.40332],
			"to": [8.66315, 8.23148, 19.37053],
			"rotation": {"angle": 0, "axis": "y", "origin": [6.30821, -1.5247, 1.87669]},
			"faces": {
				"north": {"uv": [3.25, 2.5, 3.5, 3.25], "texture": "#2"},
				"east": {"uv": [1, 5.75, 1.125, 6.5], "texture": "#2"},
				"south": {"uv": [3.5, 0, 3.75, 0.75], "texture": "#2"},
				"west": {"uv": [1.5, 5.75, 1.625, 6.5], "texture": "#2"},
				"up": {"uv": [0.25, 8.625, 0, 8.5], "texture": "#2"},
				"down": {"uv": [8.75, 0, 8.5, 0.125], "texture": "#2"}
			}
		},
		{
			"from": [7.56979, 6.9699, 17.14174],
			"to": [8.24263, 8.10532, 18.52948],
			"rotation": {"angle": 0, "axis": "y", "origin": [6.30821, -1.5247, 1.87669]},
			"faces": {
				"north": {"uv": [5.5, 8.75, 5.625, 8.9375], "texture": "#2"},
				"east": {"uv": [5.5, 7.75, 5.6875, 7.9375], "texture": "#2"},
				"south": {"uv": [8.75, 6.25, 8.875, 6.4375], "texture": "#2"},
				"west": {"uv": [6, 7.75, 6.1875, 7.9375], "texture": "#2"},
				"up": {"uv": [8.875, 6.9375, 8.75, 6.75], "texture": "#2"},
				"down": {"uv": [7.125, 8.75, 7, 8.9375], "texture": "#2"}
			}
		},
		{
			"from": [7.56979, 3.94212, 18.0669],
			"to": [8.24263, 6.42322, 19.03411],
			"rotation": {"angle": -22.5, "axis": "x", "origin": [7.90621, 4.59394, 18.4664]},
			"faces": {
				"north": {"uv": [1.5, 7.25, 1.625, 7.625], "texture": "#2"},
				"east": {"uv": [7.25, 2, 7.375, 2.375], "texture": "#2"},
				"south": {"uv": [2.5, 7.25, 2.625, 7.625], "texture": "#2"},
				"west": {"uv": [7.25, 3.25, 7.375, 3.625], "texture": "#2"},
				"up": {"uv": [9.375, 8.375, 9.25, 8.25], "texture": "#2"},
				"down": {"uv": [8.625, 9.25, 8.5, 9.375], "texture": "#2"}
			}
		},
		{
			"from": [7.52774, 5.91859, -5.89252],
			"to": [8.28469, 6.67554, 0.79383],
			"rotation": {"angle": 45, "axis": "z", "origin": [7.90621, 6.29706, -2.61242]},
			"faces": {
				"north": {"uv": [9.25, 8.75, 9.375, 8.875], "texture": "#2"},
				"east": {"uv": [4.75, 2.75, 5.75, 2.875], "texture": "#2"},
				"south": {"uv": [9, 9.25, 9.125, 9.375], "texture": "#2"},
				"west": {"uv": [4.75, 3.25, 5.75, 3.375], "texture": "#2"},
				"up": {"uv": [4.875, 5.25, 4.75, 4.25], "texture": "#2"},
				"down": {"uv": [5.125, 0, 5, 1], "texture": "#2"}
			}
		},
		{
			"from": [7.58932, 5.91859, -6.98588],
			"to": [8.13601, 6.46527, -5.85046],
			"rotation": {"angle": 45, "axis": "z", "origin": [7.75753, 6.29706, -9.69827]},
			"faces": {
				"north": {"uv": [11.5, 4, 11.5625, 4.0625], "texture": "#2"},
				"east": {"uv": [2.5, 10, 2.6875, 10.0625], "texture": "#2"},
				"south": {"uv": [4.5, 11.5, 4.5625, 11.5625], "texture": "#2"},
				"west": {"uv": [3, 10, 3.1875, 10.0625], "texture": "#2"},
				"up": {"uv": [10.0625, 3.6875, 10, 3.5], "texture": "#2"},
				"down": {"uv": [10.0625, 4, 10, 4.1875], "texture": "#2"}
			}
		},
		{
			"from": [7.35953, 5.70833, -0.29953],
			"to": [8.4529, 6.9699, 0.2051],
			"rotation": {"angle": 0, "axis": "y", "origin": [4.92049, -1.5247, 5.84013]},
			"faces": {
				"north": {"uv": [7.75, 6.25, 7.9375, 6.4375], "texture": "#2"},
				"east": {"uv": [4.25, 10, 4.3125, 10.1875], "texture": "#2"},
				"south": {"uv": [7.75, 6.75, 7.9375, 6.9375], "texture": "#2"},
				"west": {"uv": [10, 4.5, 10.0625, 4.6875], "texture": "#2"},
				"up": {"uv": [4.9375, 10.0625, 4.75, 10], "texture": "#2"},
				"down": {"uv": [10.1875, 5, 10, 5.0625], "texture": "#2"}
			}
		},
		{
			"from": [7.35953, 5.70833, -5.85046],
			"to": [8.4529, 6.9699, -5.34583],
			"rotation": {"angle": 0, "axis": "y", "origin": [4.92049, -1.5247, 4.15803]},
			"faces": {
				"north": {"uv": [7, 7.75, 7.1875, 7.9375], "texture": "#2"},
				"east": {"uv": [10, 5.5, 10.0625, 5.6875], "texture": "#2"},
				"south": {"uv": [7.75, 7.25, 7.9375, 7.4375], "texture": "#2"},
				"west": {"uv": [6.25, 10, 6.3125, 10.1875], "texture": "#2"},
				"up": {"uv": [10.1875, 7.3125, 10, 7.25], "texture": "#2"},
				"down": {"uv": [7.6875, 10, 7.5, 10.0625], "texture": "#2"}
			}
		},
		{
			"from": [7.31747, 5.2037, -5.72431],
			"to": [8.49494, 6.29706, -1.98163],
			"rotation": {"angle": 0, "axis": "y", "origin": [4.92049, -1.5247, 5.84013]},
			"faces": {
				"north": {"uv": [7.5, 7.75, 7.6875, 7.9375], "texture": "#2"},
				"east": {"uv": [5, 1.25, 5.5625, 1.4375], "texture": "#2"},
				"south": {"uv": [0, 8, 0.1875, 8.1875], "texture": "#2"},
				"west": {"uv": [2, 5, 2.5625, 5.1875], "texture": "#2"},
				"up": {"uv": [3.1875, 5.5625, 3, 5], "texture": "#2"},
				"down": {"uv": [3.6875, 5, 3.5, 5.5625], "texture": "#2"}
			}
		},
		{
			"from": [7.27374, 5.20201, -2.31973],
			"to": [8.53868, 6.29874, -1.97995],
			"rotation": {"angle": 0, "axis": "y", "origin": [4.92049, -1.5247, 5.84013]},
			"faces": {
				"north": {"uv": [8, 0, 8.1875, 0.1875], "texture": "#2"},
				"east": {"uv": [10, 7.75, 10.0625, 7.9375], "texture": "#2"},
				"south": {"uv": [0.5, 8, 0.6875, 8.1875], "texture": "#2"},
				"west": {"uv": [8, 10, 8.0625, 10.1875], "texture": "#2"},
				"up": {"uv": [10.1875, 9.3125, 10, 9.25], "texture": "#2"},
				"down": {"uv": [10.1875, 9.75, 10, 9.8125], "texture": "#2"}
			}
		},
		{
			"from": [7.27374, 5.20201, -5.8942],
			"to": [8.53868, 6.29874, -5.55441],
			"rotation": {"angle": 0, "axis": "y", "origin": [4.92049, -1.5247, 5.3355]},
			"faces": {
				"north": {"uv": [8, 0.5, 8.1875, 0.6875], "texture": "#2"},
				"east": {"uv": [0, 10.25, 0.0625, 10.4375], "texture": "#2"},
				"south": {"uv": [1, 8, 1.1875, 8.1875], "texture": "#2"},
				"west": {"uv": [10.25, 0, 10.3125, 0.1875], "texture": "#2"},
				"up": {"uv": [0.6875, 10.3125, 0.5, 10.25], "texture": "#2"},
				"down": {"uv": [10.4375, 0.5, 10.25, 0.5625], "texture": "#2"}
			}
		},
		{
			"from": [7.02223, 3.85802, -5.76636],
			"to": [8.32586, 5.16165, -0.63595],
			"rotation": {"angle": 45, "axis": "z", "origin": [7.40071, 4.95138, -3.03295]},
			"faces": {
				"north": {"uv": [8, 1, 8.1875, 1.1875], "texture": "#2"},
				"east": {"uv": [4, 1.25, 4.75, 1.4375], "texture": "#2"},
				"south": {"uv": [1.5, 8, 1.6875, 8.1875], "texture": "#2"},
				"west": {"uv": [4.25, 3.75, 5, 3.9375], "texture": "#2"},
				"up": {"uv": [4.4375, 5, 4.25, 4.25], "texture": "#2"},
				"down": {"uv": [4.6875, 0, 4.5, 0.75], "texture": "#2"}
			}
		},
		{
			"from": [7.21745, 4.18063, -1.14058],
			"to": [8.64723, 5.61042, -0.80416],
			"rotation": {"angle": 45, "axis": "z", "origin": [7.99542, 4.83244, -3.03295]},
			"faces": {
				"north": {"uv": [2.5, 8, 2.6875, 8.1875], "texture": "#2"},
				"east": {"uv": [1, 10.25, 1.0625, 10.4375], "texture": "#2"},
				"south": {"uv": [8, 4.25, 8.1875, 4.4375], "texture": "#2"},
				"west": {"uv": [10.25, 1, 10.3125, 1.1875], "texture": "#2"},
				"up": {"uv": [1.6875, 10.3125, 1.5, 10.25], "texture": "#2"},
				"down": {"uv": [2.1875, 10.25, 2, 10.3125], "texture": "#2"}
			}
		},
		{
			"from": [7.19132, 4.11755, -2.31805],
			"to": [8.62111, 5.54733, -1.98163],
			"rotation": {"angle": 45, "axis": "z", "origin": [7.90621, 4.83244, -2.14984]},
			"faces": {
				"north": {"uv": [8, 4.75, 8.1875, 4.9375], "texture": "#2"},
				"east": {"uv": [10.25, 2.5, 10.3125, 2.6875], "texture": "#2"},
				"south": {"uv": [8, 5.25, 8.1875, 5.4375], "texture": "#2"},
				"west": {"uv": [10.25, 3, 10.3125, 3.1875], "texture": "#2"},
				"up": {"uv": [3.6875, 10.3125, 3.5, 10.25], "texture": "#2"},
				"down": {"uv": [5.4375, 10.25, 5.25, 10.3125], "texture": "#2"}
			}
		},
		{
			"from": [7.19132, 4.11755, -3.1591],
			"to": [8.62111, 5.54733, -2.82268],
			"rotation": {"angle": 45, "axis": "z", "origin": [7.90621, 4.83244, -2.14984]},
			"faces": {
				"north": {"uv": [8, 5.75, 8.1875, 5.9375], "texture": "#2"},
				"east": {"uv": [5.75, 10.25, 5.8125, 10.4375], "texture": "#2"},
				"south": {"uv": [6.5, 8, 6.6875, 8.1875], "texture": "#2"},
				"west": {"uv": [10.25, 6, 10.3125, 6.1875], "texture": "#2"},
				"up": {"uv": [10.4375, 6.5625, 10.25, 6.5], "texture": "#2"},
				"down": {"uv": [6.9375, 10.25, 6.75, 10.3125], "texture": "#2"}
			}
		},
		{
			"from": [7.19132, 4.11755, -5.89252],
			"to": [8.62111, 5.54733, -5.5561],
			"rotation": {"angle": 45, "axis": "z", "origin": [7.90621, 4.83244, -2.65447]},
			"faces": {
				"north": {"uv": [8, 7.75, 8.1875, 7.9375], "texture": "#2"},
				"east": {"uv": [10.25, 8.25, 10.3125, 8.4375], "texture": "#2"},
				"south": {"uv": [3.5, 8.25, 3.6875, 8.4375], "texture": "#2"},
				"west": {"uv": [8.5, 10.25, 8.5625, 10.4375], "texture": "#2"},
				"up": {"uv": [10.4375, 8.8125, 10.25, 8.75], "texture": "#2"},
				"down": {"uv": [9.1875, 10.25, 9, 10.3125], "texture": "#2"}
			}
		},
		{
			"from": [7.04687, 3.85802, -0.63595],
			"to": [8.26639, 5.07754, -0.5098],
			"rotation": {"angle": 45, "axis": "z", "origin": [7.34123, 4.95138, -3.03295]},
			"faces": {
				"north": {"uv": [4, 8.25, 4.1875, 8.4375], "texture": "#2"},
				"east": {"uv": [9.5, 10.25, 9.5625, 10.4375], "texture": "#2"},
				"south": {"uv": [5.5, 8.25, 5.6875, 8.4375], "texture": "#2"},
				"west": {"uv": [10, 10.25, 10.0625, 10.4375], "texture": "#2"},
				"up": {"uv": [10.6875, 1.5625, 10.5, 1.5], "texture": "#2"},
				"down": {"uv": [10.6875, 2, 10.5, 2.0625], "texture": "#2"}
			}
		},
		{
			"from": [8.2216, 7.22453, 8.60509],
			"to": [8.72623, 7.60301, 8.68919],
			"rotation": {"angle": 0, "axis": "y", "origin": [6.24513, -2.95449, 2.17105]},
			"faces": {
				"north": {"uv": [11.5, 4.5, 11.5625, 4.5625], "texture": "#2"},
				"east": {"uv": [11.5, 5, 11.5625, 5.0625], "texture": "#2"},
				"south": {"uv": [11.5, 5.5, 11.5625, 5.5625], "texture": "#2"},
				"west": {"uv": [6, 11.5, 6.0625, 11.5625], "texture": "#2"},
				"up": {"uv": [7.0625, 11.5625, 7, 11.5], "texture": "#2"},
				"down": {"uv": [11.5625, 7, 11.5, 7.0625], "texture": "#2"}
			}
		},
		{
			"from": [8.72623, 7.18248, 8.56303],
			"to": [9.69344, 7.64506, 8.73124],
			"rotation": {"angle": 0, "axis": "y", "origin": [6.24513, -2.95449, 2.17105]},
			"faces": {
				"north": {"uv": [6.75, 10.75, 6.875, 10.8125], "texture": "#2"},
				"east": {"uv": [7.5, 11.5, 7.5625, 11.5625], "texture": "#2"},
				"south": {"uv": [10.75, 8, 10.875, 8.0625], "texture": "#2"},
				"west": {"uv": [11.5, 7.5, 11.5625, 7.5625], "texture": "#2"},
				"up": {"uv": [8.375, 10.8125, 8.25, 10.75], "texture": "#2"},
				"down": {"uv": [10.875, 8.5, 10.75, 8.5625], "texture": "#2"}
			}
		},
		{
			"from": [8.2216, 5.91859, 8.18456],
			"to": [8.34776, 8.06327, 14.53449],
			"rotation": {"angle": 0, "axis": "y", "origin": [6.24513, -2.95449, 2.17105]},
			"faces": {
				"north": {"uv": [1.75, 9, 1.8125, 9.3125], "texture": "#2"},
				"east": {"uv": [1, 1, 1.9375, 1.3125], "texture": "#2"},
				"south": {"uv": [2.25, 9, 2.3125, 9.3125], "texture": "#2"},
				"west": {"uv": [1, 1.75, 1.9375, 2.0625], "texture": "#2"},
				"up": {"uv": [5.5625, 7.4375, 5.5, 6.5], "texture": "#2"},
				"down": {"uv": [1.0625, 6.75, 1, 7.6875], "texture": "#2"}
			}
		},
		{
			"from": [8.55802, 6.38117, 13.8196],
			"to": [8.72623, 7.09606, 16.30069],
			"rotation": {"angle": -22.5, "axis": "x", "origin": [8.64213, 7.05401, 16.00633]},
			"faces": {
				"north": {"uv": [8.75, 10.75, 8.8125, 10.875], "texture": "#2"},
				"east": {"uv": [3.5, 7.25, 3.875, 7.375], "texture": "#2"},
				"south": {"uv": [9.25, 10.75, 9.3125, 10.875], "texture": "#2"},
				"west": {"uv": [4.25, 7.25, 4.625, 7.375], "texture": "#2"},
				"up": {"uv": [7.5625, 9.125, 7.5, 8.75], "texture": "#2"},
				"down": {"uv": [8.0625, 8.75, 8, 9.125], "texture": "#2"}
			}
		},
		{
			"from": [8.55802, 7.09606, 12.34776],
			"to": [8.72623, 7.64274, 14.82886],
			"rotation": {"angle": -22.5, "axis": "x", "origin": [8.64213, 7.05401, 16.00633]},
			"faces": {
				"north": {"uv": [11.5, 9, 11.5625, 9.0625], "texture": "#2"},
				"east": {"uv": [8.75, 7.25, 9.125, 7.3125], "texture": "#2"},
				"south": {"uv": [11.5, 9.5, 11.5625, 9.5625], "texture": "#2"},
				"west": {"uv": [8.5, 8.75, 8.875, 8.8125], "texture": "#2"},
				"up": {"uv": [0.0625, 9.375, 0, 9], "texture": "#2"},
				"down": {"uv": [0.5625, 9, 0.5, 9.375], "texture": "#2"}
			}
		},
		{
			"from": [7.35953, 6.71759, -5.34583],
			"to": [8.4529, 6.9699, -3.83194],
			"rotation": {"angle": 0, "axis": "y", "origin": [4.92049, -1.5247, 5.67192]},
			"faces": {
				"north": {"uv": [2.5, 10.5, 2.6875, 10.5625], "texture": "#2"},
				"east": {"uv": [9.5, 1.5, 9.75, 1.5625], "texture": "#2"},
				"south": {"uv": [3, 10.5, 3.1875, 10.5625], "texture": "#2"},
				"west": {"uv": [9.5, 2, 9.75, 2.0625], "texture": "#2"},
				"up": {"uv": [5.1875, 7.5, 5, 7.25], "texture": "#2"},
				"down": {"uv": [6.1875, 7.25, 6, 7.5], "texture": "#2"}
			}
		},
		{
			"from": [7.31747, 6.9699, -5.17762],
			"to": [7.48568, 7.39043, -4.7571],
			"rotation": {"angle": 45, "axis": "x", "origin": [5.76154, 7.18017, -4.96736]},
			"faces": {
				"north": {"uv": [11.5, 10, 11.5625, 10.0625], "texture": "#2"},
				"east": {"uv": [11.25, 11.5, 11.3125, 11.5625], "texture": "#2"},
				"south": {"uv": [0, 11.75, 0.0625, 11.8125], "texture": "#2"},
				"west": {"uv": [11.75, 0, 11.8125, 0.0625], "texture": "#2"},
				"up": {"uv": [0.5625, 11.8125, 0.5, 11.75], "texture": "#2"},
				"down": {"uv": [11.8125, 0.5, 11.75, 0.5625], "texture": "#2"}
			}
		},
		{
			"from": [7.35953, 6.9699, -5.35262],
			"to": [7.52774, 7.24043, -4.67299],
			"rotation": {"angle": 0, "axis": "y", "origin": [4.92049, -1.60881, 5.67192]},
			"faces": {
				"north": {"uv": [1, 11.75, 1.0625, 11.8125], "texture": "#2"},
				"east": {"uv": [11.75, 1, 11.8125, 1.0625], "texture": "#2"},
				"south": {"uv": [1.5, 11.75, 1.5625, 11.8125], "texture": "#2"},
				"west": {"uv": [2, 11.75, 2.0625, 11.8125], "texture": "#2"},
				"up": {"uv": [11.8125, 2.5625, 11.75, 2.5], "texture": "#2"},
				"down": {"uv": [11.8125, 3, 11.75, 3.0625], "texture": "#2"}
			}
		},
		{
			"from": [8.28469, 6.9699, -5.35262],
			"to": [8.4529, 7.24043, -4.67299],
			"rotation": {"angle": 0, "axis": "y", "origin": [4.92049, -1.60881, 5.67192]},
			"faces": {
				"north": {"uv": [3.5, 11.75, 3.5625, 11.8125], "texture": "#2"},
				"east": {"uv": [5, 11.75, 5.0625, 11.8125], "texture": "#2"},
				"south": {"uv": [5.5, 11.75, 5.5625, 11.8125], "texture": "#2"},
				"west": {"uv": [11.75, 6, 11.8125, 6.0625], "texture": "#2"},
				"up": {"uv": [6.5625, 11.8125, 6.5, 11.75], "texture": "#2"},
				"down": {"uv": [11.8125, 6.5, 11.75, 6.5625], "texture": "#2"}
			}
		},
		{
			"from": [8.32673, 6.9699, -5.17762],
			"to": [8.49494, 7.39043, -4.7571],
			"rotation": {"angle": 45, "axis": "x", "origin": [5.76154, 7.18017, -4.96736]},
			"faces": {
				"north": {"uv": [8, 11.75, 8.0625, 11.8125], "texture": "#2"},
				"east": {"uv": [11.75, 8, 11.8125, 8.0625], "texture": "#2"},
				"south": {"uv": [8.5, 11.75, 8.5625, 11.8125], "texture": "#2"},
				"west": {"uv": [11.75, 8.5, 11.8125, 8.5625], "texture": "#2"},
				"up": {"uv": [9.0625, 11.8125, 9, 11.75], "texture": "#2"},
				"down": {"uv": [9.5625, 11.75, 9.5, 11.8125], "texture": "#2"}
			}
		},
		{
			"from": [7.35953, 7.22222, -5.35262],
			"to": [8.4529, 7.39043, -1.7361],
			"rotation": {"angle": 0, "axis": "x", "origin": [7.90621, 7.30632, -3.54436]},
			"faces": {
				"north": {"uv": [4.1875, 10.5, 4, 10.5625], "rotation": 180, "texture": "#2"},
				"east": {"uv": [6, 8.25, 6.0625, 8.8125], "rotation": 270, "texture": "#2"},
				"south": {"uv": [10.6875, 3.5625, 10.5, 3.5], "texture": "#2"},
				"west": {"uv": [8.25, 6.25, 8.3125, 6.8125], "rotation": 90, "texture": "#2"},
				"up": {"uv": [0, 5.25, 0.1875, 5.8125], "rotation": 180, "texture": "#2"},
				"down": {"uv": [0.5, 5.25, 0.6875, 5.8125], "texture": "#2"}
			}
		},
		{
			"from": [6.98105, 5.49807, 2.47593],
			"to": [7.14926, 5.66628, 3.98982],
			"rotation": {"angle": 0, "axis": "y", "origin": [4.62611, -1.5247, 5.67192]},
			"faces": {
				"north": {"uv": [10, 11.75, 10.0625, 11.8125], "texture": "#2"},
				"east": {"uv": [2.75, 9.5, 3, 9.5625], "texture": "#2"},
				"south": {"uv": [10.5, 11.75, 10.5625, 11.8125], "texture": "#2"},
				"west": {"uv": [3.25, 9.5, 3.5, 9.5625], "texture": "#2"},
				"up": {"uv": [9.5625, 4, 9.5, 3.75], "texture": "#2"},
				"down": {"uv": [4.3125, 9.5, 4.25, 9.75], "texture": "#2"}
			}
		},
		{
			"name": "left_arm_2nd_layer",
			"from": [4.47203, 1.45114, -4.69933],
			"to": [7.77203, 5.65114, 11.30067],
			"rotation": {"angle": 22.5, "axis": "x", "origin": [4.7985, 2.80114, 1.58168]},
			"faces": {
				"north": {"uv": [14.5, 12, 13.75, 13], "rotation": 180, "texture": "#5"},
				"east": {"uv": [12, 13, 13, 16], "rotation": 270, "texture": "#5"},
				"south": {"uv": [13.75, 13, 13, 12], "texture": "#5"},
				"west": {"uv": [13.75, 13, 14.75, 16], "rotation": 90, "texture": "#5"},
				"up": {"uv": [13, 13, 13.75, 16], "rotation": 180, "texture": "#5"},
				"down": {"uv": [14.75, 13, 15.5, 16], "texture": "#5"}
			}
		},
		{
			"name": "left_arm",
			"from": [4.62203, 1.50114, -4.19933],
			"to": [7.62203, 5.50114, 10.80067],
			"rotation": {"angle": 22.5, "axis": "x", "origin": [4.7985, 2.80114, 1.58168]},
			"faces": {
				"north": {"uv": [10.5, 12, 9.75, 13], "rotation": 180, "texture": "#5"},
				"east": {"uv": [8, 13, 9, 16], "rotation": 270, "texture": "#5"},
				"south": {"uv": [9.75, 13, 9, 12], "texture": "#5"},
				"west": {"uv": [9.75, 13, 10.75, 16], "rotation": 90, "texture": "#5"},
				"up": {"uv": [9, 13, 9.75, 16], "rotation": 180, "texture": "#5"},
				"down": {"uv": [10.75, 13, 11.5, 16], "texture": "#5"}
			}
		},
		{
			"name": "left_arm",
			"from": [4.11764, 1.70114, -4.20499],
			"to": [8.11764, 5.70114, 10.89501],
			"rotation": {"angle": 22.5, "axis": "x", "origin": [4.7985, 2.80114, 1.58168]},
			"faces": {
				"north": {"uv": [11, 12, 10, 13], "rotation": 180, "texture": "#6"},
				"east": {"uv": [8, 13, 9, 16], "rotation": 270, "texture": "#6"},
				"south": {"uv": [10, 13, 9, 12], "texture": "#6"},
				"west": {"uv": [10, 13, 11, 16], "rotation": 90, "texture": "#6"},
				"up": {"uv": [9, 13, 10, 16], "rotation": 180, "texture": "#6"},
				"down": {"uv": [11, 13, 12, 16], "texture": "#6"}
			}
		},
		{
			"name": "left_arm_2nd_layer",
			"from": [3.91764, 1.60114, -4.70499],
			"to": [8.21764, 5.80114, 11.39501],
			"rotation": {"angle": 22.5, "axis": "x", "origin": [4.7985, 2.80114, 1.58168]},
			"faces": {
				"north": {"uv": [15, 12, 14, 13], "rotation": 180, "texture": "#6"},
				"east": {"uv": [12, 13, 13, 16], "rotation": 270, "texture": "#6"},
				"south": {"uv": [14, 13, 13, 12], "texture": "#6"},
				"west": {"uv": [14, 13, 15, 16], "rotation": 90, "texture": "#6"},
				"up": {"uv": [13, 13, 14, 16], "rotation": 180, "texture": "#6"},
				"down": {"uv": [15, 13, 16, 16], "texture": "#6"}
			}
		},
		{
			"name": "right_arm_2nd_layer",
			"from": [7.51997, 1.59135, 2.08648],
			"to": [10.81997, 5.89135, 18.08648],
			"rotation": {"angle": 45, "axis": "z", "origin": [8.39247, 3.74135, 10.14898]},
			"faces": {
				"north": {"uv": [12.5, 8, 11.75, 9], "rotation": 180, "texture": "#5"},
				"east": {"uv": [10, 9, 11, 12], "rotation": 270, "texture": "#5"},
				"south": {"uv": [11.75, 9, 11, 8], "texture": "#5"},
				"west": {"uv": [11.75, 9, 12.75, 12], "rotation": 90, "texture": "#5"},
				"up": {"uv": [11, 9, 11.75, 12], "rotation": 180, "texture": "#5"},
				"down": {"uv": [12.75, 9, 13.5, 12], "texture": "#5"}
			}
		},
		{
			"name": "right_arm",
			"from": [7.66997, 1.74135, 2.58648],
			"to": [10.66997, 5.74135, 17.58648],
			"rotation": {"angle": 45, "axis": "z", "origin": [8.39247, 3.74135, 10.14898]},
			"faces": {
				"north": {"uv": [12.5, 4, 11.75, 5], "rotation": 180, "texture": "#5"},
				"east": {"uv": [10, 5, 11, 8], "rotation": 270, "texture": "#5"},
				"south": {"uv": [11.75, 5, 11, 4], "texture": "#5"},
				"west": {"uv": [11.75, 5, 12.75, 8], "rotation": 90, "texture": "#5"},
				"up": {"uv": [11, 5, 11.75, 8], "rotation": 180, "texture": "#5"},
				"down": {"uv": [12.75, 5, 13.5, 8], "texture": "#5"}
			}
		},
		{
			"name": "right_arm",
			"from": [6.66997, 1.74135, 2.58648],
			"to": [10.66997, 5.74135, 17.83648],
			"rotation": {"angle": 45, "axis": "z", "origin": [8.39247, 3.74135, 10.14898]},
			"faces": {
				"north": {"uv": [13, 4, 12, 5], "rotation": 180, "texture": "#6"},
				"east": {"uv": [10, 5, 11, 8], "rotation": 270, "texture": "#6"},
				"south": {"uv": [12, 5, 11, 4], "texture": "#6"},
				"west": {"uv": [12, 5, 13, 8], "rotation": 90, "texture": "#6"},
				"up": {"uv": [11, 5, 12, 8], "rotation": 180, "texture": "#6"},
				"down": {"uv": [13, 5, 14, 8], "texture": "#6"}
			}
		},
		{
			"name": "right_arm_2nd_layer",
			"from": [6.46997, 1.64135, 2.08648],
			"to": [10.75997, 5.84135, 18.33648],
			"rotation": {"angle": 45, "axis": "z", "origin": [8.39247, 3.74135, 10.14898]},
			"faces": {
				"north": {"uv": [13, 8, 12, 9], "rotation": 180, "texture": "#6"},
				"east": {"uv": [10, 9, 11, 12], "rotation": 270, "texture": "#6"},
				"south": {"uv": [12, 9, 11, 8], "texture": "#6"},
				"west": {"uv": [12, 9, 13, 12], "rotation": 90, "texture": "#6"},
				"up": {"uv": [11, 9, 12, 12], "rotation": 180, "texture": "#6"},
				"down": {"uv": [13, 9, 14, 12], "texture": "#6"}
			}
		}
	],
	"display": {
		"thirdperson_righthand": {
			"translation": [-0.5, 2.25, -1.5],
			"scale": [0, 0, 0]
		},
		"thirdperson_lefthand": {
			"scale": [0, 0, 0]
		},
		"firstperson_righthand": {
			"rotation": [10.5, 4.5, -8],
			"translation": [-7.2, 16.8, 8.88],
			"scale": [0.47, 0.47, 0.47]
		},
		"firstperson_lefthand": {
			"rotation": [-3, -0.5, 1],
			"translation": [-3, 16, -8.5]
		},
		"ground": {
			"translation": [8.5, -18.5, -4]
		},
		"gui": {
			"rotation": [0, -95.5, 0],
			"translation": [4.5, 2.5, 0],
			"scale": [0, 0, 0]
		},
		"head": {
			"translation": [0, -29, 0],
			"scale": [1.6, 1.6, 1.6]
		},
		"fixed": {
			"rotation": [0, -90, 0],
			"translation": [4.75, 4, -1.25],
			"scale": [0, 0, 0]
		}
	},
	"groups": [
		{
			"name": "Groza",
			"origin": [8.025, 8, 6.31875],
			"color": 0,
			"children": [
				{
					"name": "Receiver",
					"origin": [8.05, 8, 6.31875],
					"color": 0,
					"children": [0, 1, 2]
				},
				{
					"name": "Magazine",
					"origin": [8.05, 8, 6.31875],
					"color": 0,
					"children": [3, 4, 5, 6, 7, 8]
				},
				{
					"name": "Grip",
					"origin": [8.125, 8, 6.31875],
					"color": 0,
					"children": [9, 10, 11, 12, 13, 14, 15, 16, 17]
				},
				{
					"name": "Dustcover",
					"origin": [8.00625, 8, 6.31875],
					"color": 0,
					"children": [18, 19, 20, 21, 22, 23, 24]
				},
				{
					"name": "Mount",
					"origin": [8.05, 8, 6.31875],
					"color": 0,
					"children": [25, 26, 27, 28, 29, 30, 31, 32, 33, 34, 35, 36, 37, 38, 39, 40, 41, 42]
				},
				{
					"name": "Wood",
					"origin": [8.05, 8, 6.31875],
					"color": 0,
					"children": [43, 44]
				},
				{
					"name": "Stock",
					"origin": [8.05, 8, 6.31875],
					"color": 0,
					"children": [45, 46, 47]
				},
				{
					"name": "Barrel",
					"origin": [8.05, 8, 6.31875],
					"color": 0,
					"children": [48, 49, 50, 51]
				},
				{
					"name": "Grenade Launcher",
					"origin": [8.01768, 8, 8],
					"color": 0,
					"children": [52, 53, 54, 55, 56, 57, 58, 59, 60]
				},
				{
					"name": "Charging Bolt",
					"origin": [8.0125, 8, 6.31875],
					"color": 0,
					"children": [61, 62, 63]
				},
				{
					"name": "Fire Selector",
					"origin": [8.025, 8, 6.31875],
					"color": 0,
					"children": [64, 65]
				},
				{
					"name": "Grenade Sights",
					"origin": [6.225, -0.05, 7.4],
					"color": 0,
					"children": [66, 67, 68, 69, 70, 71]
				},
				72
			]
		},
		{
			"name": "Player",
			"origin": [8, 8, 8],
			"color": 0,
			"children": [
				{
					"name": "left_main",
					"origin": [8, 8, 8],
					"color": 0,
					"children": [
						{
							"name": "alex",
							"origin": [5.3, 1.4, 17.3],
							"color": 0,
							"children": [73, 74]
						},
						{
							"name": "steve",
							"origin": [8, 8, 8],
							"color": 0,
							"children": [75, 76]
						}
					]
				},
				{
					"name": "right_main",
					"origin": [13.5, 2.5, 21],
					"color": 0,
					"children": [
						{
							"name": "alex",
							"origin": [8.5, 2.5, 16.75],
							"color": 0,
							"children": [77, 78]
						},
						{
							"name": "steve",
							"origin": [0, 0, 0],
							"color": 0,
							"children": [79, 80]
						}
					]
				}
			]
		}
	]
}