[

    {"function": "minecraft:set_nbt","tag": "{CustomModelData:3200}","conditions": [{"condition": "minecraft:entity_scores","entity": "this","scores": { "fwg.burst_tick" : 1, "fwg.cooldown" : 11}}]},

    {"function": "minecraft:set_nbt","tag": "{CustomModelData:3201}","conditions": [{"condition": "minecraft:entity_scores","entity": "this","scores": { "fwg.cooldown" : 9}}]},
    {"function": "minecraft:set_nbt","tag": "{CustomModelData:3202}","conditions": [{"condition": "minecraft:entity_scores","entity": "this","scores": { "fwg.cooldown" : 8}}]},
    {"function": "minecraft:set_nbt","tag": "{CustomModelData:3203}","conditions": [{"condition": "minecraft:entity_scores","entity": "this","scores": { "fwg.cooldown" : 7}}]},
    {"function": "minecraft:set_nbt","tag": "{CustomModelData:3204}","conditions": [{"condition": "minecraft:entity_scores","entity": "this","scores": { "fwg.cooldown" : 5}}]},
    {"function": "minecraft:set_nbt","tag": "{CustomModelData:3205}","conditions": [{"condition": "minecraft:entity_scores","entity": "this","scores": { "fwg.cooldown" : 3}}]},
    {"function": "minecraft:set_nbt","tag": "{CustomModelData:3001}","conditions": [{"condition": "minecraft:entity_scores","entity": "this","scores": { "fwg.cooldown" : 1}}]}
    
  ]
  