[
    {"function": "minecraft:set_nbt","tag": "{CustomModelData:5101}","conditions": [{"condition": "minecraft:entity_scores","entity": "this","scores": { "fwg.draw" : 22}}]},
    {"function": "minecraft:set_nbt","tag": "{CustomModelData:5102}","conditions": [{"condition": "minecraft:entity_scores","entity": "this","scores": { "fwg.draw" : 20}}]},
    {"function": "minecraft:set_nbt","tag": "{CustomModelData:5103}","conditions": [{"condition": "minecraft:entity_scores","entity": "this","scores": { "fwg.draw" : 18}}]},
    {"function": "minecraft:set_nbt","tag": "{CustomModelData:5104}","conditions": [{"condition": "minecraft:entity_scores","entity": "this","scores": { "fwg.draw" : 16}}]},
    {"function": "minecraft:set_nbt","tag": "{CustomModelData:5105}","conditions": [{"condition": "minecraft:entity_scores","entity": "this","scores": { "fwg.draw" : 15}}]},
    {"function": "minecraft:set_nbt","tag": "{CustomModelData:5106}","conditions": [{"condition": "minecraft:entity_scores","entity": "this","scores": { "fwg.draw" : 13}}]},
    {"function": "minecraft:set_nbt","tag": "{CustomModelData:5107}","conditions": [{"condition": "minecraft:entity_scores","entity": "this","scores": { "fwg.draw" : 12}}]},
    {"function": "minecraft:set_nbt","tag": "{CustomModelData:5108}","conditions": [{"condition": "minecraft:entity_scores","entity": "this","scores": { "fwg.draw" : 11}}]},
    {"function": "minecraft:set_nbt","tag": "{CustomModelData:5109}","conditions": [{"condition": "minecraft:entity_scores","entity": "this","scores": { "fwg.draw" : 9}}]},
    {"function": "minecraft:set_nbt","tag": "{CustomModelData:5110}","conditions": [{"condition": "minecraft:entity_scores","entity": "this","scores": { "fwg.draw" : 7}}]},
    {"function": "minecraft:set_nbt","tag": "{CustomModelData:5001}","conditions": [{"condition": "minecraft:entity_scores","entity": "this","scores": { "fwg.draw" : 5}}]}
  ]
  