{
	"credit": "Made with Blockbench",
	"textures": {
		"0": "fw:guns/05/supernova",
		"particle": "fw:player/steve"
	},
	"elements": [
		{
			"from": [7.54, 7.29563, 5.77188],
			"to": [8.46, 8.15813, 11.69438],
			"rotation": {"angle": 0, "axis": "y", "origin": [7.54, 4.24813, 8.93437]},
			"faces": {
				"north": {"uv": [6.5, 6.25, 6.6875, 6.4375], "texture": "#0"},
				"east": {"uv": [2.25, 1, 3.5625, 1.1875], "texture": "#0"},
				"south": {"uv": [6.75, 0, 6.9375, 0.1875], "texture": "#0"},
				"west": {"uv": [2.25, 1.5, 3.5625, 1.6875], "texture": "#0"},
				"up": {"uv": [2.4375, 3.3125, 2.25, 2], "texture": "#0"},
				"down": {"uv": [1.1875, 2.5, 1, 3.8125], "texture": "#0"}
			}
		},
		{
			"from": [7.54, 8.15813, 5.77188],
			"to": [8.46, 8.38813, 8.76188],
			"rotation": {"angle": 0, "axis": "y", "origin": [7.54, 3.81688, 8.93437]},
			"faces": {
				"north": {"uv": [8.75, 5.25, 8.9375, 5.3125], "texture": "#0"},
				"east": {"uv": [6.5, 4.25, 7.125, 4.3125], "texture": "#0"},
				"south": {"uv": [5.5, 8.75, 5.6875, 8.8125], "texture": "#0"},
				"west": {"uv": [6.5, 4.75, 7.125, 4.8125], "texture": "#0"},
				"up": {"uv": [0.6875, 5.125, 0.5, 4.5], "texture": "#0"},
				"down": {"uv": [4.6875, 1, 4.5, 1.625], "texture": "#0"}
			}
		}
	],
	"display": {
		"thirdperson_righthand": {
			"rotation": [90, 0, 0],
			"translation": [0, 4, 1.75],
			"scale": [1.31, 1.31, 1.31]
		},
		"thirdperson_lefthand": {
			"rotation": [90, 0, 0],
			"translation": [0, 4, 1.75],
			"scale": [1.31, 1.31, 1.31]
		},
		"firstperson_righthand": {
			"rotation": [90, 18, 3],
			"translation": [-3.25, 5.25, 2.5],
			"scale": [1.31, 1.31, 1.31]
		},
		"firstperson_lefthand": {
			"rotation": [90, 18, 3],
			"translation": [-3.25, 5.25, 2.5],
			"scale": [1.31, 1.31, 1.31]
		},
		"ground": {
			"scale": [1.64, 1.64, 1.64]
		},
		"gui": {
			"rotation": [23, -145.5, 1],
			"translation": [1.5, 0.25, 0],
			"scale": [3.01, 3.01, 3.01]
		},
		"head": {
			"rotation": [91, 44, -86],
			"translation": [4.25, -9.5, 5],
			"scale": [0, 0, 0]
		},
		"fixed": {
			"rotation": [91, 44, -86],
			"translation": [-0.5, 0.75, 0],
			"scale": [1.54, 1.54, 1.54]
		}
	},
	"groups": [
		{
			"name": "Pump",
			"origin": [7.98208, 12.54387, 10.16697],
			"color": 0,
			"children": [0, 1]
		}
	]
}