[
  {
    "function": "minecraft:set_nbt",
    "tag": "{display:{Name:'{\"text\":\"Explosives Blueprint (85mm PG-7 Rocket)\",\"color\":\"#1F87FF\",\"italic\":false}'},stats:{type:0,item:5,ammo:85}}",
    "conditions": [{"condition": "minecraft:entity_properties","entity": "this",
        "predicate": {"nbt": "{SelectedItem:{tag:{stats:{type:0,item:5,ammo:0}}}}"}}]
  },

  {
    "function": "minecraft:set_nbt",
    "tag": "{display:{Name:'{\"text\":\"Explosives Blueprint (85mm PG-7 Rocket)\",\"color\":\"#1F87FF\",\"italic\":false}'},stats:{type:0,item:5,ammo:85}}",
    "conditions": [{"condition": "minecraft:entity_properties","entity": "this",
        "predicate": {"nbt": "{SelectedItem:{tag:{stats:{type:0,item:5,ammo:40}}}}"}}]
  },
  {
    "function": "minecraft:set_nbt",
    "tag": "{display:{Name:'{\"text\":\"Explosives Blueprint (Doctors Repellant)\",\"color\":\"#1F87FF\",\"italic\":false}'},stats:{type:0,item:5,ammo:67}}",
    "conditions": [{"condition": "minecraft:entity_properties","entity": "this",
        "predicate": {"nbt": "{SelectedItem:{tag:{stats:{type:0,item:5,ammo:85}}}}"}}]
  },
  {
    "function": "minecraft:set_nbt",
    "tag": "{display:{Name:'{\"text\":\"Explosives Blueprint (40mm VOG-25 Grenade)\",\"color\":\"#1F87FF\",\"italic\":false}'},stats:{type:0,item:5,ammo:40}}",
    "conditions": [{"condition": "minecraft:entity_properties","entity": "this",
        "predicate": {"nbt": "{SelectedItem:{tag:{stats:{type:0,item:5,ammo:67}}}}"}}]
  }
]
