[
  {
    "function": "minecraft:set_nbt",
    "tag": "{display:{Name:'{\"text\":\"Medium Ammo Blueprint (.357 Magnum)\",\"color\":\"#1F87FF\",\"italic\":false}'},stats:{type:0,item:2,ammo:357}}",
    "conditions": [{"condition": "minecraft:entity_properties","entity": "this",
        "predicate": {"nbt": "{SelectedItem:{tag:{stats:{type:0,item:2,ammo:0}}}}"}}]
  },

  {
    "function": "minecraft:set_nbt",
    "tag": "{display:{Name:'{\"text\":\"Medium Ammo Blueprint (9x39mm)\",\"color\":\"#1F87FF\",\"italic\":false}'},stats:{type:0,item:2,ammo:939}}",
    "conditions": [{"condition": "minecraft:entity_properties","entity": "this",
        "predicate": {"nbt": "{SelectedItem:{tag:{stats:{type:0,item:2,ammo:357}}}}"}}]
  },
  {
    "function": "minecraft:set_nbt",
    "tag": "{display:{Name:'{\"text\":\"Medium Ammo Blueprint (.357 Magnum)\",\"color\":\"#1F87FF\",\"italic\":false}'},stats:{type:0,item:2,ammo:357}}",
    "conditions": [{"condition": "minecraft:entity_properties","entity": "this",
        "predicate": {"nbt": "{SelectedItem:{tag:{stats:{type:0,item:2,ammo:939}}}}"}}]
  }
]
