[
    {"function": "minecraft:set_nbt","tag": "{CustomModelData:3101}","conditions": [{"condition": "minecraft:entity_scores","entity": "this","scores": { "fwg.draw" : 23}}]},
    {"function": "minecraft:set_nbt","tag": "{CustomModelData:3102}","conditions": [{"condition": "minecraft:entity_scores","entity": "this","scores": { "fwg.draw" : 21}}]},
    
    {"function": "minecraft:set_nbt","tag": "{CustomModelData:3103}","conditions": [{"condition": "minecraft:entity_scores","entity": "this","scores": { "fwg.draw" : 19}}]},
    {"function": "minecraft:set_nbt","tag": "{CustomModelData:3104}","conditions": [{"condition": "minecraft:entity_scores","entity": "this","scores": { "fwg.draw" : 17}}]},
    {"function": "minecraft:set_nbt","tag": "{CustomModelData:3105}","conditions": [{"condition": "minecraft:entity_scores","entity": "this","scores": { "fwg.draw" : 15}}]},

    {"function": "minecraft:set_nbt","tag": "{CustomModelData:3106}","conditions": [{"condition": "minecraft:entity_scores","entity": "this","scores": { "fwg.draw" : 14}}]},
    {"function": "minecraft:set_nbt","tag": "{CustomModelData:3107}","conditions": [{"condition": "minecraft:entity_scores","entity": "this","scores": { "fwg.draw" : 13}}]},
    {"function": "minecraft:set_nbt","tag": "{CustomModelData:3108}","conditions": [{"condition": "minecraft:entity_scores","entity": "this","scores": { "fwg.draw" : 11}}]},
    {"function": "minecraft:set_nbt","tag": "{CustomModelData:3109}","conditions": [{"condition": "minecraft:entity_scores","entity": "this","scores": { "fwg.draw" : 9}}]},
    {"function": "minecraft:set_nbt","tag": "{CustomModelData:3110}","conditions": [{"condition": "minecraft:entity_scores","entity": "this","scores": { "fwg.draw" : 7}}]},
    {"function": "minecraft:set_nbt","tag": "{CustomModelData:3111}","conditions": [{"condition": "minecraft:entity_scores","entity": "this","scores": { "fwg.draw" : 5}}]},

    {"function": "minecraft:set_nbt","tag": "{CustomModelData:3001}","conditions": [{"condition": "minecraft:entity_scores","entity": "this","scores": { "fwg.draw" : 3}}]}
  ]
  