[
    {"function": "minecraft:set_nbt","tag": "{CustomModelData:4201}","conditions": [{"condition": "minecraft:entity_scores","entity": "this","scores": { "fwg.cooldown" : 45}}]},
    {"function": "minecraft:set_nbt","tag": "{CustomModelData:4202}","conditions": [{"condition": "minecraft:entity_scores","entity": "this","scores": { "fwg.cooldown" : 44}}]},
    {"function": "minecraft:set_nbt","tag": "{CustomModelData:4203}","conditions": [{"condition": "minecraft:entity_scores","entity": "this","scores": { "fwg.cooldown" : 43}}]},

    {"function": "minecraft:set_nbt","tag": "{CustomModelData:4204}","conditions": [{"condition": "minecraft:entity_scores","entity": "this","scores": { "fwg.cooldown" : 42}}]},
    {"function": "minecraft:set_nbt","tag": "{CustomModelData:4205}","conditions": [{"condition": "minecraft:entity_scores","entity": "this","scores": { "fwg.cooldown" : 40}}]},

    {"function": "minecraft:set_nbt","tag": "{CustomModelData:4206}","conditions": [{"condition": "minecraft:entity_scores","entity": "this","scores": { "fwg.cooldown" : 32}}]},
    {"function": "minecraft:set_nbt","tag": "{CustomModelData:4207}","conditions": [{"condition": "minecraft:entity_scores","entity": "this","scores": { "fwg.cooldown" : 29}}]},
    {"function": "minecraft:set_nbt","tag": "{CustomModelData:4208}","conditions": [{"condition": "minecraft:entity_scores","entity": "this","scores": { "fwg.cooldown" : 27}}]},
    {"function": "minecraft:set_nbt","tag": "{CustomModelData:4209}","conditions": [{"condition": "minecraft:entity_scores","entity": "this","scores": { "fwg.cooldown" : 25}}]},
    {"function": "minecraft:set_nbt","tag": "{CustomModelData:4210}","conditions": [{"condition": "minecraft:entity_scores","entity": "this","scores": { "fwg.cooldown" : 22}}]},
    {"function": "minecraft:set_nbt","tag": "{CustomModelData:4001}","conditions": [{"condition": "minecraft:entity_scores","entity": "this","scores": { "fwg.cooldown" : 19}}]}
    
 ]
  