{
	"credit": "Made with Blockbench",
	"texture_size": [32, 32],
	"textures": {
		"1": "fw:blueprint/folder_b",
		"2": "fw:blueprint/manila_folder"
	},
	"elements": [
		{
			"from": [5, 0, 2],
			"to": [12, 0.25, 14],
			"rotation": {"angle": 0, "axis": "y", "origin": [7, 0, 7]},
			"faces": {
				"north": {"uv": [7.5, 3, 11, 3.25], "texture": "#2"},
				"east": {"uv": [7, 5.5, 13, 5.75], "texture": "#2"},
				"south": {"uv": [7.5, 3.5, 11, 3.75], "texture": "#2"},
				"west": {"uv": [6.5, 7, 12.5, 7.25], "texture": "#2"},
				"up": {"uv": [3.5, 6, 0, 0], "texture": "#2"},
				"down": {"uv": [7, 0, 3.5, 6], "texture": "#2"}
			}
		},
		{
			"from": [6, 1, 2],
			"to": [12, 1.25, 14],
			"rotation": {"angle": 0, "axis": "y", "origin": [7, 0, 7]},
			"faces": {
				"north": {"uv": [7.5, 4, 10.5, 4.25], "texture": "#2"},
				"east": {"uv": [7.5, 1, 13.5, 1.25], "texture": "#2"},
				"south": {"uv": [7.5, 4.5, 10.5, 4.75], "texture": "#2"},
				"west": {"uv": [7.5, 1.5, 13.5, 1.75], "texture": "#2"},
				"up": {"uv": [3, 12, 0, 6], "texture": "#2"},
				"down": {"uv": [6, 6, 3, 12], "texture": "#2"}
			}
		},
		{
			"from": [5, 1, 2],
			"to": [6, 1.25, 11],
			"rotation": {"angle": 0, "axis": "y", "origin": [7, 0, 7]},
			"faces": {
				"north": {"uv": [9, 5, 9.5, 5.25], "texture": "#2"},
				"east": {"uv": [7.5, 2, 12, 2.25], "texture": "#2"},
				"south": {"uv": [8, 9, 8.5, 9.25], "texture": "#2"},
				"west": {"uv": [7.5, 2.5, 12, 2.75], "texture": "#2"},
				"up": {"uv": [7.5, 5.5, 7, 1], "texture": "#2"},
				"down": {"uv": [6.5, 7, 6, 11.5], "texture": "#2"}
			}
		},
		{
			"from": [4, 0, 11],
			"to": [5, 0.25, 14],
			"rotation": {"angle": 0, "axis": "y", "origin": [7, 0, 7]},
			"faces": {
				"north": {"uv": [9, 8, 9.5, 8.25], "texture": "#2"},
				"east": {"uv": [7.5, 5, 9, 5.25], "texture": "#2"},
				"south": {"uv": [8.5, 9, 9, 9.25], "texture": "#2"},
				"west": {"uv": [8.5, 7.5, 10, 7.75], "texture": "#2"},
				"up": {"uv": [8, 9, 7.5, 7.5], "texture": "#2"},
				"down": {"uv": [8.5, 7.5, 8, 9], "texture": "#2"}
			}
		},
		{
			"from": [12, 0, 2],
			"to": [12.5, 1.25, 14],
			"rotation": {"angle": 0, "axis": "y", "origin": [7, 0, 7]},
			"faces": {
				"north": {"uv": [8.5, 8, 8.75, 8.75], "texture": "#2"},
				"east": {"uv": [6, 6, 12, 6.75], "texture": "#2"},
				"south": {"uv": [7.5, 9, 7.75, 9.75], "texture": "#2"},
				"west": {"uv": [7, 0, 13, 0.75], "texture": "#2"},
				"up": {"uv": [6.75, 13.5, 6.5, 7.5], "texture": "#2"},
				"down": {"uv": [7.25, 7.5, 7, 13.5], "texture": "#2"}
			}
		},
		{
			"name": "blueprint_stack",
			"from": [5.75, 0.25, 2.5],
			"to": [12, 1, 13.5],
			"rotation": {"angle": 0, "axis": "y", "origin": [7, 0, 7]},
			"faces": {
				"north": {"uv": [0, 6, 3, 6.5], "texture": "#1"},
				"east": {"uv": [0, 5.5, 5.5, 6], "texture": "#1"},
				"south": {"uv": [6, 0, 9, 0.5], "texture": "#1"},
				"west": {"uv": [5.5, 5.5, 11, 6], "texture": "#1"},
				"up": {"uv": [3, 5.5, 0, 0], "texture": "#1"},
				"down": {"uv": [6, 0, 3, 5.5], "texture": "#1"}
			}
		}
	],
	"display": {
		"thirdperson_righthand": {
			"rotation": [94, -90, 0],
			"translation": [-6, 2.25, 8.25]
		},
		"thirdperson_lefthand": {
			"rotation": [94, -90, 0],
			"translation": [-6, 2.25, 8.25]
		},
		"firstperson_righthand": {
			"rotation": [45, -90, 0],
			"translation": [-8.75, 8.5, 6.25],
			"scale": [0.69, 0.69, 0.69]
		},
		"firstperson_lefthand": {
			"rotation": [45, -90, 0],
			"translation": [-8.75, 8.5, 6.25],
			"scale": [0.69, 0.69, 0.69]
		},
		"ground": {
			"translation": [0.25, 4.75, -0.5]
		},
		"gui": {
			"rotation": [90, -57, 0],
			"translation": [0, 0.25, 0],
			"scale": [0.96, 0.96, 0.96]
		},
		"head": {
			"scale": [0, 0, 0]
		},
		"fixed": {
			"rotation": [0, 90, -90],
			"translation": [0, 0, -7]
		}
	},
	"groups": [
		{
			"name": "folder",
			"origin": [8, 8, 8],
			"color": 0,
			"children": [0, 1, 2, 3, 4]
		},
		5
	]
}