{
	"credit": "Made with Blockbench",
	"texture_size": [32, 32],
	"textures": {
		"0": "fw:blueprint/blueprint_blank",
		"particle": "fw:blueprint/blueprint_blank"
	},
	"elements": [
		{
			"name": "paper",
			"from": [0, 0, 2],
			"to": [16, 0.125, 14],
			"faces": {
				"north": {"uv": [8, 0, 16, 0.125], "texture": "#0"},
				"east": {"uv": [8, 1, 14, 1.125], "texture": "#0"},
				"south": {"uv": [8, 0.5, 16, 0.625], "texture": "#0"},
				"west": {"uv": [8, 1.5, 14, 1.625], "texture": "#0"},
				"up": {"uv": [8, 6, 0, 0], "texture": "#0"},
				"down": {"uv": [8, 6, 0, 12], "texture": "#0"}
			}
		}
	],
	"display": {
		"thirdperson_righthand": {
			"rotation": [-74, 0, 180],
			"translation": [-5.75, 2, 9]
		},
		"firstperson_righthand": {
			"rotation": [49.5, 180, 0],
			"translation": [-9, 7.75, 4.75],
			"scale": [0.69, 0.69, 0.69]
		},
		"firstperson_lefthand": {
			"rotation": [49.5, 0, 0],
			"translation": [-9, 7.75, 4.75],
			"scale": [0.69, 0.69, 0.69]
		},
		"ground": {
			"translation": [0, 4, 0]
		},
		"gui": {
			"rotation": [90, 20, 0],
			"scale": [0.76, 0.76, 0.76]
		},
		"fixed": {
			"rotation": [90, 180, 180],
			"translation": [0, 0, -13.75],
			"scale": [1.66, 1.66, 1.66]
		}
	}
}