[
    {"function": "minecraft:set_nbt","tag": "{CustomModelData:5301}","conditions": [{"condition": "minecraft:entity_scores","entity": "this","scores": { "fwg.reload" : 80}}]},
    {"function": "minecraft:set_nbt","tag": "{CustomModelData:5302}","conditions": [{"condition": "minecraft:entity_scores","entity": "this","scores": { "fwg.reload" : 79}}]},

    {"function": "minecraft:set_nbt","tag": "{CustomModelData:5303}","conditions": [{"condition": "minecraft:entity_scores","entity": "this","scores": { "fwg.reload" : 78}}]},
    {"function": "minecraft:set_nbt","tag": "{CustomModelData:5304}","conditions": [{"condition": "minecraft:entity_scores","entity": "this","scores": { "fwg.reload" : 77}}]},
    {"function": "minecraft:set_nbt","tag": "{CustomModelData:5305}","conditions": [{"condition": "minecraft:entity_scores","entity": "this","scores": { "fwg.reload" : 75}}]},
    {"function": "minecraft:set_nbt","tag": "{CustomModelData:5306}","conditions": [{"condition": "minecraft:entity_scores","entity": "this","scores": { "fwg.reload" : 73}}]},
    {"function": "minecraft:set_nbt","tag": "{CustomModelData:5307}","conditions": [{"condition": "minecraft:entity_scores","entity": "this","scores": { "fwg.reload" : 71}}]},

    {"function": "minecraft:set_nbt","tag": "{CustomModelData:5308}","conditions": [{"condition": "minecraft:entity_scores","entity": "this","scores": { "fwg.reload" : 68}}]},
    {"function": "minecraft:set_nbt","tag": "{CustomModelData:5309}","conditions": [{"condition": "minecraft:entity_scores","entity": "this","scores": { "fwg.reload" : 66}}]},
    {"function": "minecraft:set_nbt","tag": "{CustomModelData:5310}","conditions": [{"condition": "minecraft:entity_scores","entity": "this","scores": { "fwg.reload" : 65}}]},
    {"function": "minecraft:set_nbt","tag": "{CustomModelData:5310}","conditions": [{"condition": "minecraft:entity_scores","entity": "this","scores": { "fwg.reload" : 64}}]},
    {"function": "minecraft:set_nbt","tag": "{CustomModelData:5311}","conditions": [{"condition": "minecraft:entity_scores","entity": "this","scores": { "fwg.reload" : 62}}]},
    {"function": "minecraft:set_nbt","tag": "{CustomModelData:5312}","conditions": [{"condition": "minecraft:entity_scores","entity": "this","scores": { "fwg.reload" : 60}}]},

    {"function": "minecraft:set_nbt","tag": "{CustomModelData:5313}","conditions": [{"condition": "minecraft:entity_scores","entity": "this","scores": { "fwg.reload" : 57}}]},
    {"function": "minecraft:set_nbt","tag": "{CustomModelData:5314}","conditions": [{"condition": "minecraft:entity_scores","entity": "this","scores": { "fwg.reload" : 56}}]},
    {"function": "minecraft:set_nbt","tag": "{CustomModelData:5315}","conditions": [{"condition": "minecraft:entity_scores","entity": "this","scores": { "fwg.reload" : 55}}]},
    {"function": "minecraft:set_nbt","tag": "{CustomModelData:5316}","conditions": [{"condition": "minecraft:entity_scores","entity": "this","scores": { "fwg.reload" : 53}}]},
    {"function": "minecraft:set_nbt","tag": "{CustomModelData:5317}","conditions": [{"condition": "minecraft:entity_scores","entity": "this","scores": { "fwg.reload" : 51}}]},
    {"function": "minecraft:set_nbt","tag": "{CustomModelData:5318}","conditions": [{"condition": "minecraft:entity_scores","entity": "this","scores": { "fwg.reload" : 48}}]},

    {"function": "minecraft:set_nbt","tag": "{CustomModelData:5319}","conditions": [{"condition": "minecraft:entity_scores","entity": "this","scores": { "fwg.reload" : 44}}]},
    {"function": "minecraft:set_nbt","tag": "{CustomModelData:5320}","conditions": [{"condition": "minecraft:entity_scores","entity": "this","scores": { "fwg.reload" : 43}}]},
    {"function": "minecraft:set_nbt","tag": "{CustomModelData:5320}","conditions": [{"condition": "minecraft:entity_scores","entity": "this","scores": { "fwg.reload" : 42}}]},
    {"function": "minecraft:set_nbt","tag": "{CustomModelData:5321}","conditions": [{"condition": "minecraft:entity_scores","entity": "this","scores": { "fwg.reload" : 41}}]},
    {"function": "minecraft:set_nbt","tag": "{CustomModelData:5322}","conditions": [{"condition": "minecraft:entity_scores","entity": "this","scores": { "fwg.reload" : 39}}]},
    {"function": "minecraft:set_nbt","tag": "{CustomModelData:5323}","conditions": [{"condition": "minecraft:entity_scores","entity": "this","scores": { "fwg.reload" : 37}}]},

    {"function": "minecraft:set_nbt","tag": "{CustomModelData:5401}","conditions": [{"condition": "minecraft:entity_scores","entity": "this","scores": { "fwg.reload" : 34}}]},
    {"function": "minecraft:set_nbt","tag": "{CustomModelData:5402}","conditions": [{"condition": "minecraft:entity_scores","entity": "this","scores": { "fwg.reload" : 33}}]},
    {"function": "minecraft:set_nbt","tag": "{CustomModelData:5403}","conditions": [{"condition": "minecraft:entity_scores","entity": "this","scores": { "fwg.reload" : 31}}]},
    {"function": "minecraft:set_nbt","tag": "{CustomModelData:5404}","conditions": [{"condition": "minecraft:entity_scores","entity": "this","scores": { "fwg.reload" : 29}}]},

    {"function": "minecraft:set_nbt","tag": "{CustomModelData:5405}","conditions": [{"condition": "minecraft:entity_scores","entity": "this","scores": { "fwg.reload" : 25}}]},
    {"function": "minecraft:set_nbt","tag": "{CustomModelData:5406}","conditions": [{"condition": "minecraft:entity_scores","entity": "this","scores": { "fwg.reload" : 24}}]},
    {"function": "minecraft:set_nbt","tag": "{CustomModelData:5407}","conditions": [{"condition": "minecraft:entity_scores","entity": "this","scores": { "fwg.reload" : 22}}]},
    
    {"function": "minecraft:set_nbt","tag": "{CustomModelData:5408}","conditions": [{"condition": "minecraft:entity_scores","entity": "this","scores": { "fwg.reload" : 19}}]},
    {"function": "minecraft:set_nbt","tag": "{CustomModelData:5409}","conditions": [{"condition": "minecraft:entity_scores","entity": "this","scores": { "fwg.reload" : 18}}]},
    {"function": "minecraft:set_nbt","tag": "{CustomModelData:5410}","conditions": [{"condition": "minecraft:entity_scores","entity": "this","scores": { "fwg.reload" : 16}}]},

    {"function": "minecraft:set_nbt","tag": "{CustomModelData:5411}","conditions": [{"condition": "minecraft:entity_scores","entity": "this","scores": { "fwg.reload" : 14}}]},
    {"function": "minecraft:set_nbt","tag": "{CustomModelData:5412}","conditions": [{"condition": "minecraft:entity_scores","entity": "this","scores": { "fwg.reload" : 12}}]},
    {"function": "minecraft:set_nbt","tag": "{CustomModelData:5413}","conditions": [{"condition": "minecraft:entity_scores","entity": "this","scores": { "fwg.reload" : 10}}]},
    {"function": "minecraft:set_nbt","tag": "{CustomModelData:5414}","conditions": [{"condition": "minecraft:entity_scores","entity": "this","scores": { "fwg.reload" : 9}}]},
    {"function": "minecraft:set_nbt","tag": "{CustomModelData:5415}","conditions": [{"condition": "minecraft:entity_scores","entity": "this","scores": { "fwg.reload" : 8}}]},
    {"function": "minecraft:set_nbt","tag": "{CustomModelData:5416}","conditions": [{"condition": "minecraft:entity_scores","entity": "this","scores": { "fwg.reload" : 6}}]},
    {"function": "minecraft:set_nbt","tag": "{CustomModelData:5001}","conditions": [{"condition": "minecraft:entity_scores","entity": "this","scores": { "fwg.reload" : 4}}]}
]