[
  {"function": "minecraft:set_nbt","tag": "{CustomModelData:2601}","conditions": [{"condition": "minecraft:entity_scores","entity": "this","scores": { "fwg.reload" : 48}}]},
  {"function": "minecraft:set_nbt","tag": "{CustomModelData:2602}","conditions": [{"condition": "minecraft:entity_scores","entity": "this","scores": { "fwg.reload" : 46}}]},
  {"function": "minecraft:set_nbt","tag": "{CustomModelData:2603}","conditions": [{"condition": "minecraft:entity_scores","entity": "this","scores": { "fwg.reload" : 45}}]},

  {"function": "minecraft:set_nbt","tag": "{CustomModelData:2604}","conditions": [{"condition": "minecraft:entity_scores","entity": "this","scores": { "fwg.reload" : 42}}]},
  {"function": "minecraft:set_nbt","tag": "{CustomModelData:2605}","conditions": [{"condition": "minecraft:entity_scores","entity": "this","scores": { "fwg.reload" : 40}}]},
  {"function": "minecraft:set_nbt","tag": "{CustomModelData:2606}","conditions": [{"condition": "minecraft:entity_scores","entity": "this","scores": { "fwg.reload" : 38}}]},
  {"function": "minecraft:set_nbt","tag": "{CustomModelData:2607}","conditions": [{"condition": "minecraft:entity_scores","entity": "this","scores": { "fwg.reload" : 36}}]},
  {"function": "minecraft:set_nbt","tag": "{CustomModelData:2608}","conditions": [{"condition": "minecraft:entity_scores","entity": "this","scores": { "fwg.reload" : 34}}]},

  {"function": "minecraft:set_nbt","tag": "{CustomModelData:2609}","conditions": [{"condition": "minecraft:entity_scores","entity": "this","scores": { "fwg.reload" : 32}}]},
  {"function": "minecraft:set_nbt","tag": "{CustomModelData:2610}","conditions": [{"condition": "minecraft:entity_scores","entity": "this","scores": { "fwg.reload" : 31}}]},
  {"function": "minecraft:set_nbt","tag": "{CustomModelData:2611}","conditions": [{"condition": "minecraft:entity_scores","entity": "this","scores": { "fwg.reload" : 29}}]},

  {"function": "minecraft:set_nbt","tag": "{CustomModelData:2612}","conditions": [{"condition": "minecraft:entity_scores","entity": "this","scores": { "fwg.reload" : 27}}]},
  {"function": "minecraft:set_nbt","tag": "{CustomModelData:2613}","conditions": [{"condition": "minecraft:entity_scores","entity": "this","scores": { "fwg.reload" : 25}}]},

  {"function": "minecraft:set_nbt","tag": "{CustomModelData:2614}","conditions": [{"condition": "minecraft:entity_scores","entity": "this","scores": { "fwg.reload" : 23}}]},
  {"function": "minecraft:set_nbt","tag": "{CustomModelData:2615}","conditions": [{"condition": "minecraft:entity_scores","entity": "this","scores": { "fwg.reload" : 22}}]},
  {"function": "minecraft:set_nbt","tag": "{CustomModelData:2616}","conditions": [{"condition": "minecraft:entity_scores","entity": "this","scores": { "fwg.reload" : 20}}]},

  {"function": "minecraft:set_nbt","tag": "{CustomModelData:2617}","conditions": [{"condition": "minecraft:entity_scores","entity": "this","scores": { "fwg.reload" : 17}}]},
  {"function": "minecraft:set_nbt","tag": "{CustomModelData:2618}","conditions": [{"condition": "minecraft:entity_scores","entity": "this","scores": { "fwg.reload" : 16}}]},

  {"function": "minecraft:set_nbt","tag": "{CustomModelData:2305}","conditions": [{"condition": "minecraft:entity_scores","entity": "this","scores": { "fwg.reload" : 15}}]},
  {"function": "minecraft:set_nbt","tag": "{CustomModelData:2306}","conditions": [{"condition": "minecraft:entity_scores","entity": "this","scores": { "fwg.reload" : 13}}]},
  {"function": "minecraft:set_nbt","tag": "{CustomModelData:2307}","conditions": [{"condition": "minecraft:entity_scores","entity": "this","scores": { "fwg.reload" : 11}}]},
  {"function": "minecraft:set_nbt","tag": "{CustomModelData:2308}","conditions": [{"condition": "minecraft:entity_scores","entity": "this","scores": { "fwg.reload" : 10}}]},
  {"function": "minecraft:set_nbt","tag": "{CustomModelData:2309}","conditions": [{"condition": "minecraft:entity_scores","entity": "this","scores": { "fwg.reload" : 8}}]},
  {"function": "minecraft:set_nbt","tag": "{CustomModelData:2310}","conditions": [{"condition": "minecraft:entity_scores","entity": "this","scores": { "fwg.reload" : 7}}]},
  {"function": "minecraft:set_nbt","tag": "{CustomModelData:2311}","conditions": [{"condition": "minecraft:entity_scores","entity": "this","scores": { "fwg.reload" : 5}}]}
]
