[
  {"function": "minecraft:set_nbt","tag": "{CustomModelData:1705}","conditions": [{"condition": "minecraft:entity_scores","entity": "this","scores": { "fwg.ads" : 6}}]},
  {"function": "minecraft:set_nbt","tag": "{CustomModelData:1704}","conditions": [{"condition": "minecraft:entity_scores","entity": "this","scores": { "fwg.ads" : 5}}]},
  {"function": "minecraft:set_nbt","tag": "{CustomModelData:1703}","conditions": [{"condition": "minecraft:entity_scores","entity": "this","scores": { "fwg.ads" : 4}}]},
  {"function": "minecraft:set_nbt","tag": "{CustomModelData:1702}","conditions": [{"condition": "minecraft:entity_scores","entity": "this","scores": { "fwg.ads" : 3}}]},
  {"function": "minecraft:set_nbt","tag": "{CustomModelData:1701}","conditions": [{"condition": "minecraft:entity_scores","entity": "this","scores": { "fwg.ads" : 2}}]},
  {"function": "minecraft:set_nbt","tag": "{CustomModelData:1001}","conditions": [{"condition": "minecraft:entity_scores","entity": "this","scores": { "fwg.ads" : 1}}]}
]
