[
    {"function": "minecraft:set_nbt","tag": "{CustomModelData:1711}","conditions": [{"condition": "minecraft:entity_scores","entity": "this","scores": { "fwg.cooldown" : 10}}]},
    {"function": "minecraft:set_nbt","tag": "{CustomModelData:1712}","conditions": [{"condition": "minecraft:entity_scores","entity": "this","scores": { "fwg.cooldown" : 8}}]},
    {"function": "minecraft:set_nbt","tag": "{CustomModelData:1713}","conditions": [{"condition": "minecraft:entity_scores","entity": "this","scores": { "fwg.cooldown" : 7}}]},
    {"function": "minecraft:set_nbt","tag": "{CustomModelData:1714}","conditions": [{"condition": "minecraft:entity_scores","entity": "this","scores": { "fwg.cooldown" : 5}}]},
    {"function": "minecraft:set_nbt","tag": "{CustomModelData:1705}","conditions": [{"condition": "minecraft:entity_scores","entity": "this","scores": { "fwg.cooldown" : 2}}]}
  ]
  