{
	"credit": "Made with Blockbench",
	"textures": {
		"0": "fw:guns/05/supernova",
		"2": "fw:player/alex",
		"3": "fw:guns/05/sights",
		"4": "fw:player/steve",
		"particle": "fw:player/steve"
	},
	"elements": [
		{
			"from": [7.55792, 1.80533, 16.64447],
			"to": [8.47792, 3.41533, 21.24447],
			"rotation": {"angle": 0, "axis": "y", "origin": [8.01792, 2.66783, 18.42697]},
			"faces": {
				"north": {"uv": [5.5, 0, 5.6875, 0.375], "texture": "#0"},
				"east": {"uv": [1, 1, 2, 1.375], "texture": "#0"},
				"south": {"uv": [5.5, 0.75, 5.6875, 1.125], "texture": "#0"},
				"west": {"uv": [1, 1.75, 2, 2.125], "texture": "#0"},
				"up": {"uv": [1.6875, 3.5, 1.5, 2.5], "texture": "#0"},
				"down": {"uv": [4.1875, 0.75, 4, 1.75], "texture": "#0"}
			}
		},
		{
			"from": [7.55964, 1.69206, 16.87619],
			"to": [8.47619, 3.29861, 18.02274],
			"rotation": {"angle": -22.5, "axis": "x", "origin": [8.01792, -0.14967, 17.21947]},
			"faces": {
				"north": {"uv": [2, 5.5, 2.1875, 5.875], "texture": "#0"},
				"east": {"uv": [5, 0, 5.25, 0.375], "texture": "#0"},
				"south": {"uv": [2.5, 5.5, 2.6875, 5.875], "texture": "#0"},
				"west": {"uv": [5, 0.75, 5.25, 1.125], "texture": "#0"},
				"up": {"uv": [6.1875, 2.75, 6, 2.5], "texture": "#0"},
				"down": {"uv": [5.6875, 6, 5.5, 6.25], "texture": "#0"}
			}
		},
		{
			"from": [7.52342, 0.50583, 21.20997],
			"to": [8.51242, 3.44983, 21.88272],
			"rotation": {"angle": 0, "axis": "y", "origin": [8.01792, 4.16283, 17.76572]},
			"faces": {
				"north": {"uv": [4, 2, 4.1875, 2.625], "texture": "#0"},
				"east": {"uv": [4.5, 5.25, 4.625, 5.875], "texture": "#0"},
				"south": {"uv": [3, 4.25, 3.1875, 4.875], "texture": "#0"},
				"west": {"uv": [5, 5.25, 5.125, 5.875], "texture": "#0"},
				"up": {"uv": [7.4375, 0.875, 7.25, 0.75], "texture": "#0"},
				"down": {"uv": [7.4375, 1.25, 7.25, 1.375], "texture": "#0"}
			}
		},
		{
			"from": [7.55907, 1.15062, 16.68828],
			"to": [8.47677, 2.38457, 20.39473],
			"rotation": {"angle": 22.5, "axis": "x", "origin": [8.01792, 0.22947, 18.98713]},
			"faces": {
				"north": {"uv": [6, 6, 6.1875, 6.25], "texture": "#0"},
				"east": {"uv": [2.75, 2, 3.5625, 2.25], "texture": "#0"},
				"south": {"uv": [2, 6.25, 2.1875, 6.5], "texture": "#0"},
				"west": {"uv": [2.75, 2.5, 3.5625, 2.75], "texture": "#0"},
				"up": {"uv": [2.1875, 5.0625, 2, 4.25], "texture": "#0"},
				"down": {"uv": [2.6875, 4.25, 2.5, 5.0625], "texture": "#0"}
			}
		},
		{
			"from": [7.55792, 0.54033, 20.64072],
			"to": [8.47792, 1.80533, 21.24447],
			"rotation": {"angle": 0, "axis": "y", "origin": [8.01792, 4.16283, 18.42697]},
			"faces": {
				"north": {"uv": [2.5, 6.25, 2.6875, 6.5], "texture": "#0"},
				"east": {"uv": [6.75, 0.5, 6.875, 0.75], "texture": "#0"},
				"south": {"uv": [4.5, 6.25, 4.6875, 6.5], "texture": "#0"},
				"west": {"uv": [6.75, 1, 6.875, 1.25], "texture": "#0"},
				"up": {"uv": [7.4375, 1.875, 7.25, 1.75], "texture": "#0"},
				"down": {"uv": [7.4375, 2.25, 7.25, 2.375], "texture": "#0"}
			}
		},
		{
			"from": [7.35626, 3.18668, 2.98391],
			"to": [7.73576, 3.56618, 9.40091],
			"rotation": {"angle": 45, "axis": "z", "origin": [7.97726, 3.86518, 2.19616]},
			"faces": {
				"north": {"uv": [9.5, 5.5, 9.5625, 5.5625], "texture": "#0"},
				"east": {"uv": [5, 1.5, 6.375, 1.5625], "texture": "#0"},
				"south": {"uv": [6, 9.5, 6.0625, 9.5625], "texture": "#0"},
				"west": {"uv": [5, 2, 6.375, 2.0625], "texture": "#0"},
				"up": {"uv": [5.0625, 4.875, 5, 3.5], "texture": "#0"},
				"down": {"uv": [3.0625, 5.25, 3, 6.625], "texture": "#0"}
			}
		},
		{
			"from": [7.28726, 3.11768, 1.99491],
			"to": [7.80476, 3.63518, 2.65616],
			"rotation": {"angle": 45, "axis": "z", "origin": [7.97726, 3.86518, 2.19616]},
			"faces": {
				"north": {"uv": [6.5, 9.5, 6.5625, 9.5625], "texture": "#0"},
				"east": {"uv": [8.75, 6.5, 8.875, 6.5625], "texture": "#0"},
				"south": {"uv": [9.5, 7.75, 9.5625, 7.8125], "texture": "#0"},
				"west": {"uv": [8.75, 7, 8.875, 7.0625], "texture": "#0"},
				"up": {"uv": [7.3125, 8.875, 7.25, 8.75], "texture": "#0"},
				"down": {"uv": [8.8125, 7.5, 8.75, 7.625], "texture": "#0"}
			}
		},
		{
			"from": [7.31839, 3.14068, 2.55841],
			"to": [7.78989, 3.61218, 2.74241],
			"rotation": {"angle": 45, "axis": "z", "origin": [7.98539, 3.86518, 2.13291]},
			"faces": {
				"north": {"uv": [9.5, 9, 9.5625, 9.0625], "texture": "#0"},
				"east": {"uv": [9.5, 9.5, 9.5625, 9.5625], "texture": "#0"},
				"south": {"uv": [9.75, 0.5, 9.8125, 0.5625], "texture": "#0"},
				"west": {"uv": [9.75, 1, 9.8125, 1.0625], "texture": "#0"},
				"up": {"uv": [1.5625, 9.8125, 1.5, 9.75], "texture": "#0"},
				"down": {"uv": [9.8125, 1.5, 9.75, 1.5625], "texture": "#0"}
			}
		},
		{
			"from": [7.29301, 3.12343, 2.71941],
			"to": [7.79901, 3.62943, 3.05291],
			"rotation": {"angle": 45, "axis": "z", "origin": [7.97726, 3.86518, 2.19616]},
			"faces": {
				"north": {"uv": [9.75, 2, 9.8125, 2.0625], "texture": "#0"},
				"east": {"uv": [3, 9.75, 3.0625, 9.8125], "texture": "#0"},
				"south": {"uv": [9.75, 3, 9.8125, 3.0625], "texture": "#0"},
				"west": {"uv": [4, 9.75, 4.0625, 9.8125], "texture": "#0"},
				"up": {"uv": [9.8125, 5.0625, 9.75, 5], "texture": "#0"},
				"down": {"uv": [5.5625, 9.75, 5.5, 9.8125], "texture": "#0"}
			}
		},
		{
			"from": [7.89429, 3.2056, 2.74816],
			"to": [8.14154, 3.7116, 3.02416],
			"rotation": {"angle": 0, "axis": "y", "origin": [8.14729, 3.4586, 2.88616]},
			"faces": {
				"north": {"uv": [9.75, 6, 9.8125, 6.0625], "texture": "#0"},
				"east": {"uv": [9.75, 6.5, 9.8125, 6.5625], "texture": "#0"},
				"south": {"uv": [7, 9.75, 7.0625, 9.8125], "texture": "#0"},
				"west": {"uv": [9.75, 7, 9.8125, 7.0625], "texture": "#0"},
				"up": {"uv": [7.5625, 9.8125, 7.5, 9.75], "texture": "#0"},
				"down": {"uv": [8.0625, 9.75, 8, 9.8125], "texture": "#0"}
			}
		},
		{
			"from": [7.84422, 3.03926, -4.87634],
			"to": [8.28122, 3.47626, 9.26866],
			"rotation": {"angle": 45, "axis": "z", "origin": [7.32672, 3.49926, 7.42866]},
			"faces": {
				"north": {"uv": [7.75, 6.75, 7.875, 6.875], "texture": "#0"},
				"east": {"uv": [0, 0, 3.0625, 0.125], "texture": "#0"},
				"south": {"uv": [7.75, 7.25, 7.875, 7.375], "texture": "#0"},
				"west": {"uv": [0, 0.5, 3.0625, 0.625], "texture": "#0"},
				"up": {"uv": [0.125, 4.0625, 0, 1], "texture": "#0"},
				"down": {"uv": [0.625, 1, 0.5, 4.0625], "texture": "#0"}
			}
		},
		{
			"from": [7.97479, 4.24676, -4.76134],
			"to": [8.06104, 4.30426, 9.32616],
			"rotation": {"angle": 0, "axis": "y", "origin": [7.39979, -2.53824, 6.27866]},
			"faces": {
				"north": {"uv": [9.75, 8.25, 9.8125, 8.3125], "texture": "#0"},
				"east": {"uv": [1.5, 3.75, 4.5625, 3.8125], "texture": "#0"},
				"south": {"uv": [8.5, 9.75, 8.5625, 9.8125], "texture": "#0"},
				"west": {"uv": [3.75, 3, 6.8125, 3.0625], "texture": "#0"},
				"up": {"uv": [1.0625, 7.3125, 1, 4.25], "texture": "#0"},
				"down": {"uv": [1.5625, 4.25, 1.5, 7.3125], "texture": "#0"}
			}
		},
		{
			"from": [7.97479, 4.07426, 6.47991],
			"to": [8.06104, 4.24676, 6.96866],
			"rotation": {"angle": 0, "axis": "y", "origin": [7.39979, -2.25074, 6.30741]},
			"faces": {
				"north": {"uv": [9, 9.75, 9.0625, 9.8125], "texture": "#0"},
				"east": {"uv": [7.75, 8.75, 7.875, 8.8125], "texture": "#0"},
				"south": {"uv": [0, 10, 0.0625, 10.0625], "texture": "#0"},
				"west": {"uv": [8.25, 8.75, 8.375, 8.8125], "texture": "#0"},
				"up": {"uv": [8.8125, 8.875, 8.75, 8.75], "texture": "#0"},
				"down": {"uv": [0.0625, 9, 0, 9.125], "texture": "#0"}
			}
		},
		{
			"from": [7.97479, 4.07426, 4.69741],
			"to": [8.06104, 4.24676, 5.18616],
			"rotation": {"angle": 0, "axis": "y", "origin": [7.39979, -2.25074, 6.30741]},
			"faces": {
				"north": {"uv": [10, 0, 10.0625, 0.0625], "texture": "#0"},
				"east": {"uv": [9, 0, 9.125, 0.0625], "texture": "#0"},
				"south": {"uv": [0.5, 10, 0.5625, 10.0625], "texture": "#0"},
				"west": {"uv": [0.5, 9, 0.625, 9.0625], "texture": "#0"},
				"up": {"uv": [1.0625, 9.125, 1, 9], "texture": "#0"},
				"down": {"uv": [2.0625, 9, 2, 9.125], "texture": "#0"}
			}
		},
		{
			"from": [7.97479, 4.07426, 2.97241],
			"to": [8.06104, 4.24676, 3.46116],
			"rotation": {"angle": 0, "axis": "y", "origin": [7.39979, -2.25074, 6.30741]},
			"faces": {
				"north": {"uv": [1, 10, 1.0625, 10.0625], "texture": "#0"},
				"east": {"uv": [2.5, 9, 2.625, 9.0625], "texture": "#0"},
				"south": {"uv": [2, 10, 2.0625, 10.0625], "texture": "#0"},
				"west": {"uv": [9, 2.5, 9.125, 2.5625], "texture": "#0"},
				"up": {"uv": [3.5625, 9.125, 3.5, 9], "texture": "#0"},
				"down": {"uv": [9.0625, 3.5, 9, 3.625], "texture": "#0"}
			}
		},
		{
			"from": [7.97479, 4.07426, 1.27616],
			"to": [8.06104, 4.24676, 1.76491],
			"rotation": {"angle": 0, "axis": "y", "origin": [7.39979, -2.25074, 6.30741]},
			"faces": {
				"north": {"uv": [2.5, 10, 2.5625, 10.0625], "texture": "#0"},
				"east": {"uv": [9, 4, 9.125, 4.0625], "texture": "#0"},
				"south": {"uv": [10, 2.5, 10.0625, 2.5625], "texture": "#0"},
				"west": {"uv": [4.5, 9, 4.625, 9.0625], "texture": "#0"},
				"up": {"uv": [9.0625, 4.625, 9, 4.5], "texture": "#0"},
				"down": {"uv": [5.0625, 9, 5, 9.125], "texture": "#0"}
			}
		},
		{
			"from": [7.97479, 4.07426, -0.44884],
			"to": [8.06104, 4.24676, 0.03991],
			"rotation": {"angle": 0, "axis": "y", "origin": [7.39979, -2.25074, 6.30741]},
			"faces": {
				"north": {"uv": [3.5, 10, 3.5625, 10.0625], "texture": "#0"},
				"east": {"uv": [9, 5.75, 9.125, 5.8125], "texture": "#0"},
				"south": {"uv": [10, 3.5, 10.0625, 3.5625], "texture": "#0"},
				"west": {"uv": [6, 9, 6.125, 9.0625], "texture": "#0"},
				"up": {"uv": [6.5625, 9.125, 6.5, 9], "texture": "#0"},
				"down": {"uv": [9.0625, 8, 9, 8.125], "texture": "#0"}
			}
		},
		{
			"from": [7.97479, 4.07426, -2.14509],
			"to": [8.06104, 4.24676, -1.65634],
			"rotation": {"angle": 0, "axis": "y", "origin": [7.39979, -2.25074, 6.30741]},
			"faces": {
				"north": {"uv": [10, 4, 10.0625, 4.0625], "texture": "#0"},
				"east": {"uv": [9.25, 0.5, 9.375, 0.5625], "texture": "#0"},
				"south": {"uv": [4.5, 10, 4.5625, 10.0625], "texture": "#0"},
				"west": {"uv": [9.25, 1, 9.375, 1.0625], "texture": "#0"},
				"up": {"uv": [1.5625, 9.375, 1.5, 9.25], "texture": "#0"},
				"down": {"uv": [9.3125, 1.5, 9.25, 1.625], "texture": "#0"}
			}
		},
		{
			"from": [7.97479, 4.07426, -4.76134],
			"to": [8.06104, 4.24676, -3.23759],
			"rotation": {"angle": 0, "axis": "y", "origin": [7.39979, -2.25074, 6.30741]},
			"faces": {
				"north": {"uv": [10, 4.5, 10.0625, 4.5625], "texture": "#0"},
				"east": {"uv": [4, 7.75, 4.3125, 7.8125], "texture": "#0"},
				"south": {"uv": [5, 10, 5.0625, 10.0625], "texture": "#0"},
				"west": {"uv": [7.75, 5, 8.0625, 5.0625], "texture": "#0"},
				"up": {"uv": [5.3125, 8.0625, 5.25, 7.75], "texture": "#0"},
				"down": {"uv": [7.8125, 5.5, 7.75, 5.8125], "texture": "#0"}
			}
		},
		{
			"from": [7.97479, 4.30426, -4.53134],
			"to": [8.06104, 4.33301, -4.35884],
			"rotation": {"angle": 0, "axis": "y", "origin": [7.39979, -2.48074, 6.30741]},
			"faces": {
				"north": {"uv": [10, 5.5, 10.0625, 5.5625], "texture": "#0"},
				"east": {"uv": [6, 10, 6.0625, 10.0625], "texture": "#0"},
				"south": {"uv": [6.5, 10, 6.5625, 10.0625], "texture": "#0"},
				"west": {"uv": [10, 7.5, 10.0625, 7.5625], "texture": "#0"},
				"up": {"uv": [10.0625, 8.8125, 10, 8.75], "texture": "#0"},
				"down": {"uv": [10.0625, 9.25, 10, 9.3125], "texture": "#0"}
			}
		},
		{
			"from": [7.97479, 4.07426, 8.20491],
			"to": [8.06104, 4.24676, 9.26866],
			"rotation": {"angle": 0, "axis": "y", "origin": [7.39979, -2.25074, 6.30741]},
			"faces": {
				"north": {"uv": [9.5, 10, 9.5625, 10.0625], "texture": "#0"},
				"east": {"uv": [7.75, 7.75, 8, 7.8125], "texture": "#0"},
				"south": {"uv": [10, 9.75, 10.0625, 9.8125], "texture": "#0"},
				"west": {"uv": [0, 8, 0.25, 8.0625], "texture": "#0"},
				"up": {"uv": [0.5625, 8.25, 0.5, 8], "texture": "#0"},
				"down": {"uv": [2.0625, 8, 2, 8.25], "texture": "#0"}
			}
		},
		{
			"from": [8.24792, 3.64301, 9.75741],
			"to": [8.36292, 4.07426, 11.59741],
			"rotation": {"angle": 0, "axis": "y", "origin": [7.55792, -0.49699, 7.34241]},
			"faces": {
				"north": {"uv": [10.25, 0.5, 10.3125, 0.5625], "texture": "#0"},
				"east": {"uv": [7.25, 2.75, 7.625, 2.8125], "texture": "#0"},
				"south": {"uv": [10.25, 1, 10.3125, 1.0625], "texture": "#0"},
				"west": {"uv": [4, 7.25, 4.375, 7.3125], "texture": "#0"},
				"up": {"uv": [6.5625, 7.625, 6.5, 7.25], "texture": "#0"},
				"down": {"uv": [7.3125, 6.75, 7.25, 7.125], "texture": "#0"}
			}
		},
		{
			"from": [7.55907, 2.48095, 14.12209],
			"to": [8.47677, 3.80115, 16.99479],
			"rotation": {"angle": 22.5, "axis": "x", "origin": [8.01792, 3.1698, 15.55844]},
			"faces": {
				"north": {"uv": [4, 6, 4.1875, 6.3125], "texture": "#0"},
				"east": {"uv": [2.75, 3, 3.375, 3.3125], "texture": "#0"},
				"south": {"uv": [6, 4.25, 6.1875, 4.5625], "texture": "#0"},
				"west": {"uv": [3.5, 0, 4.125, 0.3125], "texture": "#0"},
				"up": {"uv": [3.6875, 4.875, 3.5, 4.25], "texture": "#0"},
				"down": {"uv": [4.1875, 4.25, 4, 4.875], "texture": "#0"}
			}
		},
		{
			"from": [8.42042, 2.89551, 12.17241],
			"to": [8.47792, 3.61426, 14.47241],
			"rotation": {"angle": 0, "axis": "y", "origin": [7.55792, -0.29574, 6.76741]},
			"faces": {
				"north": {"uv": [9.25, 2, 9.3125, 2.125], "texture": "#0"},
				"east": {"uv": [0, 6, 0.5, 6.125], "texture": "#0"},
				"south": {"uv": [3, 9.25, 3.0625, 9.375], "texture": "#0"},
				"west": {"uv": [6, 0, 6.5, 0.125], "texture": "#0"},
				"up": {"uv": [6.8125, 2, 6.75, 1.5], "texture": "#0"},
				"down": {"uv": [2.0625, 6.75, 2, 7.25], "texture": "#0"}
			}
		},
		{
			"from": [7.64417, 2.43551, 14.29991],
			"to": [8.39167, 3.03926, 14.41491],
			"rotation": {"angle": 0, "axis": "y", "origin": [8.36292, 1.98988, 13.32241]},
			"faces": {
				"north": {"uv": [0, 7.5, 0.1875, 7.625], "texture": "#0"},
				"east": {"uv": [9.25, 3, 9.3125, 3.125], "texture": "#0"},
				"south": {"uv": [0.5, 7.5, 0.6875, 7.625], "texture": "#0"},
				"west": {"uv": [4, 9.25, 4.0625, 9.375], "texture": "#0"},
				"up": {"uv": [6.6875, 8.0625, 6.5, 8], "texture": "#0"},
				"down": {"uv": [7.1875, 8, 7, 8.0625], "texture": "#0"}
			}
		},
		{
			"from": [7.64417, 2.2936, 13.17399],
			"to": [8.39167, 2.4086, 13.60524],
			"rotation": {"angle": 22.5, "axis": "x", "origin": [8.01792, 2.3511, 13.01587]},
			"faces": {
				"north": {"uv": [8.25, 0.5, 8.4375, 0.5625], "texture": "#0"},
				"east": {"uv": [1.5, 10.25, 1.5625, 10.3125], "texture": "#0"},
				"south": {"uv": [8.25, 1, 8.4375, 1.0625], "texture": "#0"},
				"west": {"uv": [10.25, 1.5, 10.3125, 1.5625], "texture": "#0"},
				"up": {"uv": [1.6875, 8.3125, 1.5, 8.25], "texture": "#0"},
				"down": {"uv": [8.4375, 1.5, 8.25, 1.5625], "texture": "#0"}
			}
		},
		{
			"from": [7.84542, 2.15058, 12.36929],
			"to": [8.19042, 2.26558, 13.14554],
			"rotation": {"angle": 22.5, "axis": "x", "origin": [7.98917, 2.20808, 13.36117]},
			"faces": {
				"north": {"uv": [10.25, 2, 10.3125, 2.0625], "texture": "#0"},
				"east": {"uv": [8.25, 2, 8.4375, 2.0625], "texture": "#0"},
				"south": {"uv": [3, 10.25, 3.0625, 10.3125], "texture": "#0"},
				"west": {"uv": [3, 8.25, 3.1875, 8.3125], "texture": "#0"},
				"up": {"uv": [8.3125, 3.4375, 8.25, 3.25], "texture": "#0"},
				"down": {"uv": [4.0625, 8.25, 4, 8.4375], "texture": "#0"}
			}
		},
		{
			"from": [7.96157, 2.15173, 12.37044],
			"to": [8.07427, 2.60943, 13.02939],
			"rotation": {"angle": 22.5, "axis": "x", "origin": [8.10417, 2.20808, 13.36117]},
			"faces": {
				"north": {"uv": [9.25, 5, 9.3125, 5.125], "texture": "#0"},
				"east": {"uv": [2.5, 8, 2.625, 8.125], "texture": "#0"},
				"south": {"uv": [5.5, 9.25, 5.5625, 9.375], "texture": "#0"},
				"west": {"uv": [8, 2.75, 8.125, 2.875], "texture": "#0"},
				"up": {"uv": [9.3125, 6.375, 9.25, 6.25], "texture": "#0"},
				"down": {"uv": [9.3125, 6.75, 9.25, 6.875], "texture": "#0"}
			}
		},
		{
			"from": [7.96042, 2.15058, 12.36929],
			"to": [8.07542, 2.26558, 13.14554],
			"rotation": {"angle": 22.5, "axis": "x", "origin": [8.10417, 2.20808, 13.36117]},
			"faces": {
				"north": {"uv": [10.25, 3, 10.3125, 3.0625], "texture": "#0"},
				"east": {"uv": [8.25, 5.5, 8.4375, 5.5625], "texture": "#0"},
				"south": {"uv": [4, 10.25, 4.0625, 10.3125], "texture": "#0"},
				"west": {"uv": [5.75, 8.25, 5.9375, 8.3125], "texture": "#0"},
				"up": {"uv": [8.3125, 6.9375, 8.25, 6.75], "texture": "#0"},
				"down": {"uv": [8.3125, 7.25, 8.25, 7.4375], "texture": "#0"}
			}
		},
		{
			"from": [7.84542, 2.54012, 12.3359],
			"to": [8.19042, 2.97137, 12.4509],
			"rotation": {"angle": -22.5, "axis": "x", "origin": [8.01792, 2.75574, 12.3934]},
			"faces": {
				"north": {"uv": [10.25, 5, 10.3125, 5.0625], "texture": "#0"},
				"east": {"uv": [5.5, 10.25, 5.5625, 10.3125], "texture": "#0"},
				"south": {"uv": [10.25, 6, 10.3125, 6.0625], "texture": "#0"},
				"west": {"uv": [10.25, 6.5, 10.3125, 6.5625], "texture": "#0"},
				"up": {"uv": [7.0625, 10.3125, 7, 10.25], "texture": "#0"},
				"down": {"uv": [10.3125, 7, 10.25, 7.0625], "texture": "#0"}
			}
		},
		{
			"from": [7.96042, 2.54012, 12.3359],
			"to": [8.07542, 2.97137, 12.93965],
			"rotation": {"angle": -22.5, "axis": "x", "origin": [8.13292, 2.75574, 12.3934]},
			"faces": {
				"north": {"uv": [7.5, 10.25, 7.5625, 10.3125], "texture": "#0"},
				"east": {"uv": [7, 9.25, 7.125, 9.3125], "texture": "#0"},
				"south": {"uv": [8, 10.25, 8.0625, 10.3125], "texture": "#0"},
				"west": {"uv": [9.25, 7.25, 9.375, 7.3125], "texture": "#0"},
				"up": {"uv": [7.5625, 9.375, 7.5, 9.25], "texture": "#0"},
				"down": {"uv": [8.0625, 9.25, 8, 9.375], "texture": "#0"}
			}
		},
		{
			"from": [7.64417, 2.23212, 12.99805],
			"to": [8.39167, 3.06587, 13.11305],
			"rotation": {"angle": -22.5, "axis": "x", "origin": [8.01792, 2.59149, 13.05555]},
			"faces": {
				"north": {"uv": [6.5, 5.25, 6.6875, 5.4375], "texture": "#0"},
				"east": {"uv": [7.5, 8.25, 7.5625, 8.4375], "texture": "#0"},
				"south": {"uv": [5.5, 6.5, 5.6875, 6.6875], "texture": "#0"},
				"west": {"uv": [8.25, 7.75, 8.3125, 7.9375], "texture": "#0"},
				"up": {"uv": [8.1875, 8.3125, 8, 8.25], "texture": "#0"},
				"down": {"uv": [0.1875, 8.5, 0, 8.5625], "texture": "#0"}
			}
		},
		{
			"from": [7.93167, 2.16663, 13.1032],
			"to": [8.10417, 3.11538, 13.2757],
			"rotation": {"angle": -22.5, "axis": "x", "origin": [8.01792, 2.641, 13.17508]},
			"faces": {
				"north": {"uv": [8.5, 0, 8.5625, 0.1875], "texture": "#0"},
				"east": {"uv": [0.5, 8.5, 0.5625, 8.6875], "texture": "#0"},
				"south": {"uv": [1, 8.5, 1.0625, 8.6875], "texture": "#0"},
				"west": {"uv": [2, 8.5, 2.0625, 8.6875], "texture": "#0"},
				"up": {"uv": [10.3125, 8.0625, 10.25, 8], "texture": "#0"},
				"down": {"uv": [8.5625, 10.25, 8.5, 10.3125], "texture": "#0"}
			}
		},
		{
			"from": [7.90292, 2.90525, 13.26023],
			"to": [8.13292, 3.07775, 13.43273],
			"rotation": {"angle": -45, "axis": "x", "origin": [8.01792, 2.6465, 13.57648]},
			"faces": {
				"north": {"uv": [9, 10.25, 9.0625, 10.3125], "texture": "#0"},
				"east": {"uv": [10, 10.25, 10.0625, 10.3125], "texture": "#0"},
				"south": {"uv": [0, 10.5, 0.0625, 10.5625], "texture": "#0"},
				"west": {"uv": [10.5, 0, 10.5625, 0.0625], "texture": "#0"},
				"up": {"uv": [0.5625, 10.5625, 0.5, 10.5], "texture": "#0"},
				"down": {"uv": [1.0625, 10.5, 1, 10.5625], "texture": "#0"}
			}
		},
		{
			"from": [7.64417, 2.31561, 13.46713],
			"to": [8.39167, 2.43061, 14.41588],
			"rotation": {"angle": -22.5, "axis": "x", "origin": [8.01792, 2.37311, 14.11401]},
			"faces": {
				"north": {"uv": [2.5, 8.5, 2.6875, 8.5625], "texture": "#0"},
				"east": {"uv": [8.5, 2.5, 8.6875, 2.5625], "texture": "#0"},
				"south": {"uv": [3.5, 8.5, 3.6875, 8.5625], "texture": "#0"},
				"west": {"uv": [8.5, 3.75, 8.6875, 3.8125], "texture": "#0"},
				"up": {"uv": [6.6875, 5.9375, 6.5, 5.75], "texture": "#0"},
				"down": {"uv": [6.1875, 6.5, 6, 6.6875], "texture": "#0"}
			}
		},
		{
			"from": [7.55792, 2.89551, 12.17241],
			"to": [7.61542, 3.61426, 14.47241],
			"rotation": {"angle": 0, "axis": "y", "origin": [7.55792, -0.29574, 6.76741]},
			"faces": {
				"north": {"uv": [8.5, 9.25, 8.5625, 9.375], "texture": "#0"},
				"east": {"uv": [6, 0.5, 6.5, 0.625], "texture": "#0"},
				"south": {"uv": [9.25, 8.5, 9.3125, 8.625], "texture": "#0"},
				"west": {"uv": [6, 1, 6.5, 1.125], "texture": "#0"},
				"up": {"uv": [2.5625, 7.25, 2.5, 6.75], "texture": "#0"},
				"down": {"uv": [3.5625, 6.75, 3.5, 7.25], "texture": "#0"}
			}
		},
		{
			"from": [7.96042, 2.58396, 13.94825],
			"to": [8.07542, 3.07271, 14.092],
			"rotation": {"angle": 0, "axis": "y", "origin": [8.01792, 2.82834, 14.04888]},
			"faces": {
				"north": {"uv": [9, 9.25, 9.0625, 9.375], "texture": "#0"},
				"east": {"uv": [0, 9.5, 0.0625, 9.625], "texture": "#0"},
				"south": {"uv": [9.5, 0, 9.5625, 0.125], "texture": "#0"},
				"west": {"uv": [0.5, 9.5, 0.5625, 9.625], "texture": "#0"},
				"up": {"uv": [2.0625, 10.5625, 2, 10.5], "texture": "#0"},
				"down": {"uv": [2.5625, 10.5, 2.5, 10.5625], "texture": "#0"}
			}
		},
		{
			"from": [7.96157, 2.53123, 13.82225],
			"to": [8.07427, 2.64393, 14.0787],
			"rotation": {"angle": -22.5, "axis": "x", "origin": [8.01792, 2.58758, 13.95047]},
			"faces": {
				"north": {"uv": [10.5, 2.5, 10.5625, 2.5625], "texture": "#0"},
				"east": {"uv": [3.5, 10.5, 3.5625, 10.5625], "texture": "#0"},
				"south": {"uv": [10.5, 3.5, 10.5625, 3.5625], "texture": "#0"},
				"west": {"uv": [10.5, 4, 10.5625, 4.0625], "texture": "#0"},
				"up": {"uv": [4.5625, 10.5625, 4.5, 10.5], "texture": "#0"},
				"down": {"uv": [10.5625, 4.5, 10.5, 4.5625], "texture": "#0"}
			}
		},
		{
			"from": [7.55792, 3.61426, 11.59741],
			"to": [8.47792, 4.30426, 14.47241],
			"rotation": {"angle": 0, "axis": "y", "origin": [7.55792, -2.13574, 4.46741]},
			"faces": {
				"north": {"uv": [2, 7.5, 2.1875, 7.625], "texture": "#0"},
				"east": {"uv": [5, 2.5, 5.625, 2.625], "texture": "#0"},
				"south": {"uv": [2.5, 7.5, 2.6875, 7.625], "texture": "#0"},
				"west": {"uv": [0, 5.5, 0.625, 5.625], "texture": "#0"},
				"up": {"uv": [0.1875, 5.125, 0, 4.5], "texture": "#0"},
				"down": {"uv": [4.6875, 0, 4.5, 0.625], "texture": "#0"}
			}
		},
		{
			"from": [7.78792, 4.56301, 13.32241],
			"to": [7.90292, 4.67801, 13.40866],
			"rotation": {"angle": 0, "axis": "y", "origin": [7.67292, -2.33699, 4.46741]},
			"faces": {
				"north": {"uv": [10, 6, 10.125, 6.125], "texture": "#3"},
				"east": {"uv": [8, 12, 8.0625, 12.125], "texture": "#3"},
				"south": {"uv": [8, 10, 8.125, 10.125], "texture": "#3"},
				"west": {"uv": [12, 8, 12.0625, 8.125], "texture": "#3"},
				"up": {"uv": [10.125, 12.0625, 10, 12], "texture": "#3"},
				"down": {"uv": [12.125, 10, 12, 10.0625], "texture": "#3"}
			}
		},
		{
			"from": [7.61726, 4.50233, 13.302],
			"to": [8.41858, 4.61687, 13.41654],
			"rotation": {"angle": 45, "axis": "x", "origin": [8.47631, 4.6286, 13.3737]},
			"faces": {
				"north": {"uv": [6, 4, 6.8125, 4.125], "texture": "#3"},
				"east": {"uv": [10, 8, 10.125, 8.125], "texture": "#3"},
				"south": {"uv": [6, 6, 6.8125, 6.125], "texture": "#3"},
				"west": {"uv": [10, 10, 10.125, 10.125], "texture": "#3"},
				"up": {"uv": [0.8125, 7.125, 0, 7], "texture": "#3"},
				"down": {"uv": [2.8125, 7, 2, 7.125], "texture": "#3"}
			}
		},
		{
			"from": [8.13292, 4.56301, 13.32241],
			"to": [8.24792, 4.67801, 13.40866],
			"rotation": {"angle": 0, "axis": "y", "origin": [7.67292, -2.33699, 4.46741]},
			"faces": {
				"north": {"uv": [0, 11, 0.125, 11.125], "texture": "#3"},
				"east": {"uv": [12, 12, 12.0625, 12.125], "texture": "#3"},
				"south": {"uv": [2, 11, 2.125, 11.125], "texture": "#3"},
				"west": {"uv": [0, 13, 0.0625, 13.125], "texture": "#3"},
				"up": {"uv": [2.125, 13.0625, 2, 13], "texture": "#3"},
				"down": {"uv": [4.125, 13, 4, 13.0625], "texture": "#3"}
			}
		},
		{
			"from": [7.90292, 4.56301, 13.32241],
			"to": [8.13292, 4.79301, 13.40866],
			"rotation": {"angle": 0, "axis": "y", "origin": [7.67292, -2.33699, 4.46741]},
			"faces": {
				"north": {"uv": [8, 8, 8.25, 8.25], "texture": "#3"},
				"east": {"uv": [4, 11, 4.0625, 11.25], "texture": "#3"},
				"south": {"uv": [0, 9, 0.25, 9.25], "texture": "#3"},
				"west": {"uv": [12, 0, 12.0625, 0.25], "texture": "#3"},
				"up": {"uv": [12.25, 2.0625, 12, 2], "texture": "#3"},
				"down": {"uv": [12.25, 4, 12, 4.0625], "texture": "#3"}
			}
		},
		{
			"from": [7.78792, 4.47676, 13.32241],
			"to": [8.24792, 4.56301, 13.49491],
			"rotation": {"angle": 0, "axis": "y", "origin": [7.67292, -2.30824, 4.46741]},
			"faces": {
				"north": {"uv": [10, 4, 10.4375, 4.0625], "texture": "#3"},
				"east": {"uv": [6, 12, 6.1875, 12.0625], "texture": "#3"},
				"south": {"uv": [6, 10, 6.4375, 10.0625], "texture": "#3"},
				"west": {"uv": [12, 6, 12.1875, 6.0625], "texture": "#3"},
				"up": {"uv": [6.4375, 8.1875, 6, 8], "texture": "#3"},
				"down": {"uv": [8.4375, 6, 8, 6.1875], "texture": "#3"}
			}
		},
		{
			"from": [7.67292, 4.30426, 12.28741],
			"to": [8.36292, 4.47676, 13.66741],
			"rotation": {"angle": 0, "axis": "y", "origin": [7.67292, -2.25074, 4.46741]},
			"faces": {
				"north": {"uv": [6, 0, 6.6875, 0.1875], "texture": "#3"},
				"east": {"uv": [0, 3, 1.375, 3.1875], "texture": "#3"},
				"south": {"uv": [6, 2, 6.6875, 2.1875], "texture": "#3"},
				"west": {"uv": [3, 3, 4.375, 3.1875], "texture": "#3"},
				"up": {"uv": [0.6875, 1.375, 0, 0], "texture": "#3"},
				"down": {"uv": [2.6875, 0, 2, 1.375], "texture": "#3"}
			}
		},
		{
			"from": [8.24792, 4.47676, 12.86241],
			"to": [8.36292, 4.79301, 13.66741],
			"rotation": {"angle": 0, "axis": "y", "origin": [7.44292, -2.30824, 4.46741]},
			"faces": {
				"north": {"uv": [2, 9, 2.125, 9.3125], "texture": "#3"},
				"east": {"uv": [4, 0, 4.8125, 0.3125], "texture": "#3"},
				"south": {"uv": [4, 9, 4.125, 9.3125], "texture": "#3"},
				"west": {"uv": [0, 5, 0.8125, 5.3125], "texture": "#3"},
				"up": {"uv": [4.125, 7.8125, 4, 7], "texture": "#3"},
				"down": {"uv": [8.125, 0, 8, 0.8125], "texture": "#3"}
			}
		},
		{
			"from": [7.67292, 4.47676, 12.86241],
			"to": [7.78792, 4.79301, 13.66741],
			"rotation": {"angle": 0, "axis": "y", "origin": [7.67292, -2.30824, 4.46741]},
			"faces": {
				"north": {"uv": [10, 0, 10.125, 0.3125], "texture": "#3"},
				"east": {"uv": [2, 5, 2.8125, 5.3125], "texture": "#3"},
				"south": {"uv": [10, 2, 10.125, 2.3125], "texture": "#3"},
				"west": {"uv": [4, 5, 4.8125, 5.3125], "texture": "#3"},
				"up": {"uv": [8.125, 2.8125, 8, 2], "texture": "#3"},
				"down": {"uv": [8.125, 4, 8, 4.8125], "texture": "#3"}
			}
		},
		{
			"from": [7.55792, 3.61426, 9.26866],
			"to": [8.47792, 4.30426, 9.75741],
			"rotation": {"angle": 0, "axis": "y", "origin": [7.55792, -0.29574, 6.79616]},
			"faces": {
				"north": {"uv": [3.5, 7.5, 3.6875, 7.625], "texture": "#0"},
				"east": {"uv": [3.5, 8, 3.625, 8.125], "texture": "#0"},
				"south": {"uv": [7.5, 4, 7.6875, 4.125], "texture": "#0"},
				"west": {"uv": [8, 3.75, 8.125, 3.875], "texture": "#0"},
				"up": {"uv": [7.6875, 4.625, 7.5, 4.5], "texture": "#0"},
				"down": {"uv": [4.9375, 7.5, 4.75, 7.625], "texture": "#0"}
			}
		},
		{
			"from": [7.55792, 4.07426, 9.75741],
			"to": [8.47792, 4.30426, 11.59741],
			"rotation": {"angle": 0, "axis": "y", "origin": [7.55792, -0.29574, 7.34241]},
			"faces": {
				"north": {"uv": [8.75, 2, 8.9375, 2.0625], "texture": "#0"},
				"east": {"uv": [7, 7.5, 7.375, 7.5625], "texture": "#0"},
				"south": {"uv": [3, 8.75, 3.1875, 8.8125], "texture": "#0"},
				"west": {"uv": [7.75, 0, 8.125, 0.0625], "texture": "#0"},
				"up": {"uv": [5.6875, 3.875, 5.5, 3.5], "texture": "#0"},
				"down": {"uv": [5.6875, 4.25, 5.5, 4.625], "texture": "#0"}
			}
		},
		{
			"from": [7.55792, 3.61426, 9.75741],
			"to": [7.84542, 4.07426, 11.59741],
			"rotation": {"angle": 0, "axis": "y", "origin": [7.55792, -0.38199, 7.34241]},
			"faces": {
				"north": {"uv": [9.5, 4, 9.5625, 4.125], "texture": "#0"},
				"east": {"uv": [0, 6.5, 0.375, 6.625], "texture": "#0"},
				"south": {"uv": [4.5, 9.5, 4.5625, 9.625], "texture": "#0"},
				"west": {"uv": [6.5, 2.5, 6.875, 2.625], "texture": "#0"},
				"up": {"uv": [7.8125, 0.875, 7.75, 0.5], "texture": "#0"},
				"down": {"uv": [1.0625, 7.75, 1, 8.125], "texture": "#0"}
			}
		},
		{
			"from": [7.60823, 2.92426, 12.05741],
			"to": [8.44198, 3.64301, 14.70241],
			"rotation": {"angle": 0, "axis": "y", "origin": [7.55073, -0.29574, 7.34241]},
			"faces": {
				"north": {"uv": [7.75, 1.25, 7.9375, 1.375], "texture": "#0"},
				"east": {"uv": [5.5, 5, 6.0625, 5.125], "texture": "#0"},
				"south": {"uv": [1.5, 7.75, 1.6875, 7.875], "texture": "#0"},
				"west": {"uv": [5.5, 5.5, 6.0625, 5.625], "texture": "#0"},
				"up": {"uv": [4.6875, 2.5625, 4.5, 2], "texture": "#0"},
				"down": {"uv": [4.6875, 4.25, 4.5, 4.8125], "texture": "#0"}
			}
		},
		{
			"from": [7.60823, 2.92426, 9.29741],
			"to": [8.44198, 3.64301, 9.98741],
			"rotation": {"angle": 0, "axis": "y", "origin": [7.55073, -0.29574, 7.57241]},
			"faces": {
				"north": {"uv": [7.75, 1.75, 7.9375, 1.875], "texture": "#0"},
				"east": {"uv": [8, 4.25, 8.125, 4.375], "texture": "#0"},
				"south": {"uv": [7.75, 2.25, 7.9375, 2.375], "texture": "#0"},
				"west": {"uv": [4.75, 8, 4.875, 8.125], "texture": "#0"},
				"up": {"uv": [3.1875, 7.875, 3, 7.75], "texture": "#0"},
				"down": {"uv": [7.9375, 3.25, 7.75, 3.375], "texture": "#0"}
			}
		},
		{
			"from": [7.80948, 2.98176, 9.98741],
			"to": [8.24073, 3.03926, 12.17241],
			"rotation": {"angle": 0, "axis": "y", "origin": [7.60823, -0.29574, 7.22741]},
			"faces": {
				"north": {"uv": [9.5, 4.5, 9.625, 4.5625], "texture": "#0"},
				"east": {"uv": [4, 6.75, 4.5, 6.8125], "texture": "#0"},
				"south": {"uv": [5, 9.5, 5.125, 9.5625], "texture": "#0"},
				"west": {"uv": [6.5, 6.75, 7, 6.8125], "texture": "#0"},
				"up": {"uv": [3.625, 6.5, 3.5, 6], "texture": "#0"},
				"down": {"uv": [6.125, 3.5, 6, 4], "texture": "#0"}
			}
		},
		{
			"from": [7.60823, 3.24051, 9.98741],
			"to": [8.44198, 3.64301, 12.05741],
			"rotation": {"angle": 0, "axis": "y", "origin": [7.55073, -0.29574, 6.99741]},
			"faces": {
				"north": {"uv": [8.75, 3, 8.9375, 3.0625], "texture": "#0"},
				"east": {"uv": [0, 7, 0.4375, 7.0625], "texture": "#0"},
				"south": {"uv": [4, 8.75, 4.1875, 8.8125], "texture": "#0"},
				"west": {"uv": [7, 3.5, 7.4375, 3.5625], "texture": "#0"},
				"up": {"uv": [3.6875, 5.6875, 3.5, 5.25], "texture": "#0"},
				"down": {"uv": [4.1875, 5.25, 4, 5.6875], "texture": "#0"}
			}
		},
		{
			"from": [8.24073, 2.92426, 9.98741],
			"to": [8.44198, 3.24051, 12.05741],
			"rotation": {"angle": 0, "axis": "y", "origin": [7.55073, -0.00824, 6.99741]},
			"faces": {
				"north": {"uv": [8, 10.75, 8.0625, 10.8125], "texture": "#0"},
				"east": {"uv": [4.75, 7, 5.1875, 7.0625], "texture": "#0"},
				"south": {"uv": [10.75, 8, 10.8125, 8.0625], "texture": "#0"},
				"west": {"uv": [7, 5.25, 7.4375, 5.3125], "texture": "#0"},
				"up": {"uv": [3.0625, 7.4375, 3, 7], "texture": "#0"},
				"down": {"uv": [5.5625, 7, 5.5, 7.4375], "texture": "#0"}
			}
		},
		{
			"from": [7.60823, 2.92426, 9.98741],
			"to": [7.80948, 3.24051, 12.05741],
			"rotation": {"angle": 0, "axis": "y", "origin": [7.43573, -0.00824, 6.99741]},
			"faces": {
				"north": {"uv": [8.5, 10.75, 8.5625, 10.8125], "texture": "#0"},
				"east": {"uv": [7, 5.75, 7.4375, 5.8125], "texture": "#0"},
				"south": {"uv": [9, 10.75, 9.0625, 10.8125], "texture": "#0"},
				"west": {"uv": [7, 6.25, 7.4375, 6.3125], "texture": "#0"},
				"up": {"uv": [6.0625, 7.4375, 6, 7], "texture": "#0"},
				"down": {"uv": [7.3125, 0, 7.25, 0.4375], "texture": "#0"}
			}
		},
		{
			"from": [7.55792, 2.75176, 6.10491],
			"to": [8.47792, 3.61426, 12.02741],
			"rotation": {"angle": 0, "axis": "y", "origin": [7.55792, -0.29574, 9.26741]},
			"faces": {
				"north": {"uv": [6.5, 6.25, 6.6875, 6.4375], "texture": "#0"},
				"east": {"uv": [2.25, 1, 3.5625, 1.1875], "texture": "#0"},
				"south": {"uv": [6.75, 0, 6.9375, 0.1875], "texture": "#0"},
				"west": {"uv": [2.25, 1.5, 3.5625, 1.6875], "texture": "#0"},
				"up": {"uv": [2.4375, 3.3125, 2.25, 2], "texture": "#0"},
				"down": {"uv": [1.1875, 2.5, 1, 3.8125], "texture": "#0"}
			}
		},
		{
			"from": [7.55792, 3.61426, 6.10491],
			"to": [8.47792, 3.84426, 9.09491],
			"rotation": {"angle": 0, "axis": "y", "origin": [7.55792, -0.72699, 9.26741]},
			"faces": {
				"north": {"uv": [8.75, 5.25, 8.9375, 5.3125], "texture": "#0"},
				"east": {"uv": [6.5, 4.25, 7.125, 4.3125], "texture": "#0"},
				"south": {"uv": [5.5, 8.75, 5.6875, 8.8125], "texture": "#0"},
				"west": {"uv": [6.5, 4.75, 7.125, 4.8125], "texture": "#0"},
				"up": {"uv": [0.6875, 5.125, 0.5, 4.5], "texture": "#0"},
				"down": {"uv": [4.6875, 1, 4.5, 1.625], "texture": "#0"}
			}
		},
		{
			"name": "left_arm_2nd_layer",
			"from": [6.34082, -3.25278, 9.63461],
			"to": [8.28879, 6.19194, 12.11385],
			"rotation": {"angle": -45, "axis": "x", "origin": [6.30091, 2.05127, 13.70374]},
			"faces": {
				"north": {"uv": [14.75, 13, 15.5, 16], "rotation": 180, "texture": "#2"},
				"east": {"uv": [12, 13, 13, 16], "rotation": 180, "texture": "#2"},
				"south": {"uv": [13, 13, 13.75, 16], "rotation": 180, "texture": "#2"},
				"west": {"uv": [13.75, 13, 14.75, 16], "rotation": 180, "texture": "#2"},
				"up": {"uv": [14.5, 12, 13.75, 13], "texture": "#2"},
				"down": {"uv": [13.75, 13, 13, 12], "texture": "#2"}
			}
		},
		{
			"name": "left_arm",
			"from": [6.42936, -2.95763, 9.66412],
			"to": [8.20024, 5.89679, 12.0253],
			"rotation": {"angle": -45, "axis": "x", "origin": [6.30091, 2.05127, 13.70374]},
			"faces": {
				"north": {"uv": [10.75, 13, 11.5, 16], "rotation": 180, "texture": "#2"},
				"east": {"uv": [8, 13, 9, 16], "rotation": 180, "texture": "#2"},
				"south": {"uv": [9, 13, 9.75, 16], "rotation": 180, "texture": "#2"},
				"west": {"uv": [9.75, 13, 10.75, 16], "rotation": 180, "texture": "#2"},
				"up": {"uv": [10.5, 12, 9.75, 13], "texture": "#2"},
				"down": {"uv": [9.75, 13, 9, 12], "texture": "#2"}
			}
		},
		{
			"name": "left_arm",
			"from": [5.93162, -3.61333, 10.18218],
			"to": [8.2928, 5.30013, 12.54336],
			"rotation": {"angle": -45, "axis": "x", "origin": [6.30091, 2.05127, 13.70374]},
			"faces": {
				"north": {"uv": [11, 13, 12, 16], "rotation": 180, "texture": "#4"},
				"east": {"uv": [8, 13, 9, 16], "rotation": 180, "texture": "#4"},
				"south": {"uv": [9, 13, 10, 16], "rotation": 180, "texture": "#4"},
				"west": {"uv": [10, 13, 11, 16], "rotation": 180, "texture": "#4"},
				"up": {"uv": [11, 12, 10, 13], "texture": "#4"},
				"down": {"uv": [10, 13, 9, 12], "texture": "#4"}
			}
		},
		{
			"name": "left_arm_2nd_layer",
			"from": [5.81357, -3.90848, 10.12315],
			"to": [8.35183, 5.59527, 12.60239],
			"rotation": {"angle": -45, "axis": "x", "origin": [6.30091, 2.05127, 13.70374]},
			"faces": {
				"north": {"uv": [15, 13, 16, 16], "rotation": 180, "texture": "#4"},
				"east": {"uv": [12, 13, 13, 16], "rotation": 180, "texture": "#4"},
				"south": {"uv": [13, 13, 14, 16], "rotation": 180, "texture": "#4"},
				"west": {"uv": [14, 13, 15, 16], "rotation": 180, "texture": "#4"},
				"up": {"uv": [15, 12, 14, 13], "texture": "#4"},
				"down": {"uv": [14, 13, 13, 12], "texture": "#4"}
			}
		},
		{
			"name": "right_arm_2nd_layer",
			"from": [7.80429, 0.5508, 12.7957],
			"to": [9.75226, 3.08907, 22.24042],
			"rotation": {"angle": 45, "axis": "z", "origin": [8.21447, 1.81993, 17.25495]},
			"faces": {
				"north": {"uv": [12.5, 8, 11.75, 9], "rotation": 180, "texture": "#2"},
				"east": {"uv": [10, 9, 11, 12], "rotation": 270, "texture": "#2"},
				"south": {"uv": [11.75, 9, 11, 8], "texture": "#2"},
				"west": {"uv": [11.75, 9, 12.75, 12], "rotation": 90, "texture": "#2"},
				"up": {"uv": [11, 9, 11.75, 12], "rotation": 180, "texture": "#2"},
				"down": {"uv": [12.75, 9, 13.5, 12], "texture": "#2"}
			}
		},
		{
			"name": "right_arm",
			"from": [7.89284, 0.63934, 13.09084],
			"to": [9.66372, 3.00052, 21.94527],
			"rotation": {"angle": 45, "axis": "z", "origin": [8.21447, 1.81993, 17.25495]},
			"faces": {
				"north": {"uv": [12.5, 4, 11.75, 5], "rotation": 180, "texture": "#2"},
				"east": {"uv": [10, 5, 11, 8], "rotation": 270, "texture": "#2"},
				"south": {"uv": [11.75, 5, 11, 4], "texture": "#2"},
				"west": {"uv": [11.75, 5, 12.75, 8], "rotation": 90, "texture": "#2"},
				"up": {"uv": [11, 5, 11.75, 8], "rotation": 180, "texture": "#2"},
				"down": {"uv": [12.75, 5, 13.5, 8], "texture": "#2"}
			}
		},
		{
			"name": "right_arm",
			"from": [7.30254, 0.63934, 13.09084],
			"to": [9.66372, 3.00052, 22.09284],
			"rotation": {"angle": 45, "axis": "z", "origin": [8.21447, 1.81993, 17.25495]},
			"faces": {
				"north": {"uv": [13, 4, 12, 5], "rotation": 180, "texture": "#4"},
				"east": {"uv": [10, 5, 11, 8], "rotation": 270, "texture": "#4"},
				"south": {"uv": [12, 5, 11, 4], "texture": "#4"},
				"west": {"uv": [12, 5, 13, 8], "rotation": 90, "texture": "#4"},
				"up": {"uv": [11, 5, 12, 8], "rotation": 180, "texture": "#4"},
				"down": {"uv": [13, 5, 14, 8], "texture": "#4"}
			}
		},
		{
			"name": "right_arm_2nd_layer",
			"from": [7.18448, 0.58031, 12.7957],
			"to": [9.71684, 3.05955, 22.38799],
			"rotation": {"angle": 45, "axis": "z", "origin": [8.21447, 1.81993, 17.25495]},
			"faces": {
				"north": {"uv": [13, 8, 12, 9], "rotation": 180, "texture": "#4"},
				"east": {"uv": [10, 9, 11, 12], "rotation": 270, "texture": "#4"},
				"south": {"uv": [12, 9, 11, 8], "texture": "#4"},
				"west": {"uv": [12, 9, 13, 12], "rotation": 90, "texture": "#4"},
				"up": {"uv": [11, 9, 12, 12], "rotation": 180, "texture": "#4"},
				"down": {"uv": [13, 9, 14, 12], "texture": "#4"}
			}
		}
	],
	"display": {
		"thirdperson_righthand": {
			"translation": [-0.5, 2.25, -1.5],
			"scale": [0, 0, 0]
		},
		"thirdperson_lefthand": {
			"scale": [0, 0, 0]
		},
		"firstperson_righthand": {
			"rotation": [2.5, -0.75, 4],
			"translation": [-7.02, 21.4, 0.65],
			"scale": [1.13, 1.13, 1.13]
		},
		"firstperson_lefthand": {
			"rotation": [-3, -0.5, 1],
			"translation": [-3, 16, -8.5]
		},
		"ground": {
			"translation": [8.5, -18.5, -4]
		},
		"gui": {
			"rotation": [0, -95.5, 0],
			"translation": [4.5, 2.5, 0],
			"scale": [0, 0, 0]
		},
		"head": {
			"translation": [0, -29, 0],
			"scale": [1.6, 1.6, 1.6]
		},
		"fixed": {
			"rotation": [0, -90, 0],
			"translation": [4.75, 4, -1.25],
			"scale": [0, 0, 0]
		}
	},
	"groups": [
		{
			"name": "Supernova",
			"origin": [8, 8, 8],
			"color": 0,
			"children": [
				{
					"name": "Stock",
					"origin": [8, 8, 8],
					"color": 0,
					"children": [0, 1, 2, 3, 4]
				},
				{
					"name": "Trigger",
					"origin": [8, 8, 8],
					"color": 0,
					"children": []
				},
				{
					"name": "Mag Tube",
					"origin": [8, 8, 8],
					"color": 0,
					"children": [5, 6, 7, 8, 9]
				},
				{
					"name": "Barrel",
					"origin": [8, 8, 8],
					"color": 0,
					"children": [
						10,
						{
							"name": "Holes",
							"origin": [8.0125, 8, 8],
							"color": 0,
							"children": [11, 12, 13, 14, 15, 16, 17, 18, 19, 20]
						}
					]
				},
				{
					"name": "Chamber",
					"origin": [8, 8, 8],
					"color": 0,
					"children": [21]
				},
				{
					"name": "Body",
					"origin": [8, 8, 8],
					"color": 0,
					"children": [
						22,
						23,
						24,
						25,
						26,
						27,
						28,
						29,
						30,
						31,
						32,
						33,
						34,
						35,
						36,
						37,
						38,
						{
							"name": "Sights",
							"origin": [7.7, -1.75, 5],
							"color": 0,
							"children": [39, 40, 41, 42, 43, 44, 45, 46]
						},
						47,
						48,
						49
					]
				},
				{
					"name": "Receiver",
					"origin": [8, 8, 8],
					"color": 0,
					"children": [50, 51, 52, 53, 54, 55]
				},
				{
					"name": "Pump",
					"origin": [8, 8, 8],
					"color": 0,
					"children": [56, 57]
				}
			]
		},
		{
			"name": "Player",
			"origin": [8, 8, 8],
			"color": 0,
			"children": [
				{
					"name": "left_main",
					"origin": [8, 8, 8],
					"color": 0,
					"children": [
						{
							"name": "alex",
							"origin": [5.3, 1.4, 17.3],
							"color": 0,
							"children": [58, 59]
						},
						{
							"name": "steve",
							"origin": [8, 8, 8],
							"color": 0,
							"children": [60, 61]
						}
					]
				},
				{
					"name": "right_main",
					"origin": [13.5, 2.5, 21],
					"color": 0,
					"children": [
						{
							"name": "alex",
							"origin": [8.5, 2.5, 16.75],
							"color": 0,
							"children": [62, 63]
						},
						{
							"name": "steve",
							"origin": [0, 0, 0],
							"color": 0,
							"children": [64, 65]
						}
					]
				}
			]
		}
	]
}