{
	"credit": "Made with Blockbench",
	"ambientocclusion": false,
	"texture_size": [4, 4],
	"textures": {
		"0": "fw:guns/01/smart_pistol",
		"1": "fw:guns/01/optic_dot",
		"particle": "fw:player/steve"
	},
	"elements": [
		{
			"from": [7.23125, 6.64548, 7.39269],
			"to": [8.76875, 7.01448, 9.69894],
			"rotation": {"angle": 0, "axis": "y", "origin": [7.385, 1.51023, 5.57844]},
			"faces": {
				"north": {"uv": [9, 8, 9.625, 8.125], "texture": "#0"},
				"east": {"uv": [9, 3.5, 10, 3.625], "texture": "#0"},
				"south": {"uv": [9, 8.5, 9.625, 8.625], "texture": "#0"},
				"west": {"uv": [9, 4, 10, 4.125], "texture": "#0"},
				"up": {"uv": [2.375, 6.5, 1.75, 5.5], "texture": "#0"},
				"down": {"uv": [6.625, 0, 6, 1], "texture": "#0"}
			}
		},
		{
			"from": [8.5535, 7.01448, 7.39269],
			"to": [8.70725, 7.78323, 8.62269],
			"rotation": {"angle": 0, "axis": "y", "origin": [7.385, 1.35648, 5.57844]},
			"faces": {
				"north": {"uv": [9.75, 0.5, 9.875, 0.875], "texture": "#0"},
				"east": {"uv": [1.25, 8.5, 1.75, 8.875], "texture": "#0"},
				"south": {"uv": [1, 9.75, 1.125, 10.125], "texture": "#0"},
				"west": {"uv": [5.25, 8.5, 5.75, 8.875], "texture": "#0"},
				"up": {"uv": [3.375, 9.75, 3.25, 9.25], "texture": "#0"},
				"down": {"uv": [6.125, 9.25, 6, 9.75], "texture": "#0"}
			}
		},
		{
			"from": [7.29275, 7.01448, 7.39269],
			"to": [7.4465, 7.78323, 8.62269],
			"rotation": {"angle": 0, "axis": "y", "origin": [7.385, 1.35648, 5.57844]},
			"faces": {
				"north": {"uv": [9.75, 1.25, 9.875, 1.625], "texture": "#0"},
				"east": {"uv": [6, 8.5, 6.5, 8.875], "texture": "#0"},
				"south": {"uv": [1.5, 9.75, 1.625, 10.125], "texture": "#0"},
				"west": {"uv": [8.5, 6.75, 9, 7.125], "texture": "#0"},
				"up": {"uv": [9.375, 7.25, 9.25, 6.75], "texture": "#0"},
				"down": {"uv": [8.375, 9.25, 8.25, 9.75], "texture": "#0"}
			}
		},
		{
			"from": [7.29275, 7.78323, 7.39269],
			"to": [8.70725, 7.93698, 8.62269],
			"rotation": {"angle": 0, "axis": "y", "origin": [7.385, 1.20273, 5.57844]},
			"faces": {
				"north": {"uv": [9, 9, 9.625, 9.125], "texture": "#0"},
				"east": {"uv": [9.5, 0, 10, 0.125], "texture": "#0"},
				"south": {"uv": [0.5, 9.25, 1.125, 9.375], "texture": "#0"},
				"west": {"uv": [3.75, 9.5, 4.25, 9.625], "texture": "#0"},
				"up": {"uv": [7.625, 0.5, 7, 0], "texture": "#0"},
				"down": {"uv": [7.625, 0.75, 7, 1.25], "texture": "#0"}
			}
		},
		{
			"from": [7.35425, 7.01448, 7.45419],
			"to": [8.64575, 7.81398, 7.45419],
			"rotation": {"angle": 0, "axis": "y", "origin": [7.385, 1.20273, 5.57844]},
			"faces": {
				"north": {"uv": [0, 0, 8, 5], "texture": "#1"},
				"east": {"uv": [0, 0, 0, 5], "texture": "#1"},
				"south": {"uv": [0, 8, 8, 13], "texture": "#1"},
				"west": {"uv": [0, 0, 0, 5], "texture": "#1"},
				"up": {"uv": [8, 0, 0, 0], "texture": "#1"},
				"down": {"uv": [8, 0, 0, 0], "texture": "#1"}
			}
		}
	],
	"display": {
		"thirdperson_righthand": {
			"translation": [0.25, 1.25, -0.5]
		},
		"thirdperson_lefthand": {
			"translation": [0.25, 1.25, -0.5]
		},
		"firstperson_righthand": {
			"rotation": [-2.41, 1.64, 4.26],
			"translation": [-6.75, 6.75, 6.5]
		},
		"firstperson_lefthand": {
			"rotation": [-2.41, 1.64, 4.26],
			"translation": [-6.75, 6.75, 6.5]
		},
		"ground": {
			"translation": [0, -2.5, 0]
		},
		"gui": {
			"rotation": [16, -144, 7],
			"translation": [1, 1.25, 0.75],
			"scale": [1.49, 1.49, 1.49]
		},
		"head": {
			"rotation": [-64, 0, 0],
			"translation": [-7, -29, -6.75],
			"scale": [0, 0, 0]
		},
		"fixed": {
			"rotation": [90, 54.75, -90],
			"translation": [0.25, 2, 0.75]
		}
	},
	"groups": [
		{
			"name": "Pistol",
			"origin": [8, 8, 1.78812],
			"color": 0,
			"children": [
				{
					"name": "Optic",
					"origin": [8, 8, 1.78812],
					"color": 0,
					"children": [0, 1, 2, 3, 4]
				}
			]
		}
	]
}