[
  {"function": "minecraft:set_nbt","tag": "{CustomModelData:1201}","conditions": [{"condition": "minecraft:entity_scores","entity": "this","scores": { "fwg.cooldown" : 50}}]},
  {"function": "minecraft:set_nbt","tag": "{CustomModelData:1202}","conditions": [{"condition": "minecraft:entity_scores","entity": "this","scores": { "fwg.cooldown" : 48}}]},
  {"function": "minecraft:set_nbt","tag": "{CustomModelData:1203}","conditions": [{"condition": "minecraft:entity_scores","entity": "this","scores": { "fwg.cooldown" : 46}}]},

  {"function": "minecraft:set_nbt","tag": "{CustomModelData:1204}","conditions": [{"condition": "minecraft:entity_scores","entity": "this","scores": { "fwg.cooldown" : 44}}]},
  {"function": "minecraft:set_nbt","tag": "{CustomModelData:1205}","conditions": [{"condition": "minecraft:entity_scores","entity": "this","scores": { "fwg.cooldown" : 43}}]},
  {"function": "minecraft:set_nbt","tag": "{CustomModelData:1206}","conditions": [{"condition": "minecraft:entity_scores","entity": "this","scores": { "fwg.cooldown" : 42}}]},
  {"function": "minecraft:set_nbt","tag": "{CustomModelData:1207}","conditions": [{"condition": "minecraft:entity_scores","entity": "this","scores": { "fwg.cooldown" : 41}}]},
  {"function": "minecraft:set_nbt","tag": "{CustomModelData:1208}","conditions": [{"condition": "minecraft:entity_scores","entity": "this","scores": { "fwg.cooldown" : 39}}]},
  {"function": "minecraft:set_nbt","tag": "{CustomModelData:1209}","conditions": [{"condition": "minecraft:entity_scores","entity": "this","scores": { "fwg.cooldown" : 38}}]},

  {"function": "minecraft:set_nbt","tag": "{CustomModelData:1401}","conditions": [{"condition": "minecraft:entity_scores","entity": "this","scores": { "fwg.cooldown" : 36}}]},
  {"function": "minecraft:set_nbt","tag": "{CustomModelData:1402}","conditions": [{"condition": "minecraft:entity_scores","entity": "this","scores": { "fwg.cooldown" : 35}}]},
  {"function": "minecraft:set_nbt","tag": "{CustomModelData:1403}","conditions": [{"condition": "minecraft:entity_scores","entity": "this","scores": { "fwg.cooldown" : 34}}]},
  {"function": "minecraft:set_nbt","tag": "{CustomModelData:1404}","conditions": [{"condition": "minecraft:entity_scores","entity": "this","scores": { "fwg.cooldown" : 32}}]},
  {"function": "minecraft:set_nbt","tag": "{CustomModelData:1405}","conditions": [{"condition": "minecraft:entity_scores","entity": "this","scores": { "fwg.cooldown" : 30}}]},

  {"function": "minecraft:set_nbt","tag": "{CustomModelData:1306}","conditions": [{"condition": "minecraft:entity_scores","entity": "this","scores": { "fwg.cooldown" : 25}}]},
  {"function": "minecraft:set_nbt","tag": "{CustomModelData:1307}","conditions": [{"condition": "minecraft:entity_scores","entity": "this","scores": { "fwg.cooldown" : 23}}]},

  {"function": "minecraft:set_nbt","tag": "{CustomModelData:1101}","conditions": [{"condition": "minecraft:entity_scores","entity": "this","scores": { "fwg.cooldown" : 22}}]},
  {"function": "minecraft:set_nbt","tag": "{CustomModelData:1102}","conditions": [{"condition": "minecraft:entity_scores","entity": "this","scores": { "fwg.cooldown" : 21}}]},

  {"function": "minecraft:set_nbt","tag": "{CustomModelData:1103}","conditions": [{"condition": "minecraft:entity_scores","entity": "this","scores": { "fwg.cooldown" : 17}}]},
  {"function": "minecraft:set_nbt","tag": "{CustomModelData:1104}","conditions": [{"condition": "minecraft:entity_scores","entity": "this","scores": { "fwg.cooldown" : 16}}]},
  {"function": "minecraft:set_nbt","tag": "{CustomModelData:1105}","conditions": [{"condition": "minecraft:entity_scores","entity": "this","scores": { "fwg.cooldown" : 15}}]},
  {"function": "minecraft:set_nbt","tag": "{CustomModelData:1106}","conditions": [{"condition": "minecraft:entity_scores","entity": "this","scores": { "fwg.cooldown" : 13}}]},
  {"function": "minecraft:set_nbt","tag": "{CustomModelData:1107}","conditions": [{"condition": "minecraft:entity_scores","entity": "this","scores": { "fwg.cooldown" : 11}}]},
  {"function": "minecraft:set_nbt","tag": "{CustomModelData:1001}","conditions": [{"condition": "minecraft:entity_scores","entity": "this","scores": { "fwg.cooldown" : 9}}]}
]
