{
    "providers": [
        {"type": "bitmap","file": "fw:icons/guns/10.png","ascent": 15,"height": 25,"chars":["1"]},
        {"type": "bitmap","file": "fw:icons/guns/11.png","ascent": 12,"height": 25,"chars":["2"]},
        {"type": "bitmap","file": "fw:icons/guns/12.png","ascent": 15,"height": 25,"chars":["3"]},
        {"type": "bitmap","file": "fw:icons/guns/13.png","ascent": 12,"height": 25,"chars":["4"]},
        {"type": "bitmap","file": "fw:icons/guns/14.png","ascent": 15,"height": 25,"chars":["5"]},
        {"type": "bitmap","file": "fw:icons/guns/15.png","ascent": 13,"height": 20,"chars":["6"]},
        {"type": "bitmap","file": "fw:icons/guns/07.png","ascent": 15,"height": 25,"chars":["7"]},
        {"type": "bitmap","file": "fw:icons/guns/08.png","ascent": 15,"height": 30,"chars":["8"]},
        {"type": "bitmap","file": "fw:icons/guns/09.png","ascent": 15,"height": 25,"chars":["9"]},
        {"type": "bitmap","file": "fw:icons/other/backdrop.png","ascent": 17,"height": 32,"chars":["b"]}
    ]
}