{
    "providers": [
        {"type": "bitmap","file": "fw:icons/n_large/1.png","ascent": 13,"height": 15,"chars":["1"]},
        {"type": "bitmap","file": "fw:icons/n_large/2.png","ascent": 13,"height": 15,"chars":["2"]},
        {"type": "bitmap","file": "fw:icons/n_large/3.png","ascent": 13,"height": 15,"chars":["3"]},
        {"type": "bitmap","file": "fw:icons/n_large/4.png","ascent": 13,"height": 15,"chars":["4"]},
        {"type": "bitmap","file": "fw:icons/n_large/5.png","ascent": 13,"height": 15,"chars":["5"]},
        {"type": "bitmap","file": "fw:icons/n_large/6.png","ascent": 13,"height": 15,"chars":["6"]},
        {"type": "bitmap","file": "fw:icons/n_large/7.png","ascent": 13,"height": 15,"chars":["7"]},
        {"type": "bitmap","file": "fw:icons/n_large/8.png","ascent": 13,"height": 15,"chars":["8"]},
        {"type": "bitmap","file": "fw:icons/n_large/9.png","ascent": 13,"height": 15,"chars":["9"]},
        {"type": "bitmap","file": "fw:icons/n_large/0.png","ascent": 13,"height": 15,"chars":["0"]}
    ]
}