{
	"credit": "Made with Blockbench",
	"ambientocclusion": false,
	"texture_size": [4, 4],
	"textures": {
		"1": "fw:guns/03/p90",
		"particle": "fw:player/steve"
	},
	"elements": [
		{
			"from": [6.614, 9.20557, 14.42819],
			"to": [9.386, 12.41557, 23.83319],
			"rotation": {"angle": 0, "axis": "y", "origin": [6.614, 3.85957, 6.50819]},
			"faces": {
				"north": {"uv": [4, 2.75, 4.375, 3.25], "texture": "#1"},
				"east": {"uv": [0, 0, 1.1875, 0.5], "texture": "#1"},
				"south": {"uv": [4, 3.5, 4.375, 4], "texture": "#1"},
				"west": {"uv": [0, 0.75, 1.1875, 1.25], "texture": "#1"},
				"up": {"uv": [2.875, 1.9375, 2.5, 0.75], "texture": "#1"},
				"down": {"uv": [2.875, 2.25, 2.5, 3.4375], "texture": "#1"}
			}
		},
		{
			"from": [6.8615, 5.24557, 15.81419],
			"to": [9.1385, 9.20557, 23.83319],
			"rotation": {"angle": 0, "axis": "y", "origin": [6.614, 7.81957, 6.50819]},
			"faces": {
				"north": {"uv": [4.75, 1, 5.0625, 1.5], "texture": "#1"},
				"east": {"uv": [0, 1.5, 1, 2], "texture": "#1"},
				"south": {"uv": [4.75, 2.75, 5.0625, 3.25], "texture": "#1"},
				"west": {"uv": [1.5, 0, 2.5, 0.5], "texture": "#1"},
				"up": {"uv": [1.8125, 4, 1.5, 3], "texture": "#1"},
				"down": {"uv": [3.5625, 1, 3.25, 2], "texture": "#1"}
			}
		},
		{
			"from": [6.614, 9.20557, 4.42919],
			"to": [9.386, 10.29457, 14.42819],
			"rotation": {"angle": 0, "axis": "y", "origin": [6.614, 3.85957, 7.00319]},
			"faces": {
				"north": {"uv": [8.25, 6, 8.625, 6.125], "texture": "#1"},
				"east": {"uv": [4.75, 3.5, 6, 3.625], "texture": "#1"},
				"south": {"uv": [8.25, 6.5, 8.625, 6.625], "texture": "#1"},
				"west": {"uv": [4.75, 4, 6, 4.125], "texture": "#1"},
				"up": {"uv": [0.375, 3.5, 0, 2.25], "texture": "#1"},
				"down": {"uv": [1.125, 2.25, 0.75, 3.5], "texture": "#1"}
			}
		},
		{
			"from": [6.614, 10.29457, 6.60719],
			"to": [9.386, 11.18557, 12.44819],
			"rotation": {"angle": 0, "axis": "y", "origin": [6.614, 2.77057, 7.00319]},
			"faces": {
				"north": {"uv": [8.25, 7, 8.625, 7.125], "texture": "#1"},
				"east": {"uv": [6.5, 3, 7.25, 3.125], "texture": "#1"},
				"south": {"uv": [7.75, 8.25, 8.125, 8.375], "texture": "#1"},
				"west": {"uv": [6.75, 0, 7.5, 0.125], "texture": "#1"},
				"up": {"uv": [3.625, 3, 3.25, 2.25], "texture": "#1"},
				"down": {"uv": [3.625, 3.25, 3.25, 4], "texture": "#1"}
			}
		},
		{
			"from": [6.416, 10.29457, 12.44819],
			"to": [9.584, 11.18557, 14.42819],
			"rotation": {"angle": 0, "axis": "y", "origin": [6.614, 2.77057, 22.74419]},
			"faces": {
				"north": {"uv": [8.5, 0, 8.875, 0.125], "texture": "#1"},
				"east": {"uv": [7.25, 9.25, 7.5, 9.375], "texture": "#1"},
				"south": {"uv": [8.5, 1, 8.875, 1.125], "texture": "#1"},
				"west": {"uv": [7.75, 9.25, 8, 9.375], "texture": "#1"},
				"up": {"uv": [0.875, 7, 0.5, 6.75], "texture": "#1"},
				"down": {"uv": [1.625, 6.75, 1.25, 7], "texture": "#1"}
			}
		},
		{
			"from": [7.109, 9.50257, -4.28281],
			"to": [8.891, 10.98757, 4.42919],
			"rotation": {"angle": 0, "axis": "y", "origin": [8.6435, 6.08707, -4.38181]},
			"faces": {
				"north": {"uv": [1.5, 8.25, 1.75, 8.4375], "texture": "#1"},
				"east": {"uv": [4, 1.75, 5.125, 1.9375], "texture": "#1"},
				"south": {"uv": [4, 8.25, 4.25, 8.4375], "texture": "#1"},
				"west": {"uv": [4, 2.25, 5.125, 2.4375], "texture": "#1"},
				"up": {"uv": [0.25, 4.875, 0, 3.75], "texture": "#1"},
				"down": {"uv": [0.75, 3.75, 0.5, 4.875], "texture": "#1"}
			}
		},
		{
			"from": [7.01, 5.24557, 11.75519],
			"to": [8.99, 9.20557, 15.81419],
			"rotation": {"angle": 0, "axis": "y", "origin": [6.4655, 7.81957, 6.40919]},
			"faces": {
				"north": {"uv": [6, 0.75, 6.25, 1.25], "texture": "#1"},
				"east": {"uv": [2.25, 3.75, 2.75, 4.25], "texture": "#1"},
				"south": {"uv": [1.25, 6, 1.5, 6.5], "texture": "#1"},
				"west": {"uv": [4, 1, 4.5, 1.5], "texture": "#1"},
				"up": {"uv": [6.25, 2, 6, 1.5], "texture": "#1"},
				"down": {"uv": [2, 6, 1.75, 6.5], "texture": "#1"}
			}
		},
		{
			"from": [7.01, 8.80957, 6.90419],
			"to": [8.99, 9.20557, 11.75519],
			"rotation": {"angle": 0, "axis": "y", "origin": [6.4655, 10.39357, 4.72619]},
			"faces": {
				"north": {"uv": [10.5, 1.5, 10.75, 1.5625], "texture": "#1"},
				"east": {"uv": [9, 2, 9.625, 2.0625], "texture": "#1"},
				"south": {"uv": [1.75, 10.5, 2, 10.5625], "texture": "#1"},
				"west": {"uv": [9, 2.5, 9.625, 2.5625], "texture": "#1"},
				"up": {"uv": [5, 5.125, 4.75, 4.5], "texture": "#1"},
				"down": {"uv": [1.25, 5, 1, 5.625], "texture": "#1"}
			}
		},
		{
			"from": [7.01, 6.63157, 4.62719],
			"to": [8.99, 9.20557, 6.90419],
			"rotation": {"angle": 0, "axis": "y", "origin": [6.4655, 7.81957, 6.40919]},
			"faces": {
				"north": {"uv": [2, 7.25, 2.25, 7.5625], "texture": "#1"},
				"east": {"uv": [6.25, 3.5, 6.5625, 3.8125], "texture": "#1"},
				"south": {"uv": [7.25, 5, 7.5, 5.3125], "texture": "#1"},
				"west": {"uv": [3.75, 6.25, 4.0625, 6.5625], "texture": "#1"},
				"up": {"uv": [6, 7.5625, 5.75, 7.25], "texture": "#1"},
				"down": {"uv": [7.5, 5.75, 7.25, 6.0625], "texture": "#1"}
			}
		},
		{
			"from": [7.901, 6.63157, 2.64719],
			"to": [8.099, 9.20557, 4.92419],
			"rotation": {"angle": 0, "axis": "y", "origin": [4.8815, 7.81957, 6.40919]},
			"faces": {
				"north": {"uv": [5, 10.25, 5.0625, 10.5625], "texture": "#1"},
				"east": {"uv": [6.5, 0.75, 6.8125, 1.0625], "texture": "#1"},
				"south": {"uv": [10.25, 5.75, 10.3125, 6.0625], "texture": "#1"},
				"west": {"uv": [6.5, 1.5, 6.8125, 1.8125], "texture": "#1"},
				"up": {"uv": [6.5625, 10.5625, 6.5, 10.25], "texture": "#1"},
				"down": {"uv": [10.3125, 6.5, 10.25, 6.8125], "texture": "#1"}
			}
		},
		{
			"from": [7.208, 6.43357, 2.15219],
			"to": [8.792, 7.22557, 4.82519],
			"rotation": {"angle": 0, "axis": "y", "origin": [6.4655, 7.81957, 7.69619]},
			"faces": {
				"north": {"uv": [1.25, 10.25, 1.4375, 10.375], "texture": "#1"},
				"east": {"uv": [9, 3, 9.3125, 3.125], "texture": "#1"},
				"south": {"uv": [2.5, 10.25, 2.6875, 10.375], "texture": "#1"},
				"west": {"uv": [9, 4.5, 9.3125, 4.625], "texture": "#1"},
				"up": {"uv": [0.6875, 8.5625, 0.5, 8.25], "texture": "#1"},
				"down": {"uv": [1.1875, 8.25, 1, 8.5625], "texture": "#1"}
			}
		},
		{
			"from": [7.01, 6.78007, 2.10269],
			"to": [8.99, 7.27507, 3.73619],
			"rotation": {"angle": 0, "axis": "y", "origin": [6.3665, 7.81957, 7.69619]},
			"faces": {
				"north": {"uv": [10.5, 2, 10.75, 2.0625], "texture": "#1"},
				"east": {"uv": [0.5, 11.25, 0.6875, 11.3125], "texture": "#1"},
				"south": {"uv": [10.5, 7.25, 10.75, 7.3125], "texture": "#1"},
				"west": {"uv": [11.25, 0.5, 11.4375, 0.5625], "texture": "#1"},
				"up": {"uv": [0.25, 8.6875, 0, 8.5], "texture": "#1"},
				"down": {"uv": [8.75, 3, 8.5, 3.1875], "texture": "#1"}
			}
		},
		{
			"from": [7.20998, 5.55824, 0.52645],
			"to": [8.79002, 6.34628, 3.34399],
			"rotation": {"angle": -22.5, "axis": "x", "origin": [8.5445, 6.34826, 1.06897]},
			"faces": {
				"north": {"uv": [10.25, 2.75, 10.4375, 2.875], "texture": "#1"},
				"east": {"uv": [8.5, 3.5, 8.875, 3.625], "texture": "#1"},
				"south": {"uv": [3, 10.25, 3.1875, 10.375], "texture": "#1"},
				"west": {"uv": [8.5, 4, 8.875, 4.125], "texture": "#1"},
				"up": {"uv": [4.6875, 8.125, 4.5, 7.75], "texture": "#1"},
				"down": {"uv": [7.9375, 5.5, 7.75, 5.875], "texture": "#1"}
			}
		},
		{
			"from": [7.01, 8.21557, -4.67881],
			"to": [8.99, 9.60157, 0.17219],
			"rotation": {"angle": 0, "axis": "y", "origin": [6.4655, 7.81957, 6.40919]},
			"faces": {
				"north": {"uv": [4.5, 8.5, 4.75, 8.6875], "texture": "#1"},
				"east": {"uv": [5.5, 3, 6.125, 3.1875], "texture": "#1"},
				"south": {"uv": [5.75, 8.5, 6, 8.6875], "texture": "#1"},
				"west": {"uv": [6, 4.5, 6.625, 4.6875], "texture": "#1"},
				"up": {"uv": [3, 5.625, 2.75, 5], "texture": "#1"},
				"down": {"uv": [3.5, 5, 3.25, 5.625], "texture": "#1"}
			}
		},
		{
			"from": [7.01198, 6.45232, -4.0894],
			"to": [8.98802, 8.52736, -3.10336],
			"rotation": {"angle": -22.5, "axis": "x", "origin": [8, 6.89584, -3.59638]},
			"faces": {
				"north": {"uv": [8, 1, 8.25, 1.25], "texture": "#1"},
				"east": {"uv": [8.25, 9.25, 8.375, 9.5], "texture": "#1"},
				"south": {"uv": [8, 4, 8.25, 4.25], "texture": "#1"},
				"west": {"uv": [0, 9.5, 0.125, 9.75], "texture": "#1"},
				"up": {"uv": [0.75, 9.625, 0.5, 9.5], "texture": "#1"},
				"down": {"uv": [9.75, 0.5, 9.5, 0.625], "texture": "#1"}
			}
		},
		{
			"from": [7.01, 5.34457, -1.41181],
			"to": [8.99, 8.21557, 0.17219],
			"rotation": {"angle": 0, "axis": "y", "origin": [8.5445, 6.28507, -4.28281]},
			"faces": {
				"north": {"uv": [2.25, 6.5, 2.5, 6.875], "texture": "#1"},
				"east": {"uv": [7.75, 6.25, 7.9375, 6.625], "texture": "#1"},
				"south": {"uv": [2.75, 6.75, 3, 7.125], "texture": "#1"},
				"west": {"uv": [7.75, 7, 7.9375, 7.375], "texture": "#1"},
				"up": {"uv": [6.5, 8.6875, 6.25, 8.5], "texture": "#1"},
				"down": {"uv": [8.75, 8.25, 8.5, 8.4375], "texture": "#1"}
			}
		},
		{
			"from": [7.01198, 4.97972, -0.85264],
			"to": [8.98802, 6.55976, 1.6184],
			"rotation": {"angle": 22.5, "axis": "x", "origin": [8.5445, 6.56174, -0.21112]},
			"faces": {
				"north": {"uv": [1.5, 8.75, 1.75, 8.9375], "texture": "#1"},
				"east": {"uv": [8.25, 1.5, 8.5625, 1.6875], "texture": "#1"},
				"south": {"uv": [2.5, 8.75, 2.75, 8.9375], "texture": "#1"},
				"west": {"uv": [8.25, 2, 8.5625, 2.1875], "texture": "#1"},
				"up": {"uv": [6.5, 7.5625, 6.25, 7.25], "texture": "#1"},
				"down": {"uv": [7.5, 6.5, 7.25, 6.8125], "texture": "#1"}
			}
		},
		{
			"from": [7.01, 4.39743, 0.87479],
			"to": [8.99, 5.98143, 3.15179],
			"rotation": {"angle": 0, "axis": "y", "origin": [8.5445, 5.18943, 2.11229]},
			"faces": {
				"north": {"uv": [3, 8.75, 3.25, 8.9375], "texture": "#1"},
				"east": {"uv": [2.5, 8.25, 2.8125, 8.4375], "texture": "#1"},
				"south": {"uv": [3.5, 8.75, 3.75, 8.9375], "texture": "#1"},
				"west": {"uv": [8.25, 2.5, 8.5625, 2.6875], "texture": "#1"},
				"up": {"uv": [7, 7.5625, 6.75, 7.25], "texture": "#1"},
				"down": {"uv": [7.5, 7.25, 7.25, 7.5625], "texture": "#1"}
			}
		},
		{
			"from": [7.01, 9.00757, 0.17219],
			"to": [8.99, 9.60157, 4.62719],
			"rotation": {"angle": 0, "axis": "y", "origin": [6.4655, 7.81957, 5.32019]},
			"faces": {
				"north": {"uv": [9, 10.5, 9.25, 10.5625], "texture": "#1"},
				"east": {"uv": [9.25, 0, 9.8125, 0.0625], "texture": "#1"},
				"south": {"uv": [9.5, 10.5, 9.75, 10.5625], "texture": "#1"},
				"west": {"uv": [9.25, 1, 9.8125, 1.0625], "texture": "#1"},
				"up": {"uv": [5, 6.0625, 4.75, 5.5], "texture": "#1"},
				"down": {"uv": [0.25, 6, 0, 6.5625], "texture": "#1"}
			}
		},
		{
			"from": [7.01198, 4.51927, 10.77365],
			"to": [8.98802, 6.79231, 13.93769],
			"rotation": {"angle": -22.5, "axis": "x", "origin": [8.198, 5.65579, 12.05867]},
			"faces": {
				"north": {"uv": [2.5, 7.5, 2.75, 7.8125], "texture": "#1"},
				"east": {"uv": [6, 5, 6.375, 5.3125], "texture": "#1"},
				"south": {"uv": [3, 7.5, 3.25, 7.8125], "texture": "#1"},
				"west": {"uv": [5.25, 6, 5.625, 6.3125], "texture": "#1"},
				"up": {"uv": [3.5, 7.125, 3.25, 6.75], "texture": "#1"},
				"down": {"uv": [7, 5, 6.75, 5.375], "texture": "#1"}
			}
		},
		{
			"from": [7.01198, 4.25155, 5.20576],
			"to": [8.98802, 7.81159, 7.6768],
			"rotation": {"angle": -45, "axis": "x", "origin": [8.198, 6.52657, 6.34228]},
			"faces": {
				"north": {"uv": [3.25, 6, 3.5, 6.4375], "texture": "#1"},
				"east": {"uv": [6, 0, 6.3125, 0.4375], "texture": "#1"},
				"south": {"uv": [6, 5.75, 6.25, 6.1875], "texture": "#1"},
				"west": {"uv": [0.5, 6, 0.8125, 6.4375], "texture": "#1"},
				"up": {"uv": [7.75, 3.3125, 7.5, 3], "texture": "#1"},
				"down": {"uv": [7.75, 3.75, 7.5, 4.0625], "texture": "#1"}
			}
		},
		{
			"from": [7.01, 4.11144, 7.14732],
			"to": [8.99, 6.38844, 11.30532],
			"rotation": {"angle": 0, "axis": "y", "origin": [8.198, 5.64594, 8.03832]},
			"faces": {
				"north": {"uv": [5.25, 7.5, 5.5, 7.8125], "texture": "#1"},
				"east": {"uv": [0, 5.25, 0.5, 5.5625], "texture": "#1"},
				"south": {"uv": [0, 7.75, 0.25, 8.0625], "texture": "#1"},
				"west": {"uv": [1.5, 5.25, 2, 5.5625], "texture": "#1"},
				"up": {"uv": [6.25, 2.75, 6, 2.25], "texture": "#1"},
				"down": {"uv": [3, 6, 2.75, 6.5], "texture": "#1"}
			}
		}
	],
	"display": {
		"thirdperson_righthand": {
			"translation": [0, -0.25, 2.5],
			"scale": [0.51, 0.51, 0.51]
		},
		"thirdperson_lefthand": {
			"translation": [0, -0.25, 2.5],
			"scale": [0.51, 0.51, 0.51]
		},
		"firstperson_righthand": {
			"rotation": [40.5, 6.5, -14],
			"translation": [-3.6, 2, 0]
		},
		"firstperson_lefthand": {
			"rotation": [40.5, 6.5, -14],
			"translation": [-3.6, 2, 0]
		},
		"ground": {
			"translation": [0, -2.75, 0],
			"scale": [0.51, 0.51, 0.51]
		},
		"gui": {
			"rotation": [26, -141, 1],
			"translation": [1, -0.75, 0],
			"scale": [0.7, 0.7, 0.7]
		},
		"head": {
			"rotation": [-85.25, 0, 0],
			"translation": [-7, -23.75, -0.5],
			"scale": [0, 0, 0]
		},
		"fixed": {
			"rotation": [91, 44, -86],
			"translation": [1, 0.5, 0],
			"scale": [0.83, 0.83, 0.83]
		}
	},
	"groups": [
		{
			"name": "Receiver",
			"origin": [8, 8, 8],
			"color": 0,
			"children": [0, 1, 2, 3, 4, 5]
		},
		{
			"name": "Grip",
			"origin": [7.825, 10.96744, 8.43968],
			"color": 0,
			"children": [6, 7, 8, 9, 10, 11, 12, 13, 14, 15, 16, 17, 18, 19, 20, 21]
		}
	]
}