[
  {"function": "minecraft:set_nbt","tag": "{CustomModelData:2101}","conditions": [{"condition": "minecraft:entity_scores","entity": "this","scores": { "fwg.draw" : 16}}]},
  {"function": "minecraft:set_nbt","tag": "{CustomModelData:2102}","conditions": [{"condition": "minecraft:entity_scores","entity": "this","scores": { "fwg.draw" : 15}}]},

  {"function": "minecraft:set_nbt","tag": "{CustomModelData:2103}","conditions": [{"condition": "minecraft:entity_scores","entity": "this","scores": { "fwg.draw" : 14}}]},
  {"function": "minecraft:set_nbt","tag": "{CustomModelData:2104}","conditions": [{"condition": "minecraft:entity_scores","entity": "this","scores": { "fwg.draw" : 13}}]},

  {"function": "minecraft:set_nbt","tag": "{CustomModelData:2105}","conditions": [{"condition": "minecraft:entity_scores","entity": "this","scores": { "fwg.draw" : 12}}]},
  {"function": "minecraft:set_nbt","tag": "{CustomModelData:2106}","conditions": [{"condition": "minecraft:entity_scores","entity": "this","scores": { "fwg.draw" : 10}}]},

  {"function": "minecraft:set_nbt","tag": "{CustomModelData:2107}","conditions": [{"condition": "minecraft:entity_scores","entity": "this","scores": { "fwg.draw" : 8}}]},
  {"function": "minecraft:set_nbt","tag": "{CustomModelData:2108}","conditions": [{"condition": "minecraft:entity_scores","entity": "this","scores": { "fwg.draw" : 6}}]},

  {"function": "minecraft:set_nbt","tag": "{CustomModelData:2109}","conditions": [{"condition": "minecraft:entity_scores","entity": "this","scores": { "fwg.draw" : 4}}]},
  {"function": "minecraft:set_nbt","tag": "{CustomModelData:2001}","conditions": [{"condition": "minecraft:entity_scores","entity": "this","scores": { "fwg.draw" : 2}}]}
]
