[
    {"function": "minecraft:set_nbt","tag": "{CustomModelData:1501}","conditions": [{"condition": "minecraft:entity_scores","entity": "this","scores": { "fwg.ads" : 10}}]},
    {"function": "minecraft:set_nbt","tag": "{CustomModelData:1503}","conditions": [{"condition": "minecraft:entity_scores","entity": "this","scores": { "fwg.ads" : 9}}]},
    {"function": "minecraft:set_nbt","tag": "{CustomModelData:1504}","conditions": [{"condition": "minecraft:entity_scores","entity": "this","scores": { "fwg.ads" : 7}}]},
    {"function": "minecraft:set_nbt","tag": "{CustomModelData:1505}","conditions": [{"condition": "minecraft:entity_scores","entity": "this","scores": { "fwg.ads" : 6}}]}
  ]
  