[
  {"function": "minecraft:set_nbt","tag": "{CustomModelData:1211}","conditions": [{"condition": "minecraft:entity_scores","entity": "this","scores": { "fwg.burst_tick" : 1}}]},
  {"function": "minecraft:set_nbt","tag": "{CustomModelData:1212}","conditions": [{"condition": "minecraft:entity_scores","entity": "this","scores": { "fwg.burst_tick" : 0, "fwg.cooldown" : 11}}]},

  {"function": "minecraft:set_nbt","tag": "{CustomModelData:1213}","conditions": [{"condition": "minecraft:entity_scores","entity": "this","scores": { "fwg.cooldown" : 8}}]},
  {"function": "minecraft:set_nbt","tag": "{CustomModelData:1214}","conditions": [{"condition": "minecraft:entity_scores","entity": "this","scores": { "fwg.cooldown" : 7}}]},
  {"function": "minecraft:set_nbt","tag": "{CustomModelData:1215}","conditions": [{"condition": "minecraft:entity_scores","entity": "this","scores": { "fwg.cooldown" : 5}}]},
  {"function": "minecraft:set_nbt","tag": "{CustomModelData:1216}","conditions": [{"condition": "minecraft:entity_scores","entity": "this","scores": { "fwg.cooldown" : 3}}]},
  {"function": "minecraft:set_nbt","tag": "{CustomModelData:1505}","conditions": [{"condition": "minecraft:entity_scores","entity": "this","scores": { "fwg.cooldown" : 1}}]}
  
]
