[

    {"function": "minecraft:set_nbt","tag": "{CustomModelData:5200}","conditions": [{"condition": "minecraft:entity_scores","entity": "this","scores": { "fwg.burst_tick" : 1, "fwg.cooldown" : 11}}]},

    {"function": "minecraft:set_nbt","tag": "{CustomModelData:5201}","conditions": [{"condition": "minecraft:entity_scores","entity": "this","scores": { "fwg.cooldown" : 10}}]},
    {"function": "minecraft:set_nbt","tag": "{CustomModelData:5202}","conditions": [{"condition": "minecraft:entity_scores","entity": "this","scores": { "fwg.cooldown" : 9}}]},
    {"function": "minecraft:set_nbt","tag": "{CustomModelData:5203}","conditions": [{"condition": "minecraft:entity_scores","entity": "this","scores": { "fwg.cooldown" : 8}}]},
    {"function": "minecraft:set_nbt","tag": "{CustomModelData:5204}","conditions": [{"condition": "minecraft:entity_scores","entity": "this","scores": { "fwg.cooldown" : 6}}]},
    {"function": "minecraft:set_nbt","tag": "{CustomModelData:5205}","conditions": [{"condition": "minecraft:entity_scores","entity": "this","scores": { "fwg.cooldown" : 4}}]},
    {"function": "minecraft:set_nbt","tag": "{CustomModelData:5001}","conditions": [{"condition": "minecraft:entity_scores","entity": "this","scores": { "fwg.cooldown" : 2}}]}
    
  ]
  