{
	"credit": "Made with Blockbench",
	"textures": {
		"0": "fw:guns/06/r8",
		"particle": "fw:player/steve"
	},
	"elements": [
		{
			"from": [7.89605, 7.4792, 7.01011],
			"to": [8.10395, 7.5296, 7.21801],
			"rotation": {"angle": 0, "axis": "y", "origin": [7.9475, 2.67439, 19.08406]},
			"faces": {
				"north": {"uv": [9, 9.75, 9.0625, 9.8125], "texture": "#0"},
				"east": {"uv": [10, 0.5, 10.0625, 0.5625], "texture": "#0"},
				"south": {"uv": [10, 1, 10.0625, 1.0625], "texture": "#0"},
				"west": {"uv": [10, 1.5, 10.0625, 1.5625], "texture": "#0"},
				"up": {"uv": [2.0625, 10.0625, 2, 10], "texture": "#0"},
				"down": {"uv": [2.5625, 10, 2.5, 10.0625], "texture": "#0"}
			}
		},
		{
			"from": [7.89605, 7.52961, 6.11761],
			"to": [8.10395, 7.79001, 10.65676],
			"rotation": {"angle": 0, "axis": "y", "origin": [7.9475, 2.5673, 19.08406]},
			"faces": {
				"north": {"uv": [10, 2.5, 10.0625, 2.5625], "texture": "#0"},
				"east": {"uv": [5.75, 0.5, 6.8125, 0.5625], "texture": "#0"},
				"south": {"uv": [10, 3.5, 10.0625, 3.5625], "texture": "#0"},
				"west": {"uv": [5.75, 1, 6.8125, 1.0625], "texture": "#0"},
				"up": {"uv": [1.5625, 6.5625, 1.5, 5.5], "texture": "#0"},
				"down": {"uv": [4.0625, 5.5, 4, 6.5625], "texture": "#0"}
			}
		},
		{
			"from": [7.7648, 7.79001, 5.98636],
			"to": [8.2352, 8.10291, 10.65676],
			"rotation": {"angle": 0, "axis": "y", "origin": [7.9475, 2.5652, 19.08406]},
			"faces": {
				"north": {"uv": [5.5, 9.5, 5.625, 9.5625], "texture": "#0"},
				"east": {"uv": [5.5, 4.25, 6.625, 4.3125], "texture": "#0"},
				"south": {"uv": [6, 9.5, 6.125, 9.5625], "texture": "#0"},
				"west": {"uv": [5.5, 4.75, 6.625, 4.8125], "texture": "#0"},
				"up": {"uv": [4.125, 1.875, 4, 0.75], "texture": "#0"},
				"down": {"uv": [1.625, 4, 1.5, 5.125], "texture": "#0"}
			}
		},
		{
			"from": [7.89605, 7.4792, 6.11761],
			"to": [8.10395, 7.5296, 6.32551],
			"rotation": {"angle": 0, "axis": "y", "origin": [7.9475, 2.67439, 19.08406]},
			"faces": {
				"north": {"uv": [10, 4, 10.0625, 4.0625], "texture": "#0"},
				"east": {"uv": [4.5, 10, 4.5625, 10.0625], "texture": "#0"},
				"south": {"uv": [5, 10, 5.0625, 10.0625], "texture": "#0"},
				"west": {"uv": [10, 5, 10.0625, 5.0625], "texture": "#0"},
				"up": {"uv": [5.5625, 10.0625, 5.5, 10], "texture": "#0"},
				"down": {"uv": [6.0625, 10, 6, 10.0625], "texture": "#0"}
			}
		},
		{
			"from": [7.89605, 7.4792, 6.59011],
			"to": [8.10395, 7.5296, 6.79801],
			"rotation": {"angle": 0, "axis": "y", "origin": [7.9475, 2.67439, 19.08406]},
			"faces": {
				"north": {"uv": [6.5, 10, 6.5625, 10.0625], "texture": "#0"},
				"east": {"uv": [10, 6.75, 10.0625, 6.8125], "texture": "#0"},
				"south": {"uv": [7, 10, 7.0625, 10.0625], "texture": "#0"},
				"west": {"uv": [10, 7.25, 10.0625, 7.3125], "texture": "#0"},
				"up": {"uv": [7.5625, 10.0625, 7.5, 10], "texture": "#0"},
				"down": {"uv": [10.0625, 7.75, 10, 7.8125], "texture": "#0"}
			}
		},
		{
			"from": [7.89657, 7.33323, 7.56546],
			"to": [8.10342, 7.64508, 9.11106],
			"rotation": {"angle": 22.5, "axis": "x", "origin": [7.79, 7.48915, 8.15451]},
			"faces": {
				"north": {"uv": [8, 10, 8.0625, 10.0625], "texture": "#0"},
				"east": {"uv": [7.25, 7.75, 7.625, 7.8125], "texture": "#0"},
				"south": {"uv": [10, 8.25, 10.0625, 8.3125], "texture": "#0"},
				"west": {"uv": [7.75, 7.25, 8.125, 7.3125], "texture": "#0"},
				"up": {"uv": [1.5625, 8.375, 1.5, 8], "texture": "#0"},
				"down": {"uv": [8.0625, 1.5, 8, 1.875], "texture": "#0"}
			}
		},
		{
			"from": [7.89605, 6.97836, 8.97886],
			"to": [8.10395, 7.29126, 10.57801],
			"rotation": {"angle": 0, "axis": "y", "origin": [7.9475, 2.5673, 19.08406]},
			"faces": {
				"north": {"uv": [10, 8.75, 10.0625, 8.8125], "texture": "#0"},
				"east": {"uv": [8, 0, 8.375, 0.0625], "texture": "#0"},
				"south": {"uv": [10, 9.25, 10.0625, 9.3125], "texture": "#0"},
				"west": {"uv": [8, 2.25, 8.375, 2.3125], "texture": "#0"},
				"up": {"uv": [8.0625, 3.125, 8, 2.75], "texture": "#0"},
				"down": {"uv": [4.0625, 8, 4, 8.375], "texture": "#0"}
			}
		},
		{
			"from": [7.62668, 8.10606, 5.95486],
			"to": [8.20418, 8.68356, 10.62736],
			"rotation": {"angle": 45, "axis": "z", "origin": [8.20418, 8.39481, 9.55111]},
			"faces": {
				"north": {"uv": [6.75, 7.25, 6.9375, 7.4375], "texture": "#0"},
				"east": {"uv": [1.75, 1.5, 2.875, 1.6875], "texture": "#0"},
				"south": {"uv": [7.25, 6.75, 7.4375, 6.9375], "texture": "#0"},
				"west": {"uv": [1.75, 2, 2.875, 2.1875], "texture": "#0"},
				"up": {"uv": [2.4375, 1.125, 2.25, 0], "texture": "#0"},
				"down": {"uv": [1.9375, 2.5, 1.75, 3.625], "texture": "#0"}
			}
		},
		{
			"from": [7.94435, 8.74444, 6.25831],
			"to": [8.0546, 8.98595, 6.99856],
			"rotation": {"angle": 0, "axis": "y", "origin": [7.98635, 2.67019, 18.76906]},
			"faces": {
				"north": {"uv": [10.25, 6, 10.3125, 6.0625], "texture": "#0"},
				"east": {"uv": [0.5, 9.25, 0.6875, 9.3125], "texture": "#0"},
				"south": {"uv": [8.5, 10.25, 8.5625, 10.3125], "texture": "#0"},
				"west": {"uv": [1, 9.25, 1.1875, 9.3125], "texture": "#0"},
				"up": {"uv": [1.5625, 9.4375, 1.5, 9.25], "texture": "#0"},
				"down": {"uv": [9.3125, 2, 9.25, 2.1875], "texture": "#0"}
			}
		},
		{
			"from": [7.9349, 8.31711, 6.14386],
			"to": [8.06405, 8.73501, 7.74301],
			"rotation": {"angle": 0, "axis": "y", "origin": [7.98635, 2.8823, 18.76906]},
			"faces": {
				"north": {"uv": [6.5, 9.5, 6.5625, 9.625], "texture": "#0"},
				"east": {"uv": [0.75, 6.75, 1.125, 6.875], "texture": "#0"},
				"south": {"uv": [7, 9.5, 7.0625, 9.625], "texture": "#0"},
				"west": {"uv": [2, 6.75, 2.375, 6.875], "texture": "#0"},
				"up": {"uv": [2.0625, 8.625, 2, 8.25], "texture": "#0"},
				"down": {"uv": [2.5625, 8.25, 2.5, 8.625], "texture": "#0"}
			}
		},
		{
			"from": [7.93595, 8.02565, 7.60275],
			"to": [8.0651, 8.44355, 8.4669],
			"rotation": {"angle": 22.5, "axis": "x", "origin": [7.89552, 8.23459, 8.40233]},
			"faces": {
				"north": {"uv": [9.5, 7, 9.5625, 7.125], "texture": "#0"},
				"east": {"uv": [3, 8.25, 3.1875, 8.375], "texture": "#0"},
				"south": {"uv": [7.5, 9.5, 7.5625, 9.625], "texture": "#0"},
				"west": {"uv": [3.5, 8.25, 3.6875, 8.375], "texture": "#0"},
				"up": {"uv": [3.0625, 9.4375, 3, 9.25], "texture": "#0"},
				"down": {"uv": [9.3125, 3, 9.25, 3.1875], "texture": "#0"}
			}
		}
	],
	"display": {
		"thirdperson_righthand": {
			"rotation": [90, 0, 0],
			"translation": [0.25, 1.5, 0.5]
		},
		"thirdperson_lefthand": {
			"rotation": [90, 0, 0],
			"translation": [0.25, 1.5, 0.5]
		},
		"firstperson_righthand": {
			"rotation": [90, 6, -9.5],
			"translation": [-3, 4.5, 3.25]
		},
		"firstperson_lefthand": {
			"rotation": [90, 6, -9.5],
			"translation": [-3, 4.5, 3.25]
		},
		"ground": {
			"translation": [0, -2.5, 0]
		},
		"gui": {
			"rotation": [22, -144, 6.5],
			"translation": [1, 0, 0.75],
			"scale": [4, 4, 4]
		},
		"head": {
			"rotation": [-64, 0, 0],
			"translation": [-7, -26.25, -5.5]
		},
		"fixed": {
			"rotation": [90, 54.75, -90],
			"translation": [0, -0.25, 0.75]
		}
	},
	"groups": [
		{
			"name": "underbarrel",
			"origin": [7.95, 0.798, 14.981],
			"color": 0,
			"children": [0, 1, 2, 3, 4, 5, 6]
		},
		{
			"name": "Barrel",
			"origin": [8, 9.87895, 11.85216],
			"color": 0,
			"children": [
				7,
				{
					"name": "Front Sights",
					"origin": [8.14092, 7.92695, 10.05416],
					"color": 0,
					"children": [8, 9, 10]
				}
			]
		}
	]
}