{
	"credit": "Made with Blockbench",
	"textures": {
		"0": "fw:guns/06/r8",
		"3": "fw:guns/06/sights",
		"particle": "fw:player/steve"
	},
	"elements": [
		{
			"from": [7.5548, 11.13226, 8.03649],
			"to": [8.4452, 11.44516, 8.37564],
			"rotation": {"angle": 0, "axis": "y", "origin": [7.8425, 11.07871, 7.24794]},
			"faces": {
				"north": {"uv": [8.5, 7.25, 8.6875, 7.3125], "texture": "#0"},
				"east": {"uv": [9.5, 7.5, 9.5625, 7.5625], "texture": "#0"},
				"south": {"uv": [8.5, 7.75, 8.6875, 7.8125], "texture": "#0"},
				"west": {"uv": [8, 9.5, 8.0625, 9.5625], "texture": "#0"},
				"up": {"uv": [8.6875, 8.3125, 8.5, 8.25], "texture": "#0"},
				"down": {"uv": [0.1875, 8.75, 0, 8.8125], "texture": "#0"}
			}
		},
		{
			"from": [7.6073, 11.23726, 8.37564],
			"to": [8.3927, 11.52391, 8.42604],
			"rotation": {"angle": 0, "axis": "y", "origin": [7.79, 11.07871, 7.06209]},
			"faces": {
				"north": {"uv": [8.75, 0, 8.9375, 0.0625], "texture": "#0"},
				"east": {"uv": [9.5, 8, 9.5625, 8.0625], "texture": "#0"},
				"south": {"uv": [0.5, 8.75, 0.6875, 8.8125], "texture": "#0"},
				"west": {"uv": [9.5, 8.5, 9.5625, 8.5625], "texture": "#0"},
				"up": {"uv": [1.1875, 8.8125, 1, 8.75], "texture": "#0"},
				"down": {"uv": [1.6875, 8.75, 1.5, 8.8125], "texture": "#0"}
			}
		},
		{
			"from": [8.10605, 11.52601, 8.37564],
			"to": [8.3927, 11.68141, 8.42604],
			"rotation": {"angle": 0, "axis": "y", "origin": [7.79, 11.07871, 7.06209]},
			"faces": {
				"north": {"uv": [0, 0, 0.5, 0.25], "texture": "#3"},
				"east": {"uv": [8, 8, 8.125, 8.25], "texture": "#3"},
				"south": {"uv": [0, 4, 0.5, 4.25], "texture": "#3"},
				"west": {"uv": [0, 12, 0.125, 12.25], "texture": "#3"},
				"up": {"uv": [0.5, 8.125, 0, 8], "texture": "#3"},
				"down": {"uv": [8.5, 0, 8, 0.125], "texture": "#3"}
			}
		},
		{
			"from": [7.6073, 11.52391, 8.37564],
			"to": [7.89395, 11.67931, 8.42604],
			"rotation": {"angle": 0, "axis": "y", "origin": [7.685, 11.07661, 7.06209]},
			"faces": {
				"north": {"uv": [4, 0, 4.5, 0.25], "texture": "#3"},
				"east": {"uv": [12, 0, 12.125, 0.25], "texture": "#3"},
				"south": {"uv": [4, 4, 4.5, 4.25], "texture": "#3"},
				"west": {"uv": [4, 12, 4.125, 12.25], "texture": "#3"},
				"up": {"uv": [4.5, 8.125, 4, 8], "texture": "#3"},
				"down": {"uv": [8.5, 4, 8, 4.125], "texture": "#3"}
			}
		},
		{
			"from": [7.63355, 11.23516, 7.61649],
			"to": [8.36645, 11.39056, 8.03439],
			"rotation": {"angle": 0, "axis": "y", "origin": [7.86875, 10.97161, 7.24794]},
			"faces": {
				"north": {"uv": [8.75, 2, 8.9375, 2.0625], "texture": "#0"},
				"east": {"uv": [3.5, 9.25, 3.625, 9.3125], "texture": "#0"},
				"south": {"uv": [3, 8.75, 3.1875, 8.8125], "texture": "#0"},
				"west": {"uv": [4, 9.25, 4.125, 9.3125], "texture": "#0"},
				"up": {"uv": [7.6875, 3.125, 7.5, 3], "texture": "#0"},
				"down": {"uv": [4.1875, 7.5, 4, 7.625], "texture": "#0"}
			}
		},
		{
			"from": [7.63355, 11.14102, 7.24823],
			"to": [8.36645, 11.29642, 7.66613],
			"rotation": {"angle": -22.5, "axis": "x", "origin": [8, 11.21872, 7.40468]},
			"faces": {
				"north": {"uv": [8.75, 3.25, 8.9375, 3.3125], "texture": "#0"},
				"east": {"uv": [9.25, 4.75, 9.375, 4.8125], "texture": "#0"},
				"south": {"uv": [3.5, 8.75, 3.6875, 8.8125], "texture": "#0"},
				"west": {"uv": [9.25, 6, 9.375, 6.0625], "texture": "#0"},
				"up": {"uv": [7.6875, 4.375, 7.5, 4.25], "texture": "#0"},
				"down": {"uv": [4.6875, 7.5, 4.5, 7.625], "texture": "#0"}
			}
		},
		{
			"from": [7.37, 4.33455, 9.71334],
			"to": [8.63, 8.9283, 11.81334],
			"rotation": {"angle": -22.5, "axis": "x", "origin": [8.105, 5.3583, 10.76334]},
			"faces": {
				"north": {"uv": [0, 1.5, 0.3125, 2.625], "texture": "#0"},
				"east": {"uv": [0, 0, 0.5, 1.125], "texture": "#0"},
				"south": {"uv": [1.5, 0, 1.8125, 1.125], "texture": "#0"},
				"west": {"uv": [0.75, 0, 1.25, 1.125], "texture": "#0"},
				"up": {"uv": [3.0625, 3.75, 2.75, 3.25], "texture": "#0"},
				"down": {"uv": [1.0625, 3.5, 0.75, 4], "texture": "#0"}
			}
		},
		{
			"from": [7.475, 4.25258, 11.63531],
			"to": [8.525, 8.24258, 11.95031],
			"rotation": {"angle": -22.5, "axis": "x", "origin": [8.105, 5.19757, 10.37531]},
			"faces": {
				"north": {"uv": [0.75, 1.5, 1, 2.4375], "texture": "#0"},
				"east": {"uv": [6, 2, 6.0625, 2.9375], "texture": "#0"},
				"south": {"uv": [1.25, 1.5, 1.5, 2.4375], "texture": "#0"},
				"west": {"uv": [3.5, 6, 3.5625, 6.9375], "texture": "#0"},
				"up": {"uv": [8.5, 3.5625, 8.25, 3.5], "texture": "#0"},
				"down": {"uv": [8.75, 0.5, 8.5, 0.5625], "texture": "#0"}
			}
		},
		{
			"from": [7.37105, 4.0036, 10.03628],
			"to": [8.62895, 4.789, 12.13418],
			"rotation": {"angle": 0, "axis": "y", "origin": [7.8425, 6.47005, 11.08523]},
			"faces": {
				"north": {"uv": [6, 0, 6.3125, 0.1875], "texture": "#0"},
				"east": {"uv": [4.25, 3.25, 4.75, 3.4375], "texture": "#0"},
				"south": {"uv": [4.5, 6, 4.8125, 6.1875], "texture": "#0"},
				"west": {"uv": [4.25, 3.75, 4.75, 3.9375], "texture": "#0"},
				"up": {"uv": [3.8125, 2.75, 3.5, 2.25], "texture": "#0"},
				"down": {"uv": [3.8125, 3, 3.5, 3.5], "texture": "#0"}
			}
		},
		{
			"from": [7.37105, 8.71935, 9.50439],
			"to": [8.62895, 9.81975, 10.44729],
			"rotation": {"angle": 0, "axis": "y", "origin": [8.105, 5.3583, 10.76334]},
			"faces": {
				"north": {"uv": [2, 4.75, 2.3125, 5], "texture": "#0"},
				"east": {"uv": [5.75, 1.5, 6, 1.75], "texture": "#0"},
				"south": {"uv": [2.75, 4.75, 3.0625, 5], "texture": "#0"},
				"west": {"uv": [2, 5.75, 2.25, 6], "texture": "#0"},
				"up": {"uv": [5.0625, 4.5, 4.75, 4.25], "texture": "#0"},
				"down": {"uv": [5.0625, 4.75, 4.75, 5], "texture": "#0"}
			}
		},
		{
			"from": [7.37105, 7.24935, 8.34939],
			"to": [8.62895, 8.29725, 9.39729],
			"rotation": {"angle": 0, "axis": "y", "origin": [8.105, 5.3583, 10.76334]},
			"faces": {
				"north": {"uv": [0.5, 5, 0.8125, 5.25], "texture": "#0"},
				"east": {"uv": [2.5, 5.75, 2.75, 6], "texture": "#0"},
				"south": {"uv": [5, 0.75, 5.3125, 1], "texture": "#0"},
				"west": {"uv": [3, 5.75, 3.25, 6], "texture": "#0"},
				"up": {"uv": [5.3125, 1.5, 5, 1.25], "texture": "#0"},
				"down": {"uv": [5.3125, 1.75, 5, 2], "texture": "#0"}
			}
		},
		{
			"from": [7.37525, 5.15355, 9.61359],
			"to": [8.62475, 6.19305, 10.65309],
			"rotation": {"angle": 22.5, "axis": "x", "origin": [7.8425, 5.9883, 9.81834]},
			"faces": {
				"north": {"uv": [5, 3.25, 5.3125, 3.5], "texture": "#0"},
				"east": {"uv": [5.75, 3.25, 6, 3.5], "texture": "#0"},
				"south": {"uv": [5, 3.75, 5.3125, 4], "texture": "#0"},
				"west": {"uv": [5.75, 3.75, 6, 4], "texture": "#0"},
				"up": {"uv": [4.3125, 5.25, 4, 5], "texture": "#0"},
				"down": {"uv": [5.5625, 0, 5.25, 0.25], "texture": "#0"}
			}
		},
		{
			"from": [7.37525, 5.88855, 8.98359],
			"to": [8.62475, 6.92805, 10.02309],
			"rotation": {"angle": 22.5, "axis": "x", "origin": [7.8425, 5.9883, 9.81834]},
			"faces": {
				"north": {"uv": [2, 5.25, 2.3125, 5.5], "texture": "#0"},
				"east": {"uv": [5.75, 5.25, 6, 5.5], "texture": "#0"},
				"south": {"uv": [5.25, 2.25, 5.5625, 2.5], "texture": "#0"},
				"west": {"uv": [5.75, 5.75, 6, 6], "texture": "#0"},
				"up": {"uv": [3.0625, 5.5, 2.75, 5.25], "texture": "#0"},
				"down": {"uv": [5.5625, 2.75, 5.25, 3], "texture": "#0"}
			}
		},
		{
			"from": [7.52855, 8.29934, 5.51649],
			"to": [8.47145, 9.03225, 7.82439],
			"rotation": {"angle": 0, "axis": "y", "origin": [8.0525, 5.3583, 12.23544]},
			"faces": {
				"north": {"uv": [6.25, 3.75, 6.5, 3.9375], "texture": "#0"},
				"east": {"uv": [4.25, 2.25, 4.8125, 2.4375], "texture": "#0"},
				"south": {"uv": [5.75, 6.25, 6, 6.4375], "texture": "#0"},
				"west": {"uv": [4.25, 2.75, 4.8125, 2.9375], "texture": "#0"},
				"up": {"uv": [0.25, 4.3125, 0, 3.75], "texture": "#0"},
				"down": {"uv": [2.5, 3.75, 2.25, 4.3125], "texture": "#0"}
			}
		},
		{
			"from": [7.58105, 9.03225, 4.78149],
			"to": [8.41895, 9.76516, 5.51439],
			"rotation": {"angle": 0, "axis": "y", "origin": [8, 5.14621, 12.23544]},
			"faces": {
				"north": {"uv": [6.75, 5.75, 6.9375, 5.9375], "texture": "#0"},
				"east": {"uv": [6.75, 6.25, 6.9375, 6.4375], "texture": "#0"},
				"south": {"uv": [6.75, 6.75, 6.9375, 6.9375], "texture": "#0"},
				"west": {"uv": [1.5, 7, 1.6875, 7.1875], "texture": "#0"},
				"up": {"uv": [7.1875, 2.1875, 7, 2], "texture": "#0"},
				"down": {"uv": [7.1875, 2.5, 7, 2.6875], "texture": "#0"}
			}
		},
		{
			"from": [7.58105, 9.34726, 4.65234],
			"to": [8.41895, 9.76516, 4.78149],
			"rotation": {"angle": 0, "axis": "y", "origin": [8, 5.14621, 12.55254]},
			"faces": {
				"north": {"uv": [3.5, 7.75, 3.6875, 7.875], "texture": "#0"},
				"east": {"uv": [9.5, 2.5, 9.5625, 2.625], "texture": "#0"},
				"south": {"uv": [7.75, 3.5, 7.9375, 3.625], "texture": "#0"},
				"west": {"uv": [9.5, 3.5, 9.5625, 3.625], "texture": "#0"},
				"up": {"uv": [6.6875, 9.0625, 6.5, 9], "texture": "#0"},
				"down": {"uv": [7.1875, 9, 7, 9.0625], "texture": "#0"}
			}
		},
		{
			"from": [7.58105, 10.29226, 4.67649],
			"to": [8.41895, 11.02516, 5.51439],
			"rotation": {"angle": 0, "axis": "y", "origin": [8, 5.14621, 12.23544]},
			"faces": {
				"north": {"uv": [4, 7, 4.1875, 7.1875], "texture": "#0"},
				"east": {"uv": [7, 4.25, 7.1875, 4.4375], "texture": "#0"},
				"south": {"uv": [4.5, 7, 4.6875, 7.1875], "texture": "#0"},
				"west": {"uv": [7, 4.75, 7.1875, 4.9375], "texture": "#0"},
				"up": {"uv": [6.4375, 7.1875, 6.25, 7], "texture": "#0"},
				"down": {"uv": [0.1875, 7.25, 0, 7.4375], "texture": "#0"}
			}
		},
		{
			"from": [7.21355, 9.32442, 7.77399],
			"to": [8.78645, 10.89732, 7.98189],
			"rotation": {"angle": 0, "axis": "y", "origin": [8, 10.00587, 7.93044]},
			"faces": {
				"north": {"uv": [3.5, 3.75, 3.875, 4.125], "texture": "#0"},
				"east": {"uv": [5, 7.75, 5.0625, 8.125], "texture": "#0"},
				"south": {"uv": [4, 0, 4.375, 0.375], "texture": "#0"},
				"west": {"uv": [7.75, 5.25, 7.8125, 5.625], "texture": "#0"},
				"up": {"uv": [8.125, 6.0625, 7.75, 6], "texture": "#0"},
				"down": {"uv": [6.875, 7.75, 6.5, 7.8125], "texture": "#0"}
			}
		},
		{
			"from": [7.60782, 9.66278, 4.67702],
			"to": [8.39217, 10.39463, 5.51387],
			"rotation": {"angle": 0, "axis": "y", "origin": [8, 5.14621, 12.23544]},
			"faces": {
				"north": {"uv": [1, 7.25, 1.1875, 7.4375], "texture": "#0"},
				"east": {"uv": [7.25, 1, 7.4375, 1.1875], "texture": "#0"},
				"south": {"uv": [2, 7.25, 2.1875, 7.4375], "texture": "#0"},
				"west": {"uv": [2.5, 7.25, 2.6875, 7.4375], "texture": "#0"},
				"up": {"uv": [3.1875, 7.4375, 3, 7.25], "texture": "#0"},
				"down": {"uv": [3.6875, 7.25, 3.5, 7.4375], "texture": "#0"}
			}
		},
		{
			"from": [7.85524, 8.6133, 4.88754],
			"to": [8.38024, 9.13829, 5.51754],
			"rotation": {"angle": 45, "axis": "z", "origin": [8.22274, 8.66579, 5.15004]},
			"faces": {
				"north": {"uv": [7.25, 3.75, 7.4375, 3.9375], "texture": "#0"},
				"east": {"uv": [5, 7.25, 5.1875, 7.4375], "texture": "#0"},
				"south": {"uv": [7.25, 5.25, 7.4375, 5.4375], "texture": "#0"},
				"west": {"uv": [5.5, 7.25, 5.6875, 7.4375], "texture": "#0"},
				"up": {"uv": [7.4375, 5.9375, 7.25, 5.75], "texture": "#0"},
				"down": {"uv": [7.4375, 6.25, 7.25, 6.4375], "texture": "#0"}
			}
		},
		{
			"from": [7.52855, 8.29934, 4.78359],
			"to": [8.47145, 8.40225, 5.51649],
			"rotation": {"angle": 0, "axis": "y", "origin": [8.0525, 5.3583, 12.55254]},
			"faces": {
				"north": {"uv": [8.5, 1, 8.75, 1.0625], "texture": "#0"},
				"east": {"uv": [9, 8.25, 9.1875, 8.3125], "texture": "#0"},
				"south": {"uv": [8.5, 1.5, 8.75, 1.5625], "texture": "#0"},
				"west": {"uv": [9, 8.75, 9.1875, 8.8125], "texture": "#0"},
				"up": {"uv": [6.75, 2.1875, 6.5, 2], "texture": "#0"},
				"down": {"uv": [6.75, 2.5, 6.5, 2.6875], "texture": "#0"}
			}
		},
		{
			"from": [7.52855, 8.29934, 7.82439],
			"to": [8.47145, 9.66224, 9.50229],
			"rotation": {"angle": 0, "axis": "y", "origin": [8.0525, 5.3583, 10.76334]},
			"faces": {
				"north": {"uv": [3.5, 5.25, 3.75, 5.5625], "texture": "#0"},
				"east": {"uv": [2.75, 4, 3.125, 4.3125], "texture": "#0"},
				"south": {"uv": [4.75, 5.25, 5, 5.5625], "texture": "#0"},
				"west": {"uv": [0.5, 4.25, 0.875, 4.5625], "texture": "#0"},
				"up": {"uv": [4.5, 4.625, 4.25, 4.25], "texture": "#0"},
				"down": {"uv": [4.75, 0.75, 4.5, 1.125], "texture": "#0"}
			}
		},
		{
			"from": [7.52855, 9.66224, 8.03439],
			"to": [8.47145, 11.13015, 8.39979],
			"rotation": {"angle": 0, "axis": "y", "origin": [8.0525, 4.4112, 10.76334]},
			"faces": {
				"north": {"uv": [4.5, 1.5, 4.75, 1.875], "texture": "#0"},
				"east": {"uv": [5.5, 7.75, 5.5625, 8.125], "texture": "#0"},
				"south": {"uv": [3.5, 4.5, 3.75, 4.875], "texture": "#0"},
				"west": {"uv": [7.75, 6.5, 7.8125, 6.875], "texture": "#0"},
				"up": {"uv": [8.75, 2.8125, 8.5, 2.75], "texture": "#0"},
				"down": {"uv": [8.75, 4, 8.5, 4.0625], "texture": "#0"}
			}
		},
		{
			"from": [7.52855, 9.66224, 8.39979],
			"to": [8.47145, 10.39514, 8.66019],
			"rotation": {"angle": 0, "axis": "y", "origin": [8.0525, 4.4112, 10.55124]},
			"faces": {
				"north": {"uv": [4.5, 6.5, 4.75, 6.6875], "texture": "#0"},
				"east": {"uv": [0, 9.25, 0.0625, 9.4375], "texture": "#0"},
				"south": {"uv": [6.25, 6.5, 6.5, 6.6875], "texture": "#0"},
				"west": {"uv": [9.25, 0, 9.3125, 0.1875], "texture": "#0"},
				"up": {"uv": [4.75, 8.5625, 4.5, 8.5], "texture": "#0"},
				"down": {"uv": [8.75, 4.5, 8.5, 4.5625], "texture": "#0"}
			}
		},
		{
			"from": [7.5286, 9.67977, 8.35039],
			"to": [8.47035, 11.12027, 8.66214],
			"rotation": {"angle": -22.5, "axis": "x", "origin": [7.97323, 10.46563, 8.50627]},
			"faces": {
				"north": {"uv": [5.25, 5.25, 5.5, 5.5625], "texture": "#0"},
				"east": {"uv": [8.25, 5, 8.3125, 5.3125], "texture": "#0"},
				"south": {"uv": [0, 5.5, 0.25, 5.8125], "texture": "#0"},
				"west": {"uv": [6.5, 8.25, 6.5625, 8.5625], "texture": "#0"},
				"up": {"uv": [5.25, 8.5625, 5, 8.5], "texture": "#0"},
				"down": {"uv": [5.75, 8.5, 5.5, 8.5625], "texture": "#0"}
			}
		},
		{
			"from": [7.52907, 9.33311, 8.34444],
			"to": [8.47092, 9.93371, 9.91629],
			"rotation": {"angle": 22.5, "axis": "x", "origin": [7.97375, 9.63341, 9.13037]},
			"faces": {
				"north": {"uv": [7.5, 2, 7.75, 2.125], "texture": "#0"},
				"east": {"uv": [0, 6.75, 0.375, 6.875], "texture": "#0"},
				"south": {"uv": [7.5, 2.5, 7.75, 2.625], "texture": "#0"},
				"west": {"uv": [6.75, 0, 7.125, 0.125], "texture": "#0"},
				"up": {"uv": [0.25, 5.125, 0, 4.75], "texture": "#0"},
				"down": {"uv": [5, 0, 4.75, 0.375], "texture": "#0"}
			}
		},
		{
			"from": [7.52855, 11.02726, 4.67649],
			"to": [8.47145, 11.23516, 8.03439],
			"rotation": {"angle": 0, "axis": "y", "origin": [7.97375, 11.07871, 7.24794]},
			"faces": {
				"north": {"uv": [8.5, 5.75, 8.75, 5.8125], "texture": "#0"},
				"east": {"uv": [0, 6.25, 0.8125, 6.3125], "texture": "#0"},
				"south": {"uv": [6, 8.5, 6.25, 8.5625], "texture": "#0"},
				"west": {"uv": [6.25, 1.5, 7.0625, 1.5625], "texture": "#0"},
				"up": {"uv": [2.5, 3.3125, 2.25, 2.5], "texture": "#0"},
				"down": {"uv": [3, 0, 2.75, 0.8125], "texture": "#0"}
			}
		},
		{
			"from": [7.58105, 7.75608, 8.17444],
			"to": [8.41895, 8.38398, 8.38234],
			"rotation": {"angle": 0, "axis": "y", "origin": [8, 6.18003, 13.42339]},
			"faces": {
				"north": {"uv": [7.5, 4.75, 7.6875, 4.875], "texture": "#0"},
				"east": {"uv": [9.25, 6.5, 9.3125, 6.625], "texture": "#0"},
				"south": {"uv": [6, 7.5, 6.1875, 7.625], "texture": "#0"},
				"west": {"uv": [8.5, 9.25, 8.5625, 9.375], "texture": "#0"},
				"up": {"uv": [4.1875, 8.8125, 4, 8.75], "texture": "#0"},
				"down": {"uv": [8.9375, 5, 8.75, 5.0625], "texture": "#0"}
			}
		},
		{
			"from": [7.58105, 7.67146, 6.04149],
			"to": [8.41895, 8.29936, 6.24939],
			"rotation": {"angle": 0, "axis": "y", "origin": [8, 6.09541, 12.23544]},
			"faces": {
				"north": {"uv": [0, 7.75, 0.1875, 7.875], "texture": "#0"},
				"east": {"uv": [9, 9.25, 9.0625, 9.375], "texture": "#0"},
				"south": {"uv": [0.5, 7.75, 0.6875, 7.875], "texture": "#0"},
				"west": {"uv": [9.5, 0.5, 9.5625, 0.625], "texture": "#0"},
				"up": {"uv": [8.9375, 6.3125, 8.75, 6.25], "texture": "#0"},
				"down": {"uv": [8.9375, 6.75, 8.75, 6.8125], "texture": "#0"}
			}
		},
		{
			"from": [7.58105, 7.38189, 6.00766],
			"to": [8.41895, 7.58979, 6.84556],
			"rotation": {"angle": 45, "axis": "x", "origin": [7.9475, 7.48584, 6.37411]},
			"faces": {
				"north": {"uv": [8.5, 8.75, 8.6875, 8.8125], "texture": "#0"},
				"east": {"uv": [9, 0.5, 9.1875, 0.5625], "texture": "#0"},
				"south": {"uv": [9, 1, 9.1875, 1.0625], "texture": "#0"},
				"west": {"uv": [9, 1.5, 9.1875, 1.5625], "texture": "#0"},
				"up": {"uv": [2.9375, 6.9375, 2.75, 6.75], "texture": "#0"},
				"down": {"uv": [6.9375, 3.75, 6.75, 3.9375], "texture": "#0"}
			}
		},
		{
			"from": [7.58105, 7.07897, 6.63397],
			"to": [8.41895, 7.28687, 8.10187],
			"rotation": {"angle": 0, "axis": "y", "origin": [7.9475, 7.18292, 7.05292]},
			"faces": {
				"north": {"uv": [2, 9, 2.1875, 9.0625], "texture": "#0"},
				"east": {"uv": [7.75, 0.5, 8.125, 0.5625], "texture": "#0"},
				"south": {"uv": [2.5, 9, 2.6875, 9.0625], "texture": "#0"},
				"west": {"uv": [7.75, 1, 8.125, 1.0625], "texture": "#0"},
				"up": {"uv": [0.6875, 5.875, 0.5, 5.5], "texture": "#0"},
				"down": {"uv": [1.1875, 5.5, 1, 5.875], "texture": "#0"}
			}
		},
		{
			"from": [7.58105, 7.06288, 8.18276],
			"to": [8.41895, 7.79578, 8.39066],
			"rotation": {"angle": 22.5, "axis": "x", "origin": [7.9475, 7.79683, 8.28671]},
			"faces": {
				"north": {"uv": [6.75, 5.25, 6.9375, 5.4375], "texture": "#0"},
				"east": {"uv": [9, 2.5, 9.0625, 2.6875], "texture": "#0"},
				"south": {"uv": [5.75, 6.75, 5.9375, 6.9375], "texture": "#0"},
				"west": {"uv": [9, 3.75, 9.0625, 3.9375], "texture": "#0"},
				"up": {"uv": [9.1875, 4.3125, 9, 4.25], "texture": "#0"},
				"down": {"uv": [4.6875, 9, 4.5, 9.0625], "texture": "#0"}
			}
		}
	],
	"display": {
		"thirdperson_righthand": {
			"translation": [0.25, -1, 0.25]
		},
		"thirdperson_lefthand": {
			"translation": [0.25, -1, 0.25]
		},
		"firstperson_righthand": {
			"rotation": [1, 0, 11.5],
			"translation": [-5.5, 3.5, 3.25]
		},
		"firstperson_lefthand": {
			"rotation": [1, 0, 11.5],
			"translation": [-5.5, 3.5, 3.25]
		},
		"ground": {
			"translation": [0, 0.25, 0]
		},
		"gui": {
			"rotation": [22, -144, 6.5],
			"translation": [1, 0, 0.75],
			"scale": [1.75, 1.75, 1.75]
		},
		"head": {
			"rotation": [-64, 0, 0],
			"translation": [-7, -26.25, -5.5],
			"scale": [0, 0, 0]
		},
		"fixed": {
			"rotation": [90, 54.75, -90],
			"translation": [0, 0.5, 0.75]
		}
	},
	"groups": [
		{
			"name": "TRR8",
			"origin": [8, 12.4841, 5.92649],
			"color": 0,
			"children": [
				{
					"name": "Rear Sights",
					"origin": [8, 11.06544, 7.72776],
					"color": 0,
					"children": [0, 1, 2, 3, 4, 5]
				},
				{
					"name": "Grip",
					"origin": [8.125, 12.4841, 5.92649],
					"color": 0,
					"children": [6, 7, 8, 9, 10, 11, 12]
				},
				{
					"name": "Body",
					"origin": [8.075, 12.4841, 5.92649],
					"color": 0,
					"children": [13, 14, 15, 16, 17, 18, 19, 20, 21, 22, 23, 24, 25, 26]
				},
				{
					"name": "Trigger",
					"origin": [7.95, 7.70651, 8.56779],
					"color": 0,
					"children": [27, 28, 29, 30, 31]
				}
			]
		}
	]
}