{
	"credit": "Made with Blockbench",
	"textures": {
		"0": "fw:guns/06/r8",
		"particle": "fw:player/steve"
	},
	"elements": [
		{
			"from": [7.92282, 7.86592, 8.03853],
			"to": [8.07717, 9.12277, 8.32413],
			"rotation": {"angle": -22.5, "axis": "x", "origin": [8, 8.03744, 9.00497]},
			"faces": {
				"north": {"uv": [8.25, 6.5, 8.3125, 6.8125], "texture": "#0"},
				"east": {"uv": [7, 8.25, 7.0625, 8.5625], "texture": "#0"},
				"south": {"uv": [7.5, 8.25, 7.5625, 8.5625], "texture": "#0"},
				"west": {"uv": [8, 8.25, 8.0625, 8.5625], "texture": "#0"},
				"up": {"uv": [9.8125, 4.5625, 9.75, 4.5], "texture": "#0"},
				"down": {"uv": [9.8125, 5.75, 9.75, 5.8125], "texture": "#0"}
			}
		},
		{
			"from": [7.92282, 7.94797, 7.53661],
			"to": [8.07717, 8.60482, 8.02221],
			"rotation": {"angle": -22.5, "axis": "x", "origin": [8, 8.11949, 9.20305]},
			"faces": {
				"north": {"uv": [8.25, 6.5, 8.3125, 6.8125], "texture": "#0"},
				"east": {"uv": [7, 8.25, 7.0625, 8.5625], "texture": "#0"},
				"south": {"uv": [7.5, 8.25, 7.5625, 8.5625], "texture": "#0"},
				"west": {"uv": [8, 8.25, 8.0625, 8.5625], "texture": "#0"},
				"up": {"uv": [9.8125, 4.5625, 9.75, 4.5], "texture": "#0"},
				"down": {"uv": [9.8125, 5.75, 9.75, 5.8125], "texture": "#0"}
			}
		},
		{
			"from": [7.92335, 8.47763, 8.05508],
			"to": [8.07665, 8.68343, 8.60213],
			"rotation": {"angle": -22.5, "axis": "x", "origin": [8, 8.03744, 9.00497]},
			"faces": {
				"north": {"uv": [9.75, 6.25, 9.8125, 6.3125], "texture": "#0"},
				"east": {"uv": [9.5, 4, 9.625, 4.0625], "texture": "#0"},
				"south": {"uv": [8.5, 9.75, 8.5625, 9.8125], "texture": "#0"},
				"west": {"uv": [4.5, 9.5, 4.625, 9.5625], "texture": "#0"},
				"up": {"uv": [5.0625, 9.625, 5, 9.5], "texture": "#0"},
				"down": {"uv": [9.5625, 5.25, 9.5, 5.375], "texture": "#0"}
			}
		}
	],
	"display": {
		"thirdperson_righthand": {
			"translation": [0.25, 0, 0.5]
		},
		"thirdperson_lefthand": {
			"translation": [0.25, 0, 0.5]
		},
		"firstperson_righthand": {
			"rotation": [0, 0, 16],
			"translation": [-5.25, 5.5, 6.5]
		},
		"firstperson_lefthand": {
			"rotation": [0, 0, 16],
			"translation": [-5.25, 5.5, 6.5]
		},
		"ground": {
			"translation": [0, -2.75, 0]
		},
		"gui": {
			"rotation": [22, -144, 6.5],
			"translation": [0, 0, 0.75],
			"scale": [4, 4, 4]
		},
		"head": {
			"rotation": [-64, 0, 0],
			"translation": [-7, -26.25, -5.5],
			"scale": [0, 0, 0]
		},
		"fixed": {
			"rotation": [90, 54.75, -90],
			"translation": [0.25, 0, 0.75]
		}
	},
	"groups": [
		{
			"name": "Hammer",
			"origin": [8, 10.23068, 5.21454],
			"color": 0,
			"children": [0, 1, 2]
		}
	]
}