[
  {
    "function": "minecraft:set_nbt",
    "tag": "{display:{Name:'{\"text\":\"Weapon Blueprint (Empty)\",\"color\":\"#1F87FF\",\"italic\":false}'},stats:{type:-1,item:0}}",
    "conditions": [{"condition": "minecraft:entity_properties","entity": "this",
        "predicate": {"nbt": "{SelectedItem:{tag:{stats:{type:-1,item:9}}}}"}}]
  },

  {
    "function": "minecraft:set_nbt",
    "tag": "{display:{Name:'{\"text\":\"Drop to Write: W-01 (lvl.15)\",\"color\":\"#1F87FF\",\"italic\":false}'},stats:{type:-1,item:1}}",
    "conditions": [{"condition": "minecraft:entity_properties","entity": "this",
        "predicate": {"nbt": "{SelectedItem:{tag:{stats:{type:-1,item:0}}}}"}}]
  },
  {
    "function": "minecraft:set_nbt",
    "tag": "{display:{Name:'{\"text\":\"Drop to Write: W-02 (lvl.18)\",\"color\":\"#1F87FF\",\"italic\":false}'},stats:{type:-1,item:2}}",
    "conditions": [{"condition": "minecraft:entity_properties","entity": "this",
        "predicate": {"nbt": "{SelectedItem:{tag:{stats:{type:-1,item:1}}}}"}}]
  },
  {
    "function": "minecraft:set_nbt",
    "tag": "{display:{Name:'{\"text\":\"Drop to Write: W-03 (lvl.20)\",\"color\":\"#1F87FF\",\"italic\":false}'},stats:{type:-1,item:3}}",
    "conditions": [{"condition": "minecraft:entity_properties","entity": "this",
        "predicate": {"nbt": "{SelectedItem:{tag:{stats:{type:-1,item:2}}}}"}}]
  },
  {
    "function": "minecraft:set_nbt",
    "tag": "{display:{Name:'{\"text\":\"Drop to Write: W-04 (lvl.35)\",\"color\":\"#1F87FF\",\"italic\":false}'},stats:{type:-1,item:4}}",
    "conditions": [{"condition": "minecraft:entity_properties","entity": "this",
        "predicate": {"nbt": "{SelectedItem:{tag:{stats:{type:-1,item:3}}}}"}}]
  },
  {
    "function": "minecraft:set_nbt",
    "tag": "{display:{Name:'{\"text\":\"Drop to Write: W-05 (lvl.30)\",\"color\":\"#1F87FF\",\"italic\":false}'},stats:{type:-1,item:5}}",
    "conditions": [{"condition": "minecraft:entity_properties","entity": "this",
        "predicate": {"nbt": "{SelectedItem:{tag:{stats:{type:-1,item:4}}}}"}}]
  },
  {
    "function": "minecraft:set_nbt",
    "tag": "{display:{Name:'{\"text\":\"Drop to Write: W-06 (lvl.19)\",\"color\":\"#1F87FF\",\"italic\":false}'},stats:{type:-1,item:6}}",
    "conditions": [{"condition": "minecraft:entity_properties","entity": "this",
        "predicate": {"nbt": "{SelectedItem:{tag:{stats:{type:-1,item:5}}}}"}}]
  },
  {
    "function": "minecraft:set_nbt",
    "tag": "{display:{Name:'{\"text\":\"Drop to Write: W-09 (lvl.32)\",\"color\":\"#1F87FF\",\"italic\":false}'},stats:{type:-1,item:9}}",
    "conditions": [{"condition": "minecraft:entity_properties","entity": "this",
        "predicate": {"nbt": "{SelectedItem:{tag:{stats:{type:-1,item:6}}}}"}}]
  }
]
