[
    {"function": "minecraft:set_nbt","tag": "{CustomModelData:1705}","conditions": [{"condition": "minecraft:entity_scores","entity": "this","scores": { "fwg.reload" : 43}}]},
    {"function": "minecraft:set_nbt","tag": "{CustomModelData:1704}","conditions": [{"condition": "minecraft:entity_scores","entity": "this","scores": { "fwg.reload" : 42}}]},
    {"function": "minecraft:set_nbt","tag": "{CustomModelData:1703}","conditions": [{"condition": "minecraft:entity_scores","entity": "this","scores": { "fwg.reload" : 41}}]},
    {"function": "minecraft:set_nbt","tag": "{CustomModelData:1702}","conditions": [{"condition": "minecraft:entity_scores","entity": "this","scores": { "fwg.reload" : 40}}]},
    {"function": "minecraft:set_nbt","tag": "{CustomModelData:1701}","conditions": [{"condition": "minecraft:entity_scores","entity": "this","scores": { "fwg.reload" : 39}}]},
    {"function": "minecraft:set_nbt","tag": "{CustomModelData:1001}","conditions": [{"condition": "minecraft:entity_scores","entity": "this","scores": { "fwg.reload" : 38}}]},

    {"function": "minecraft:set_nbt","tag": "{CustomModelData:1501}","conditions": [{"condition": "minecraft:entity_scores","entity": "this","scores": { "fwg.reload" : 36}}]},
    {"function": "minecraft:set_nbt","tag": "{CustomModelData:1502}","conditions": [{"condition": "minecraft:entity_scores","entity": "this","scores": { "fwg.reload" : 34}}]},
    {"function": "minecraft:set_nbt","tag": "{CustomModelData:1503}","conditions": [{"condition": "minecraft:entity_scores","entity": "this","scores": { "fwg.reload" : 32}}]},
    {"function": "minecraft:set_nbt","tag": "{CustomModelData:1504}","conditions": [{"condition": "minecraft:entity_scores","entity": "this","scores": { "fwg.reload" : 30}}]},
    {"function": "minecraft:set_nbt","tag": "{CustomModelData:1505}","conditions": [{"condition": "minecraft:entity_scores","entity": "this","scores": { "fwg.reload" : 28}}]},

    {"function": "minecraft:set_nbt","tag": "{CustomModelData:1506}","conditions": [{"condition": "minecraft:entity_scores","entity": "this","scores": { "fwg.reload" : 24}}]},
    {"function": "minecraft:set_nbt","tag": "{CustomModelData:1507}","conditions": [{"condition": "minecraft:entity_scores","entity": "this","scores": { "fwg.reload" : 23}}]},
    {"function": "minecraft:set_nbt","tag": "{CustomModelData:1508}","conditions": [{"condition": "minecraft:entity_scores","entity": "this","scores": { "fwg.reload" : 21}}]},
    {"function": "minecraft:set_nbt","tag": "{CustomModelData:1509}","conditions": [{"condition": "minecraft:entity_scores","entity": "this","scores": { "fwg.reload" : 19}}]},
    
    {"function": "minecraft:set_nbt","tag": "{CustomModelData:1510}","conditions": [{"condition": "minecraft:entity_scores","entity": "this","scores": { "fwg.reload" : 16}}]},
    {"function": "minecraft:set_nbt","tag": "{CustomModelData:1511}","conditions": [{"condition": "minecraft:entity_scores","entity": "this","scores": { "fwg.reload" : 15}}]},
    {"function": "minecraft:set_nbt","tag": "{CustomModelData:1512}","conditions": [{"condition": "minecraft:entity_scores","entity": "this","scores": { "fwg.reload" : 14}}]},
    {"function": "minecraft:set_nbt","tag": "{CustomModelData:1513}","conditions": [{"condition": "minecraft:entity_scores","entity": "this","scores": { "fwg.reload" : 12}}]},

    {"function": "minecraft:set_nbt","tag": "{CustomModelData:1514}","conditions": [{"condition": "minecraft:entity_scores","entity": "this","scores": { "fwg.reload" : 10}}]},
    {"function": "minecraft:set_nbt","tag": "{CustomModelData:1515}","conditions": [{"condition": "minecraft:entity_scores","entity": "this","scores": { "fwg.reload" : 8}}]},
    {"function": "minecraft:set_nbt","tag": "{CustomModelData:1516}","conditions": [{"condition": "minecraft:entity_scores","entity": "this","scores": { "fwg.reload" : 6}}]},
    {"function": "minecraft:set_nbt","tag": "{CustomModelData:1517}","conditions": [{"condition": "minecraft:entity_scores","entity": "this","scores": { "fwg.reload" : 5}}]},
    {"function": "minecraft:set_nbt","tag": "{CustomModelData:1518}","conditions": [{"condition": "minecraft:entity_scores","entity": "this","scores": { "fwg.reload" : 3}}]},
    {"function": "minecraft:set_nbt","tag": "{CustomModelData:1001}","conditions": [{"condition": "minecraft:entity_scores","entity": "this","scores": { "fwg.reload" : 1}}]}
  ]
  