{
    "credit": "Made with Blockbench", 
    "textures": {
        "main": "fw:casings/45"
    }, 
    "elements": [
        {
            "from": [ 7.8, 7.8, 7.475 ], 
            "to":   [ 8.2, 8.2, 8.125 ], 
            "rotation": { "angle": 0, "axis": "y", "origin": [8, 8, 7.925] }, 
            "faces": {
                "north": { "uv": [ 1, 1.125, 1.125, 1 ], "texture": "#main" }, 
                "east":  { "uv": [ 1, 0.1875, 1.125, 0 ], "rotation":270, "texture": "#main" }, 
                "south": { "uv": [ 0, 1.5, 0.125, 1.625 ], "rotation":180, "texture": "#main" }, 
                "west":  { "uv": [ 1, 0.6875, 1.125, 0.5 ], "rotation":90, "texture": "#main" }, 
                "up":    { "uv": [ 0, 1.1875, 0.125, 1 ], "rotation":180, "texture": "#main" }, 
                "down":  { "uv": [ 0.5, 1.1875, 0.625, 1 ], "texture": "#main" }
            }
        }, 
        {
            "from": [ 7.82, 7.82, 8.045 ], 
            "to":   [ 8.18, 8.18, 8.205 ], 
            "rotation": { "angle": 0, "axis": "y", "origin": [8, 8, 7.925] }, 
            "faces": {
                "north": { "uv": [ 1.5, 0.125, 1.625, 0 ], "texture": "#main" }, 
                "east":  { "uv": [ 2, 0.0625, 2.125, 0 ], "rotation":270, "texture": "#main" }, 
                "south": { "uv": [ 0.5, 1.5, 0.625, 1.625 ], "rotation":180, "texture": "#main" }, 
                "west":  { "uv": [ 2, 0.5625, 2.125, 0.5 ], "rotation":90, "texture": "#main" }, 
                "up":    { "uv": [ 0, 2.0625, 0.125, 2 ], "rotation":180, "texture": "#main" }, 
                "down":  { "uv": [ 0.5, 2.0625, 0.625, 2 ], "texture": "#main" }
            }
        }, 
        {
            "from": [ 7.79, 7.79, 8.165 ], 
            "to":   [ 8.21, 8.21, 8.235 ], 
            "rotation": { "angle": 0, "axis": "y", "origin": [8, 8, 7.925] }, 
            "faces": {
                "north": { "uv": [ 1.5, 0.625, 1.625, 0.5 ], "texture": "#main" }, 
                "east":  { "uv": [ 2, 1.0625, 2.125, 1 ], "rotation":270, "texture": "#main" }, 
                "south": { "uv": [ 1, 1.5, 1.125, 1.625 ], "rotation":180, "texture": "#main" }, 
                "west":  { "uv": [ 2, 1.5625, 2.125, 1.5 ], "rotation":90, "texture": "#main" }, 
                "up":    { "uv": [ 1, 2.0625, 1.125, 2 ], "rotation":180, "texture": "#main" }, 
                "down":  { "uv": [ 1.5, 2.0625, 1.625, 2 ], "texture": "#main" }
            }
        }, 
        {
            "from": [ 7.8, 7.8, 7.475 ], 
            "to":   [ 8.2, 8.2, 8.125 ], 
            "rotation": { "angle": 22.5, "axis": "x", "origin": [8, 8, 7.925] }, 
            "faces": {
                "north": { "uv": [ 5, 1.125, 5.125, 1 ], "texture": "#main" }, 
                "east":  { "uv": [ 5, 0.1875, 5.125, 0 ], "rotation":270, "texture": "#main" }, 
                "south": { "uv": [ 4, 1.5, 4.125, 1.625 ], "rotation":180, "texture": "#main" }, 
                "west":  { "uv": [ 5, 0.6875, 5.125, 0.5 ], "rotation":90, "texture": "#main" }, 
                "up":    { "uv": [ 4, 1.1875, 4.125, 1 ], "rotation":180, "texture": "#main" }, 
                "down":  { "uv": [ 4.5, 1.1875, 4.625, 1 ], "texture": "#main" }
            }
        }, 
        {
            "from": [ 7.82, 7.82, 8.045 ], 
            "to":   [ 8.18, 8.18, 8.205 ], 
            "rotation": { "angle": 22.5, "axis": "x", "origin": [8, 8, 7.925] }, 
            "faces": {
                "north": { "uv": [ 5.5, 0.125, 5.625, 0 ], "texture": "#main" }, 
                "east":  { "uv": [ 6, 0.0625, 6.125, 0 ], "rotation":270, "texture": "#main" }, 
                "south": { "uv": [ 4.5, 1.5, 4.625, 1.625 ], "rotation":180, "texture": "#main" }, 
                "west":  { "uv": [ 6, 0.5625, 6.125, 0.5 ], "rotation":90, "texture": "#main" }, 
                "up":    { "uv": [ 4, 2.0625, 4.125, 2 ], "rotation":180, "texture": "#main" }, 
                "down":  { "uv": [ 4.5, 2.0625, 4.625, 2 ], "texture": "#main" }
            }
        }, 
        {
            "from": [ 7.79, 7.79, 8.165 ], 
            "to":   [ 8.21, 8.21, 8.235 ], 
            "rotation": { "angle": 22.5, "axis": "x", "origin": [8, 8, 7.925] }, 
            "faces": {
                "north": { "uv": [ 5.5, 0.625, 5.625, 0.5 ], "texture": "#main" }, 
                "east":  { "uv": [ 6, 1.0625, 6.125, 1 ], "rotation":270, "texture": "#main" }, 
                "south": { "uv": [ 5, 1.5, 5.125, 1.625 ], "rotation":180, "texture": "#main" }, 
                "west":  { "uv": [ 6, 1.5625, 6.125, 1.5 ], "rotation":90, "texture": "#main" }, 
                "up":    { "uv": [ 5, 2.0625, 5.125, 2 ], "rotation":180, "texture": "#main" }, 
                "down":  { "uv": [ 5.5, 2.0625, 5.625, 2 ], "texture": "#main" }
            }
        }, 
        {
            "from": [ 7.8, 7.8, 7.475 ], 
            "to":   [ 8.2, 8.2, 8.125 ], 
            "rotation": { "angle": 45, "axis": "x", "origin": [8, 8, 7.925] }, 
            "faces": {
                "north": { "uv": [ 9, 1.125, 9.125, 1 ], "texture": "#main" }, 
                "east":  { "uv": [ 9, 0.1875, 9.125, 0 ], "rotation":270, "texture": "#main" }, 
                "south": { "uv": [ 8, 1.5, 8.125, 1.625 ], "rotation":180, "texture": "#main" }, 
                "west":  { "uv": [ 9, 0.6875, 9.125, 0.5 ], "rotation":90, "texture": "#main" }, 
                "up":    { "uv": [ 8, 1.1875, 8.125, 1 ], "rotation":180, "texture": "#main" }, 
                "down":  { "uv": [ 8.5, 1.1875, 8.625, 1 ], "texture": "#main" }
            }
        }, 
        {
            "from": [ 7.82, 7.82, 8.045 ], 
            "to":   [ 8.18, 8.18, 8.205 ], 
            "rotation": { "angle": 45, "axis": "x", "origin": [8, 8, 7.925] }, 
            "faces": {
                "north": { "uv": [ 9.5, 0.125, 9.625, 0 ], "texture": "#main" }, 
                "east":  { "uv": [ 10, 0.0625, 10.125, 0 ], "rotation":270, "texture": "#main" }, 
                "south": { "uv": [ 8.5, 1.5, 8.625, 1.625 ], "rotation":180, "texture": "#main" }, 
                "west":  { "uv": [ 10, 0.5625, 10.125, 0.5 ], "rotation":90, "texture": "#main" }, 
                "up":    { "uv": [ 8, 2.0625, 8.125, 2 ], "rotation":180, "texture": "#main" }, 
                "down":  { "uv": [ 8.5, 2.0625, 8.625, 2 ], "texture": "#main" }
            }
        }, 
        {
            "from": [ 7.79, 7.79, 8.165 ], 
            "to":   [ 8.21, 8.21, 8.235 ], 
            "rotation": { "angle": 45, "axis": "x", "origin": [8, 8, 7.925] }, 
            "faces": {
                "north": { "uv": [ 9.5, 0.625, 9.625, 0.5 ], "texture": "#main" }, 
                "east":  { "uv": [ 10, 1.0625, 10.125, 1 ], "rotation":270, "texture": "#main" }, 
                "south": { "uv": [ 9, 1.5, 9.125, 1.625 ], "rotation":180, "texture": "#main" }, 
                "west":  { "uv": [ 10, 1.5625, 10.125, 1.5 ], "rotation":90, "texture": "#main" }, 
                "up":    { "uv": [ 9, 2.0625, 9.125, 2 ], "rotation":180, "texture": "#main" }, 
                "down":  { "uv": [ 9.5, 2.0625, 9.625, 2 ], "texture": "#main" }
            }
        }, 
        {
            "from": [ 7.8, 7.8, 7.725 ], 
            "to":   [ 8.2, 8.45, 8.125 ], 
            "rotation": { "angle": -22.5, "axis": "x", "origin": [8, 8, 7.925] }, 
            "faces": {
                "north": { "uv": [ 12.5, 1.1875, 12.625, 1 ], "rotation":180, "texture": "#main" }, 
                "east":  { "uv": [ 13, 0.1875, 13.125, 0 ], "rotation":180, "texture": "#main" }, 
                "south": { "uv": [ 12, 1.1875, 12.125, 1 ], "rotation":180, "texture": "#main" }, 
                "west":  { "uv": [ 13, 0.6875, 13.125, 0.5 ], "rotation":180, "texture": "#main" }, 
                "up":    { "uv": [ 13, 1.125, 13.125, 1 ], "rotation":180, "texture": "#main" }, 
                "down":  { "uv": [ 12, 1.5, 12.125, 1.625 ], "rotation":180, "texture": "#main" }
            }
        }, 
        {
            "from": [ 7.82, 7.72, 7.745 ], 
            "to":   [ 8.18, 7.88, 8.105 ], 
            "rotation": { "angle": -22.5, "axis": "x", "origin": [8, 8, 7.925] }, 
            "faces": {
                "north": { "uv": [ 12.5, 2.0625, 12.625, 2 ], "rotation":180, "texture": "#main" }, 
                "east":  { "uv": [ 14, 0.0625, 14.125, 0 ], "rotation":180, "texture": "#main" }, 
                "south": { "uv": [ 12, 2.0625, 12.125, 2 ], "rotation":180, "texture": "#main" }, 
                "west":  { "uv": [ 14, 0.5625, 14.125, 0.5 ], "rotation":180, "texture": "#main" }, 
                "up":    { "uv": [ 13.5, 0.125, 13.625, 0 ], "rotation":180, "texture": "#main" }, 
                "down":  { "uv": [ 12.5, 1.5, 12.625, 1.625 ], "rotation":180, "texture": "#main" }
            }
        }, 
        {
            "from": [ 7.79, 7.69, 7.715 ], 
            "to":   [ 8.21, 7.76, 8.135 ], 
            "rotation": { "angle": -22.5, "axis": "x", "origin": [8, 8, 7.925] }, 
            "faces": {
                "north": { "uv": [ 13.5, 2.0625, 13.625, 2 ], "rotation":180, "texture": "#main" }, 
                "east":  { "uv": [ 14, 1.0625, 14.125, 1 ], "rotation":180, "texture": "#main" }, 
                "south": { "uv": [ 13, 2.0625, 13.125, 2 ], "rotation":180, "texture": "#main" }, 
                "west":  { "uv": [ 14, 1.5625, 14.125, 1.5 ], "rotation":180, "texture": "#main" }, 
                "up":    { "uv": [ 13.5, 0.625, 13.625, 0.5 ], "rotation":180, "texture": "#main" }, 
                "down":  { "uv": [ 13, 1.5, 13.125, 1.625 ], "rotation":180, "texture": "#main" }
            }
        }, 
        {
            "from": [ 7.8, 7.8, 7.725 ], 
            "to":   [ 8.2, 8.45, 8.125 ], 
            "rotation": { "angle": 0, "axis": "x", "origin": [8, 8, 7.925] }, 
            "faces": {
                "north": { "uv": [ 0.5, 5.1875, 0.625, 5 ], "rotation":180, "texture": "#main" }, 
                "east":  { "uv": [ 1, 4.1875, 1.125, 4 ], "rotation":180, "texture": "#main" }, 
                "south": { "uv": [ 0, 5.1875, 0.125, 5 ], "rotation":180, "texture": "#main" }, 
                "west":  { "uv": [ 1, 4.6875, 1.125, 4.5 ], "rotation":180, "texture": "#main" }, 
                "up":    { "uv": [ 1, 5.125, 1.125, 5 ], "rotation":180, "texture": "#main" }, 
                "down":  { "uv": [ 0, 5.5, 0.125, 5.625 ], "rotation":180, "texture": "#main" }
            }
        }, 
        {
            "from": [ 7.82, 7.72, 7.745 ], 
            "to":   [ 8.18, 7.88, 8.105 ], 
            "rotation": { "angle": 0, "axis": "x", "origin": [8, 8, 7.925] }, 
            "faces": {
                "north": { "uv": [ 0.5, 6.0625, 0.625, 6 ], "rotation":180, "texture": "#main" }, 
                "east":  { "uv": [ 2, 4.0625, 2.125, 4 ], "rotation":180, "texture": "#main" }, 
                "south": { "uv": [ 0, 6.0625, 0.125, 6 ], "rotation":180, "texture": "#main" }, 
                "west":  { "uv": [ 2, 4.5625, 2.125, 4.5 ], "rotation":180, "texture": "#main" }, 
                "up":    { "uv": [ 1.5, 4.125, 1.625, 4 ], "rotation":180, "texture": "#main" }, 
                "down":  { "uv": [ 0.5, 5.5, 0.625, 5.625 ], "rotation":180, "texture": "#main" }
            }
        }, 
        {
            "from": [ 7.79, 7.69, 7.715 ], 
            "to":   [ 8.21, 7.76, 8.135 ], 
            "rotation": { "angle": 0, "axis": "x", "origin": [8, 8, 7.925] }, 
            "faces": {
                "north": { "uv": [ 1.5, 6.0625, 1.625, 6 ], "rotation":180, "texture": "#main" }, 
                "east":  { "uv": [ 2, 5.0625, 2.125, 5 ], "rotation":180, "texture": "#main" }, 
                "south": { "uv": [ 1, 6.0625, 1.125, 6 ], "rotation":180, "texture": "#main" }, 
                "west":  { "uv": [ 2, 5.5625, 2.125, 5.5 ], "rotation":180, "texture": "#main" }, 
                "up":    { "uv": [ 1.5, 4.625, 1.625, 4.5 ], "rotation":180, "texture": "#main" }, 
                "down":  { "uv": [ 1, 5.5, 1.125, 5.625 ], "rotation":180, "texture": "#main" }
            }
        }, 
        {
            "from": [ 7.8, 7.8, 7.725 ], 
            "to":   [ 8.2, 8.45, 8.125 ], 
            "rotation": { "angle": 22.5, "axis": "x", "origin": [8, 8, 7.925] }, 
            "faces": {
                "north": { "uv": [ 4.5, 5.1875, 4.625, 5 ], "rotation":180, "texture": "#main" }, 
                "east":  { "uv": [ 5, 4.1875, 5.125, 4 ], "rotation":180, "texture": "#main" }, 
                "south": { "uv": [ 4, 5.1875, 4.125, 5 ], "rotation":180, "texture": "#main" }, 
                "west":  { "uv": [ 5, 4.6875, 5.125, 4.5 ], "rotation":180, "texture": "#main" }, 
                "up":    { "uv": [ 5, 5.125, 5.125, 5 ], "rotation":180, "texture": "#main" }, 
                "down":  { "uv": [ 4, 5.5, 4.125, 5.625 ], "rotation":180, "texture": "#main" }
            }
        }, 
        {
            "from": [ 7.82, 7.72, 7.745 ], 
            "to":   [ 8.18, 7.88, 8.105 ], 
            "rotation": { "angle": 22.5, "axis": "x", "origin": [8, 8, 7.925] }, 
            "faces": {
                "north": { "uv": [ 4.5, 6.0625, 4.625, 6 ], "rotation":180, "texture": "#main" }, 
                "east":  { "uv": [ 6, 4.0625, 6.125, 4 ], "rotation":180, "texture": "#main" }, 
                "south": { "uv": [ 4, 6.0625, 4.125, 6 ], "rotation":180, "texture": "#main" }, 
                "west":  { "uv": [ 6, 4.5625, 6.125, 4.5 ], "rotation":180, "texture": "#main" }, 
                "up":    { "uv": [ 5.5, 4.125, 5.625, 4 ], "rotation":180, "texture": "#main" }, 
                "down":  { "uv": [ 4.5, 5.5, 4.625, 5.625 ], "rotation":180, "texture": "#main" }
            }
        }, 
        {
            "from": [ 7.79, 7.69, 7.715 ], 
            "to":   [ 8.21, 7.76, 8.135 ], 
            "rotation": { "angle": 22.5, "axis": "x", "origin": [8, 8, 7.925] }, 
            "faces": {
                "north": { "uv": [ 5.5, 6.0625, 5.625, 6 ], "rotation":180, "texture": "#main" }, 
                "east":  { "uv": [ 6, 5.0625, 6.125, 5 ], "rotation":180, "texture": "#main" }, 
                "south": { "uv": [ 5, 6.0625, 5.125, 6 ], "rotation":180, "texture": "#main" }, 
                "west":  { "uv": [ 6, 5.5625, 6.125, 5.5 ], "rotation":180, "texture": "#main" }, 
                "up":    { "uv": [ 5.5, 4.625, 5.625, 4.5 ], "rotation":180, "texture": "#main" }, 
                "down":  { "uv": [ 5, 5.5, 5.125, 5.625 ], "rotation":180, "texture": "#main" }
            }
        }, 
        {
            "from": [ 7.8, 7.8, 7.725 ], 
            "to":   [ 8.2, 8.45, 8.125 ], 
            "rotation": { "angle": 45, "axis": "x", "origin": [8, 8, 7.925] }, 
            "faces": {
                "north": { "uv": [ 8.5, 5.1875, 8.625, 5 ], "rotation":180, "texture": "#main" }, 
                "east":  { "uv": [ 9, 4.1875, 9.125, 4 ], "rotation":180, "texture": "#main" }, 
                "south": { "uv": [ 8, 5.1875, 8.125, 5 ], "rotation":180, "texture": "#main" }, 
                "west":  { "uv": [ 9, 4.6875, 9.125, 4.5 ], "rotation":180, "texture": "#main" }, 
                "up":    { "uv": [ 9, 5.125, 9.125, 5 ], "rotation":180, "texture": "#main" }, 
                "down":  { "uv": [ 8, 5.5, 8.125, 5.625 ], "rotation":180, "texture": "#main" }
            }
        }, 
        {
            "from": [ 7.82, 7.72, 7.745 ], 
            "to":   [ 8.18, 7.88, 8.105 ], 
            "rotation": { "angle": 45, "axis": "x", "origin": [8, 8, 7.925] }, 
            "faces": {
                "north": { "uv": [ 8.5, 6.0625, 8.625, 6 ], "rotation":180, "texture": "#main" }, 
                "east":  { "uv": [ 10, 4.0625, 10.125, 4 ], "rotation":180, "texture": "#main" }, 
                "south": { "uv": [ 8, 6.0625, 8.125, 6 ], "rotation":180, "texture": "#main" }, 
                "west":  { "uv": [ 10, 4.5625, 10.125, 4.5 ], "rotation":180, "texture": "#main" }, 
                "up":    { "uv": [ 9.5, 4.125, 9.625, 4 ], "rotation":180, "texture": "#main" }, 
                "down":  { "uv": [ 8.5, 5.5, 8.625, 5.625 ], "rotation":180, "texture": "#main" }
            }
        }, 
        {
            "from": [ 7.79, 7.69, 7.715 ], 
            "to":   [ 8.21, 7.76, 8.135 ], 
            "rotation": { "angle": 45, "axis": "x", "origin": [8, 8, 7.925] }, 
            "faces": {
                "north": { "uv": [ 9.5, 6.0625, 9.625, 6 ], "rotation":180, "texture": "#main" }, 
                "east":  { "uv": [ 10, 5.0625, 10.125, 5 ], "rotation":180, "texture": "#main" }, 
                "south": { "uv": [ 9, 6.0625, 9.125, 6 ], "rotation":180, "texture": "#main" }, 
                "west":  { "uv": [ 10, 5.5625, 10.125, 5.5 ], "rotation":180, "texture": "#main" }, 
                "up":    { "uv": [ 9.5, 4.625, 9.625, 4.5 ], "rotation":180, "texture": "#main" }, 
                "down":  { "uv": [ 9, 5.5, 9.125, 5.625 ], "rotation":180, "texture": "#main" }
            }
        }, 
        {
            "from": [ 7.8, 7.8, 7.725 ], 
            "to":   [ 8.2, 8.2, 8.375 ], 
            "rotation": { "angle": -22.5, "axis": "x", "origin": [8, 8, 7.925] }, 
            "faces": {
                "north": { "uv": [ 12, 5.5, 12.125, 5.625 ], "texture": "#main" }, 
                "east":  { "uv": [ 13, 4.1875, 13.125, 4 ], "rotation":90, "texture": "#main" }, 
                "south": { "uv": [ 13, 5.125, 13.125, 5 ], "rotation":180, "texture": "#main" }, 
                "west":  { "uv": [ 13, 4.6875, 13.125, 4.5 ], "rotation":270, "texture": "#main" }, 
                "up":    { "uv": [ 12.5, 5.1875, 12.625, 5 ], "texture": "#main" }, 
                "down":  { "uv": [ 12, 5.1875, 12.125, 5 ], "rotation":180, "texture": "#main" }
            }
        }, 
        {
            "from": [ 7.82, 7.82, 7.645 ], 
            "to":   [ 8.18, 8.18, 7.805 ], 
            "rotation": { "angle": -22.5, "axis": "x", "origin": [8, 8, 7.925] }, 
            "faces": {
                "north": { "uv": [ 12.5, 5.5, 12.625, 5.625 ], "texture": "#main" }, 
                "east":  { "uv": [ 14, 4.0625, 14.125, 4 ], "rotation":90, "texture": "#main" }, 
                "south": { "uv": [ 13.5, 4.125, 13.625, 4 ], "rotation":180, "texture": "#main" }, 
                "west":  { "uv": [ 14, 4.5625, 14.125, 4.5 ], "rotation":270, "texture": "#main" }, 
                "up":    { "uv": [ 12.5, 6.0625, 12.625, 6 ], "texture": "#main" }, 
                "down":  { "uv": [ 12, 6.0625, 12.125, 6 ], "rotation":180, "texture": "#main" }
            }
        }, 
        {
            "from": [ 7.79, 7.79, 7.615 ], 
            "to":   [ 8.21, 8.21, 7.685 ], 
            "rotation": { "angle": -22.5, "axis": "x", "origin": [8, 8, 7.925] }, 
            "faces": {
                "north": { "uv": [ 13, 5.5, 13.125, 5.625 ], "texture": "#main" }, 
                "east":  { "uv": [ 14, 5.0625, 14.125, 5 ], "rotation":90, "texture": "#main" }, 
                "south": { "uv": [ 13.5, 4.625, 13.625, 4.5 ], "rotation":180, "texture": "#main" }, 
                "west":  { "uv": [ 14, 5.5625, 14.125, 5.5 ], "rotation":270, "texture": "#main" }, 
                "up":    { "uv": [ 13.5, 6.0625, 13.625, 6 ], "texture": "#main" }, 
                "down":  { "uv": [ 13, 6.0625, 13.125, 6 ], "rotation":180, "texture": "#main" }
            }
        }, 
        {
            "from": [ 7.8, 7.8, 7.725 ], 
            "to":   [ 8.2, 8.2, 8.375 ], 
            "rotation": { "angle": 0, "axis": "x", "origin": [8, 8, 7.925] }, 
            "faces": {
                "north": { "uv": [ 0, 9.5, 0.125, 9.625 ], "texture": "#main" }, 
                "east":  { "uv": [ 1, 8.1875, 1.125, 8 ], "rotation":90, "texture": "#main" }, 
                "south": { "uv": [ 1, 9.125, 1.125, 9 ], "rotation":180, "texture": "#main" }, 
                "west":  { "uv": [ 1, 8.6875, 1.125, 8.5 ], "rotation":270, "texture": "#main" }, 
                "up":    { "uv": [ 0.5, 9.1875, 0.625, 9 ], "texture": "#main" }, 
                "down":  { "uv": [ 0, 9.1875, 0.125, 9 ], "rotation":180, "texture": "#main" }
            }
        }, 
        {
            "from": [ 7.82, 7.82, 7.645 ], 
            "to":   [ 8.18, 8.18, 7.805 ], 
            "rotation": { "angle": 0, "axis": "x", "origin": [8, 8, 7.925] }, 
            "faces": {
                "north": { "uv": [ 0.5, 9.5, 0.625, 9.625 ], "texture": "#main" }, 
                "east":  { "uv": [ 2, 8.0625, 2.125, 8 ], "rotation":90, "texture": "#main" }, 
                "south": { "uv": [ 1.5, 8.125, 1.625, 8 ], "rotation":180, "texture": "#main" }, 
                "west":  { "uv": [ 2, 8.5625, 2.125, 8.5 ], "rotation":270, "texture": "#main" }, 
                "up":    { "uv": [ 0.5, 10.0625, 0.625, 10 ], "texture": "#main" }, 
                "down":  { "uv": [ 0, 10.0625, 0.125, 10 ], "rotation":180, "texture": "#main" }
            }
        }, 
        {
            "from": [ 7.79, 7.79, 7.615 ], 
            "to":   [ 8.21, 8.21, 7.685 ], 
            "rotation": { "angle": 0, "axis": "x", "origin": [8, 8, 7.925] }, 
            "faces": {
                "north": { "uv": [ 1, 9.5, 1.125, 9.625 ], "texture": "#main" }, 
                "east":  { "uv": [ 2, 9.0625, 2.125, 9 ], "rotation":90, "texture": "#main" }, 
                "south": { "uv": [ 1.5, 8.625, 1.625, 8.5 ], "rotation":180, "texture": "#main" }, 
                "west":  { "uv": [ 2, 9.5625, 2.125, 9.5 ], "rotation":270, "texture": "#main" }, 
                "up":    { "uv": [ 1.5, 10.0625, 1.625, 10 ], "texture": "#main" }, 
                "down":  { "uv": [ 1, 10.0625, 1.125, 10 ], "rotation":180, "texture": "#main" }
            }
        }, 
        {
            "from": [ 7.8, 7.8, 7.725 ], 
            "to":   [ 8.2, 8.2, 8.375 ], 
            "rotation": { "angle": 22.5, "axis": "x", "origin": [8, 8, 7.925] }, 
            "faces": {
                "north": { "uv": [ 4, 9.5, 4.125, 9.625 ], "texture": "#main" }, 
                "east":  { "uv": [ 5, 8.1875, 5.125, 8 ], "rotation":90, "texture": "#main" }, 
                "south": { "uv": [ 5, 9.125, 5.125, 9 ], "rotation":180, "texture": "#main" }, 
                "west":  { "uv": [ 5, 8.6875, 5.125, 8.5 ], "rotation":270, "texture": "#main" }, 
                "up":    { "uv": [ 4.5, 9.1875, 4.625, 9 ], "texture": "#main" }, 
                "down":  { "uv": [ 4, 9.1875, 4.125, 9 ], "rotation":180, "texture": "#main" }
            }
        }, 
        {
            "from": [ 7.82, 7.82, 7.645 ], 
            "to":   [ 8.18, 8.18, 7.805 ], 
            "rotation": { "angle": 22.5, "axis": "x", "origin": [8, 8, 7.925] }, 
            "faces": {
                "north": { "uv": [ 4.5, 9.5, 4.625, 9.625 ], "texture": "#main" }, 
                "east":  { "uv": [ 6, 8.0625, 6.125, 8 ], "rotation":90, "texture": "#main" }, 
                "south": { "uv": [ 5.5, 8.125, 5.625, 8 ], "rotation":180, "texture": "#main" }, 
                "west":  { "uv": [ 6, 8.5625, 6.125, 8.5 ], "rotation":270, "texture": "#main" }, 
                "up":    { "uv": [ 4.5, 10.0625, 4.625, 10 ], "texture": "#main" }, 
                "down":  { "uv": [ 4, 10.0625, 4.125, 10 ], "rotation":180, "texture": "#main" }
            }
        }, 
        {
            "from": [ 7.79, 7.79, 7.615 ], 
            "to":   [ 8.21, 8.21, 7.685 ], 
            "rotation": { "angle": 22.5, "axis": "x", "origin": [8, 8, 7.925] }, 
            "faces": {
                "north": { "uv": [ 5, 9.5, 5.125, 9.625 ], "texture": "#main" }, 
                "east":  { "uv": [ 6, 9.0625, 6.125, 9 ], "rotation":90, "texture": "#main" }, 
                "south": { "uv": [ 5.5, 8.625, 5.625, 8.5 ], "rotation":180, "texture": "#main" }, 
                "west":  { "uv": [ 6, 9.5625, 6.125, 9.5 ], "rotation":270, "texture": "#main" }, 
                "up":    { "uv": [ 5.5, 10.0625, 5.625, 10 ], "texture": "#main" }, 
                "down":  { "uv": [ 5, 10.0625, 5.125, 10 ], "rotation":180, "texture": "#main" }
            }
        }, 
        {
            "from": [ 7.8, 7.8, 7.725 ], 
            "to":   [ 8.2, 8.2, 8.375 ], 
            "rotation": { "angle": 45, "axis": "x", "origin": [8, 8, 7.925] }, 
            "faces": {
                "north": { "uv": [ 8, 9.5, 8.125, 9.625 ], "texture": "#main" }, 
                "east":  { "uv": [ 9, 8.1875, 9.125, 8 ], "rotation":90, "texture": "#main" }, 
                "south": { "uv": [ 9, 9.125, 9.125, 9 ], "rotation":180, "texture": "#main" }, 
                "west":  { "uv": [ 9, 8.6875, 9.125, 8.5 ], "rotation":270, "texture": "#main" }, 
                "up":    { "uv": [ 8.5, 9.1875, 8.625, 9 ], "texture": "#main" }, 
                "down":  { "uv": [ 8, 9.1875, 8.125, 9 ], "rotation":180, "texture": "#main" }
            }
        }, 
        {
            "from": [ 7.82, 7.82, 7.645 ], 
            "to":   [ 8.18, 8.18, 7.805 ], 
            "rotation": { "angle": 45, "axis": "x", "origin": [8, 8, 7.925] }, 
            "faces": {
                "north": { "uv": [ 8.5, 9.5, 8.625, 9.625 ], "texture": "#main" }, 
                "east":  { "uv": [ 10, 8.0625, 10.125, 8 ], "rotation":90, "texture": "#main" }, 
                "south": { "uv": [ 9.5, 8.125, 9.625, 8 ], "rotation":180, "texture": "#main" }, 
                "west":  { "uv": [ 10, 8.5625, 10.125, 8.5 ], "rotation":270, "texture": "#main" }, 
                "up":    { "uv": [ 8.5, 10.0625, 8.625, 10 ], "texture": "#main" }, 
                "down":  { "uv": [ 8, 10.0625, 8.125, 10 ], "rotation":180, "texture": "#main" }
            }
        }, 
        {
            "from": [ 7.79, 7.79, 7.615 ], 
            "to":   [ 8.21, 8.21, 7.685 ], 
            "rotation": { "angle": 45, "axis": "x", "origin": [8, 8, 7.925] }, 
            "faces": {
                "north": { "uv": [ 9, 9.5, 9.125, 9.625 ], "texture": "#main" }, 
                "east":  { "uv": [ 10, 9.0625, 10.125, 9 ], "rotation":90, "texture": "#main" }, 
                "south": { "uv": [ 9.5, 8.625, 9.625, 8.5 ], "rotation":180, "texture": "#main" }, 
                "west":  { "uv": [ 10, 9.5625, 10.125, 9.5 ], "rotation":270, "texture": "#main" }, 
                "up":    { "uv": [ 9.5, 10.0625, 9.625, 10 ], "texture": "#main" }, 
                "down":  { "uv": [ 9, 10.0625, 9.125, 10 ], "rotation":180, "texture": "#main" }
            }
        }, 
        {
            "from": [ 7.8, 7.55, 7.725 ], 
            "to":   [ 8.2, 8.2, 8.125 ], 
            "rotation": { "angle": -22.5, "axis": "x", "origin": [8, 8, 7.925] }, 
            "faces": {
                "north": { "uv": [ 12, 9.1875, 12.125, 9 ], "texture": "#main" }, 
                "east":  { "uv": [ 13, 8.1875, 13.125, 8 ], "texture": "#main" }, 
                "south": { "uv": [ 12.5, 9.1875, 12.625, 9 ], "texture": "#main" }, 
                "west":  { "uv": [ 13, 8.6875, 13.125, 8.5 ], "texture": "#main" }, 
                "up":    { "uv": [ 12, 9.5, 12.125, 9.625 ], "rotation":180, "texture": "#main" }, 
                "down":  { "uv": [ 13, 9.125, 13.125, 9 ], "rotation":180, "texture": "#main" }
            }
        }, 
        {
            "from": [ 7.82, 8.12, 7.745 ], 
            "to":   [ 8.18, 8.28, 8.105 ], 
            "rotation": { "angle": -22.5, "axis": "x", "origin": [8, 8, 7.925] }, 
            "faces": {
                "north": { "uv": [ 12, 10.0625, 12.125, 10 ], "texture": "#main" }, 
                "east":  { "uv": [ 14, 8.0625, 14.125, 8 ], "texture": "#main" }, 
                "south": { "uv": [ 12.5, 10.0625, 12.625, 10 ], "texture": "#main" }, 
                "west":  { "uv": [ 14, 8.5625, 14.125, 8.5 ], "texture": "#main" }, 
                "up":    { "uv": [ 12.5, 9.5, 12.625, 9.625 ], "rotation":180, "texture": "#main" }, 
                "down":  { "uv": [ 13.5, 8.125, 13.625, 8 ], "rotation":180, "texture": "#main" }
            }
        }, 
        {
            "from": [ 7.79, 8.24, 7.715 ], 
            "to":   [ 8.21, 8.31, 8.135 ], 
            "rotation": { "angle": -22.5, "axis": "x", "origin": [8, 8, 7.925] }, 
            "faces": {
                "north": { "uv": [ 13, 10.0625, 13.125, 10 ], "texture": "#main" }, 
                "east":  { "uv": [ 14, 9.0625, 14.125, 9 ], "texture": "#main" }, 
                "south": { "uv": [ 13.5, 10.0625, 13.625, 10 ], "texture": "#main" }, 
                "west":  { "uv": [ 14, 9.5625, 14.125, 9.5 ], "texture": "#main" }, 
                "up":    { "uv": [ 13, 9.5, 13.125, 9.625 ], "rotation":180, "texture": "#main" }, 
                "down":  { "uv": [ 13.5, 8.625, 13.625, 8.5 ], "rotation":180, "texture": "#main" }
            }
        }, 
        {
            "from": [ 7.8, 7.55, 7.725 ], 
            "to":   [ 8.2, 8.2, 8.125 ], 
            "rotation": { "angle": 0, "axis": "x", "origin": [8, 8, 7.925] }, 
            "faces": {
                "north": { "uv": [ 0, 13.1875, 0.125, 13 ], "texture": "#main" }, 
                "east":  { "uv": [ 1, 12.1875, 1.125, 12 ], "texture": "#main" }, 
                "south": { "uv": [ 0.5, 13.1875, 0.625, 13 ], "texture": "#main" }, 
                "west":  { "uv": [ 1, 12.6875, 1.125, 12.5 ], "texture": "#main" }, 
                "up":    { "uv": [ 0, 13.5, 0.125, 13.625 ], "rotation":180, "texture": "#main" }, 
                "down":  { "uv": [ 1, 13.125, 1.125, 13 ], "rotation":180, "texture": "#main" }
            }
        }, 
        {
            "from": [ 7.82, 8.12, 7.745 ], 
            "to":   [ 8.18, 8.28, 8.105 ], 
            "rotation": { "angle": 0, "axis": "x", "origin": [8, 8, 7.925] }, 
            "faces": {
                "north": { "uv": [ 0, 14.0625, 0.125, 14 ], "texture": "#main" }, 
                "east":  { "uv": [ 2, 12.0625, 2.125, 12 ], "texture": "#main" }, 
                "south": { "uv": [ 0.5, 14.0625, 0.625, 14 ], "texture": "#main" }, 
                "west":  { "uv": [ 2, 12.5625, 2.125, 12.5 ], "texture": "#main" }, 
                "up":    { "uv": [ 0.5, 13.5, 0.625, 13.625 ], "rotation":180, "texture": "#main" }, 
                "down":  { "uv": [ 1.5, 12.125, 1.625, 12 ], "rotation":180, "texture": "#main" }
            }
        }, 
        {
            "from": [ 7.79, 8.24, 7.715 ], 
            "to":   [ 8.21, 8.31, 8.135 ], 
            "rotation": { "angle": 0, "axis": "x", "origin": [8, 8, 7.925] }, 
            "faces": {
                "north": { "uv": [ 1, 14.0625, 1.125, 14 ], "texture": "#main" }, 
                "east":  { "uv": [ 2, 13.0625, 2.125, 13 ], "texture": "#main" }, 
                "south": { "uv": [ 1.5, 14.0625, 1.625, 14 ], "texture": "#main" }, 
                "west":  { "uv": [ 2, 13.5625, 2.125, 13.5 ], "texture": "#main" }, 
                "up":    { "uv": [ 1, 13.5, 1.125, 13.625 ], "rotation":180, "texture": "#main" }, 
                "down":  { "uv": [ 1.5, 12.625, 1.625, 12.5 ], "rotation":180, "texture": "#main" }
            }
        }, 
        {
            "from": [ 7.8, 7.55, 7.725 ], 
            "to":   [ 8.2, 8.2, 8.125 ], 
            "rotation": { "angle": 22.5, "axis": "x", "origin": [8, 8, 7.925] }, 
            "faces": {
                "north": { "uv": [ 4, 13.1875, 4.125, 13 ], "texture": "#main" }, 
                "east":  { "uv": [ 5, 12.1875, 5.125, 12 ], "texture": "#main" }, 
                "south": { "uv": [ 4.5, 13.1875, 4.625, 13 ], "texture": "#main" }, 
                "west":  { "uv": [ 5, 12.6875, 5.125, 12.5 ], "texture": "#main" }, 
                "up":    { "uv": [ 4, 13.5, 4.125, 13.625 ], "rotation":180, "texture": "#main" }, 
                "down":  { "uv": [ 5, 13.125, 5.125, 13 ], "rotation":180, "texture": "#main" }
            }
        }, 
        {
            "from": [ 7.82, 8.12, 7.745 ], 
            "to":   [ 8.18, 8.28, 8.105 ], 
            "rotation": { "angle": 22.5, "axis": "x", "origin": [8, 8, 7.925] }, 
            "faces": {
                "north": { "uv": [ 4, 14.0625, 4.125, 14 ], "texture": "#main" }, 
                "east":  { "uv": [ 6, 12.0625, 6.125, 12 ], "texture": "#main" }, 
                "south": { "uv": [ 4.5, 14.0625, 4.625, 14 ], "texture": "#main" }, 
                "west":  { "uv": [ 6, 12.5625, 6.125, 12.5 ], "texture": "#main" }, 
                "up":    { "uv": [ 4.5, 13.5, 4.625, 13.625 ], "rotation":180, "texture": "#main" }, 
                "down":  { "uv": [ 5.5, 12.125, 5.625, 12 ], "rotation":180, "texture": "#main" }
            }
        }, 
        {
            "from": [ 7.79, 8.24, 7.715 ], 
            "to":   [ 8.21, 8.31, 8.135 ], 
            "rotation": { "angle": 22.5, "axis": "x", "origin": [8, 8, 7.925] }, 
            "faces": {
                "north": { "uv": [ 5, 14.0625, 5.125, 14 ], "texture": "#main" }, 
                "east":  { "uv": [ 6, 13.0625, 6.125, 13 ], "texture": "#main" }, 
                "south": { "uv": [ 5.5, 14.0625, 5.625, 14 ], "texture": "#main" }, 
                "west":  { "uv": [ 6, 13.5625, 6.125, 13.5 ], "texture": "#main" }, 
                "up":    { "uv": [ 5, 13.5, 5.125, 13.625 ], "rotation":180, "texture": "#main" }, 
                "down":  { "uv": [ 5.5, 12.625, 5.625, 12.5 ], "rotation":180, "texture": "#main" }
            }
        }, 
        {
            "from": [ 7.8, 7.55, 7.725 ], 
            "to":   [ 8.2, 8.2, 8.125 ], 
            "rotation": { "angle": 45, "axis": "x", "origin": [8, 8, 7.925] }, 
            "faces": {
                "north": { "uv": [ 8, 13.1875, 8.125, 13 ], "texture": "#main" }, 
                "east":  { "uv": [ 9, 12.1875, 9.125, 12 ], "texture": "#main" }, 
                "south": { "uv": [ 8.5, 13.1875, 8.625, 13 ], "texture": "#main" }, 
                "west":  { "uv": [ 9, 12.6875, 9.125, 12.5 ], "texture": "#main" }, 
                "up":    { "uv": [ 8, 13.5, 8.125, 13.625 ], "rotation":180, "texture": "#main" }, 
                "down":  { "uv": [ 9, 13.125, 9.125, 13 ], "rotation":180, "texture": "#main" }
            }
        }, 
        {
            "from": [ 7.82, 8.12, 7.745 ], 
            "to":   [ 8.18, 8.28, 8.105 ], 
            "rotation": { "angle": 45, "axis": "x", "origin": [8, 8, 7.925] }, 
            "faces": {
                "north": { "uv": [ 8, 14.0625, 8.125, 14 ], "texture": "#main" }, 
                "east":  { "uv": [ 10, 12.0625, 10.125, 12 ], "texture": "#main" }, 
                "south": { "uv": [ 8.5, 14.0625, 8.625, 14 ], "texture": "#main" }, 
                "west":  { "uv": [ 10, 12.5625, 10.125, 12.5 ], "texture": "#main" }, 
                "up":    { "uv": [ 8.5, 13.5, 8.625, 13.625 ], "rotation":180, "texture": "#main" }, 
                "down":  { "uv": [ 9.5, 12.125, 9.625, 12 ], "rotation":180, "texture": "#main" }
            }
        }, 
        {
            "from": [ 7.79, 8.24, 7.715 ], 
            "to":   [ 8.21, 8.31, 8.135 ], 
            "rotation": { "angle": 45, "axis": "x", "origin": [8, 8, 7.925] }, 
            "faces": {
                "north": { "uv": [ 9, 14.0625, 9.125, 14 ], "texture": "#main" }, 
                "east":  { "uv": [ 10, 13.0625, 10.125, 13 ], "texture": "#main" }, 
                "south": { "uv": [ 9.5, 14.0625, 9.625, 14 ], "texture": "#main" }, 
                "west":  { "uv": [ 10, 13.5625, 10.125, 13.5 ], "texture": "#main" }, 
                "up":    { "uv": [ 9, 13.5, 9.125, 13.625 ], "rotation":180, "texture": "#main" }, 
                "down":  { "uv": [ 9.5, 12.625, 9.625, 12.5 ], "rotation":180, "texture": "#main" }
            }
        }, 
        {
            "from": [ 7.8, 7.8, 7.475 ], 
            "to":   [ 8.2, 8.2, 8.125 ], 
            "rotation": { "angle": -22.5, "axis": "x", "origin": [8, 8, 7.925] }, 
            "faces": {
                "north": { "uv": [ 13, 13.125, 13.125, 13 ], "texture": "#main" }, 
                "east":  { "uv": [ 13, 12.1875, 13.125, 12 ], "rotation":270, "texture": "#main" }, 
                "south": { "uv": [ 12, 13.5, 12.125, 13.625 ], "rotation":180, "texture": "#main" }, 
                "west":  { "uv": [ 13, 12.6875, 13.125, 12.5 ], "rotation":90, "texture": "#main" }, 
                "up":    { "uv": [ 12, 13.1875, 12.125, 13 ], "rotation":180, "texture": "#main" }, 
                "down":  { "uv": [ 12.5, 13.1875, 12.625, 13 ], "texture": "#main" }
            }
        }, 
        {
            "from": [ 7.82, 7.82, 8.045 ], 
            "to":   [ 8.18, 8.18, 8.205 ], 
            "rotation": { "angle": -22.5, "axis": "x", "origin": [8, 8, 7.925] }, 
            "faces": {
                "north": { "uv": [ 13.5, 12.125, 13.625, 12 ], "texture": "#main" }, 
                "east":  { "uv": [ 14, 12.0625, 14.125, 12 ], "rotation":270, "texture": "#main" }, 
                "south": { "uv": [ 12.5, 13.5, 12.625, 13.625 ], "rotation":180, "texture": "#main" }, 
                "west":  { "uv": [ 14, 12.5625, 14.125, 12.5 ], "rotation":90, "texture": "#main" }, 
                "up":    { "uv": [ 12, 14.0625, 12.125, 14 ], "rotation":180, "texture": "#main" }, 
                "down":  { "uv": [ 12.5, 14.0625, 12.625, 14 ], "texture": "#main" }
            }
        }, 
        {
            "from": [ 7.79, 7.79, 8.165 ], 
            "to":   [ 8.21, 8.21, 8.235 ], 
            "rotation": { "angle": -22.5, "axis": "x", "origin": [8, 8, 7.925] }, 
            "faces": {
                "north": { "uv": [ 13.5, 12.625, 13.625, 12.5 ], "texture": "#main" }, 
                "east":  { "uv": [ 14, 13.0625, 14.125, 13 ], "rotation":270, "texture": "#main" }, 
                "south": { "uv": [ 13, 13.5, 13.125, 13.625 ], "rotation":180, "texture": "#main" }, 
                "west":  { "uv": [ 14, 13.5625, 14.125, 13.5 ], "rotation":90, "texture": "#main" }, 
                "up":    { "uv": [ 13, 14.0625, 13.125, 14 ], "rotation":180, "texture": "#main" }, 
                "down":  { "uv": [ 13.5, 14.0625, 13.625, 14 ], "texture": "#main" }
            }
        }
    ], 
    "display": {
        "thirdperson_righthand": {
            "translation": [ -0.5, 2.25, -1.5 ], 
            "scale": [ 0, 0, 0 ]
        }, 
        "thirdperson_lefthand": {
            "scale": [ 0, 0, 0 ]
        }, 
        "firstperson_righthand": {
            "rotation": [ 15.61, -16.1, 39.05 ], 
            "translation": [ -10.1, 21.5, 3.45 ], 
            "scale": [ 0, 0, 0 ]
        }, 
        "firstperson_lefthand": {
            "rotation": [ -3, -0.5, 1 ], 
            "translation": [ -3, 16, -8.5 ], 
            "scale": [ 0, 0, 0 ]
        }, 
        "ground": {
            "translation": [ 0, -0.75, 0 ], 
            "scale": [ 1.5, 1.5, 1.5 ]
        }, 
        "gui": {
            "rotation": [ 0, -95.5, 0 ], 
            "translation": [ 4.5, 2.5, 0 ], 
            "scale": [ 0, 0, 0 ]
        }, 
        "head": {
            "translation": [ 0, -29, 0 ], 
            "scale": [ 1.6, 1.6, 1.6 ]
        }, 
        "fixed": {
            "rotation": [ 0, -90, 0 ], 
            "translation": [ 4.75, 4, -1.25 ], 
            "scale": [ 0, 0, 0 ]
        }
    }, 
    "groups": [
        {
            "name": ".45 ACP", 
            "origin": [
                8.325, 
                15.6, 
                10.92969
            ], 
            "color": 0, 
            "children": [
                0, 
                1, 
                2
            ]
        }
    ], 
    "__comment": "Model animated using Fizzy's model animator - http://fizzy81.github.io/animated-models/"
}