{
    "credit": "Made with Blockbench", 
    "textures": {
        "main": "fw:casings/939"
    }, 
    "elements": [
        {
            "from": [ 7.8, 7.8, 7.45 ], 
            "to":   [ 8.2, 8.2, 8.825 ], 
            "rotation": { "angle": 0, "axis": "x", "origin": [8, 8, 8.2] }, 
            "faces": {
                "north": { "uv": [ 1.625, 1.125, 1.5, 1 ], "rotation":180, "texture": "#main" }, 
                "east":  { "uv": [ 0.5, 0, 0.625, 0.3125 ], "rotation":90, "texture": "#main" }, 
                "south": { "uv": [ 1.625, 1.5, 1.5, 1.625 ], "texture": "#main" }, 
                "west":  { "uv": [ 0.5, 0.75, 0.625, 1.0625 ], "rotation":270, "texture": "#main" }, 
                "up":    { "uv": [ 0, 0.75, 0.125, 1.0625 ], "texture": "#main" }, 
                "down":  { "uv": [ 0, 0, 0.125, 0.3125 ], "rotation":180, "texture": "#main" }
            }
        }, 
        {
            "from": [ 7.85, 7.85, 7.2 ], 
            "to":   [ 8.15, 8.15, 7.75 ], 
            "rotation": { "angle": 0, "axis": "x", "origin": [8, 8, 8.2] }, 
            "faces": {
                "north": { "uv": [ 0.125, 2.125, 0, 2 ], "rotation":180, "texture": "#main" }, 
                "east":  { "uv": [ 0.5, 1.5, 0.625, 1.6875 ], "rotation":90, "texture": "#main" }, 
                "south": { "uv": [ 2.125, 0, 2, 0.125 ], "texture": "#main" }, 
                "west":  { "uv": [ 1, 1.5, 1.125, 1.6875 ], "rotation":270, "texture": "#main" }, 
                "up":    { "uv": [ 1.5, 0.5, 1.625, 0.6875 ], "texture": "#main" }, 
                "down":  { "uv": [ 1.5, 0, 1.625, 0.1875 ], "rotation":180, "texture": "#main" }
            }
        }, 
        {
            "from": [ 7.82, 7.82, 8.77 ], 
            "to":   [ 8.18, 8.18, 8.93 ], 
            "rotation": { "angle": 0, "axis": "x", "origin": [8, 8, 8.2] }, 
            "faces": {
                "north": { "uv": [ 0.625, 2.125, 0.5, 2 ], "rotation":180, "texture": "#main" }, 
                "east":  { "uv": [ 0, 2.5, 0.125, 2.5625 ], "rotation":90, "texture": "#main" }, 
                "south": { "uv": [ 2.125, 0.5, 2, 0.625 ], "texture": "#main" }, 
                "west":  { "uv": [ 0.5, 2.5, 0.625, 2.5625 ], "rotation":270, "texture": "#main" }, 
                "up":    { "uv": [ 2.5, 0, 2.625, 0.0625 ], "texture": "#main" }, 
                "down":  { "uv": [ 2, 2, 2.125, 2.0625 ], "rotation":180, "texture": "#main" }
            }
        }, 
        {
            "from": [ 7.79, 7.79, 8.89 ], 
            "to":   [ 8.21, 8.21, 8.96 ], 
            "rotation": { "angle": 0, "axis": "x", "origin": [8, 8, 8.2] }, 
            "faces": {
                "north": { "uv": [ 1.125, 2.125, 1, 2 ], "rotation":180, "texture": "#main" }, 
                "east":  { "uv": [ 1, 2.5, 1.125, 2.5625 ], "rotation":90, "texture": "#main" }, 
                "south": { "uv": [ 2.125, 1, 2, 1.125 ], "texture": "#main" }, 
                "west":  { "uv": [ 1.5, 2.5, 1.625, 2.5625 ], "rotation":270, "texture": "#main" }, 
                "up":    { "uv": [ 2.5, 1, 2.625, 1.0625 ], "texture": "#main" }, 
                "down":  { "uv": [ 2.5, 0.5, 2.625, 0.5625 ], "rotation":180, "texture": "#main" }
            }
        }, 
        {
            "from": [ 7.8, 7.8, 7.45 ], 
            "to":   [ 8.2, 8.2, 8.825 ], 
            "rotation": { "angle": 22.5, "axis": "x", "origin": [8, 8, 8.2] }, 
            "faces": {
                "north": { "uv": [ 5.625, 1.125, 5.5, 1 ], "rotation":180, "texture": "#main" }, 
                "east":  { "uv": [ 4.5, 0, 4.625, 0.3125 ], "rotation":90, "texture": "#main" }, 
                "south": { "uv": [ 5.625, 1.5, 5.5, 1.625 ], "texture": "#main" }, 
                "west":  { "uv": [ 4.5, 0.75, 4.625, 1.0625 ], "rotation":270, "texture": "#main" }, 
                "up":    { "uv": [ 4, 0.75, 4.125, 1.0625 ], "texture": "#main" }, 
                "down":  { "uv": [ 4, 0, 4.125, 0.3125 ], "rotation":180, "texture": "#main" }
            }
        }, 
        {
            "from": [ 7.85, 7.85, 7.2 ], 
            "to":   [ 8.15, 8.15, 7.75 ], 
            "rotation": { "angle": 22.5, "axis": "x", "origin": [8, 8, 8.2] }, 
            "faces": {
                "north": { "uv": [ 4.125, 2.125, 4, 2 ], "rotation":180, "texture": "#main" }, 
                "east":  { "uv": [ 4.5, 1.5, 4.625, 1.6875 ], "rotation":90, "texture": "#main" }, 
                "south": { "uv": [ 6.125, 0, 6, 0.125 ], "texture": "#main" }, 
                "west":  { "uv": [ 5, 1.5, 5.125, 1.6875 ], "rotation":270, "texture": "#main" }, 
                "up":    { "uv": [ 5.5, 0.5, 5.625, 0.6875 ], "texture": "#main" }, 
                "down":  { "uv": [ 5.5, 0, 5.625, 0.1875 ], "rotation":180, "texture": "#main" }
            }
        }, 
        {
            "from": [ 7.82, 7.82, 8.77 ], 
            "to":   [ 8.18, 8.18, 8.93 ], 
            "rotation": { "angle": 22.5, "axis": "x", "origin": [8, 8, 8.2] }, 
            "faces": {
                "north": { "uv": [ 4.625, 2.125, 4.5, 2 ], "rotation":180, "texture": "#main" }, 
                "east":  { "uv": [ 4, 2.5, 4.125, 2.5625 ], "rotation":90, "texture": "#main" }, 
                "south": { "uv": [ 6.125, 0.5, 6, 0.625 ], "texture": "#main" }, 
                "west":  { "uv": [ 4.5, 2.5, 4.625, 2.5625 ], "rotation":270, "texture": "#main" }, 
                "up":    { "uv": [ 6.5, 0, 6.625, 0.0625 ], "texture": "#main" }, 
                "down":  { "uv": [ 6, 2, 6.125, 2.0625 ], "rotation":180, "texture": "#main" }
            }
        }, 
        {
            "from": [ 7.79, 7.79, 8.89 ], 
            "to":   [ 8.21, 8.21, 8.96 ], 
            "rotation": { "angle": 22.5, "axis": "x", "origin": [8, 8, 8.2] }, 
            "faces": {
                "north": { "uv": [ 5.125, 2.125, 5, 2 ], "rotation":180, "texture": "#main" }, 
                "east":  { "uv": [ 5, 2.5, 5.125, 2.5625 ], "rotation":90, "texture": "#main" }, 
                "south": { "uv": [ 6.125, 1, 6, 1.125 ], "texture": "#main" }, 
                "west":  { "uv": [ 5.5, 2.5, 5.625, 2.5625 ], "rotation":270, "texture": "#main" }, 
                "up":    { "uv": [ 6.5, 1, 6.625, 1.0625 ], "texture": "#main" }, 
                "down":  { "uv": [ 6.5, 0.5, 6.625, 0.5625 ], "rotation":180, "texture": "#main" }
            }
        }, 
        {
            "from": [ 7.8, 7.8, 7.45 ], 
            "to":   [ 8.2, 8.2, 8.825 ], 
            "rotation": { "angle": 45, "axis": "x", "origin": [8, 8, 8.2] }, 
            "faces": {
                "north": { "uv": [ 9.625, 1.125, 9.5, 1 ], "rotation":180, "texture": "#main" }, 
                "east":  { "uv": [ 8.5, 0, 8.625, 0.3125 ], "rotation":90, "texture": "#main" }, 
                "south": { "uv": [ 9.625, 1.5, 9.5, 1.625 ], "texture": "#main" }, 
                "west":  { "uv": [ 8.5, 0.75, 8.625, 1.0625 ], "rotation":270, "texture": "#main" }, 
                "up":    { "uv": [ 8, 0.75, 8.125, 1.0625 ], "texture": "#main" }, 
                "down":  { "uv": [ 8, 0, 8.125, 0.3125 ], "rotation":180, "texture": "#main" }
            }
        }, 
        {
            "from": [ 7.85, 7.85, 7.2 ], 
            "to":   [ 8.15, 8.15, 7.75 ], 
            "rotation": { "angle": 45, "axis": "x", "origin": [8, 8, 8.2] }, 
            "faces": {
                "north": { "uv": [ 8.125, 2.125, 8, 2 ], "rotation":180, "texture": "#main" }, 
                "east":  { "uv": [ 8.5, 1.5, 8.625, 1.6875 ], "rotation":90, "texture": "#main" }, 
                "south": { "uv": [ 10.125, 0, 10, 0.125 ], "texture": "#main" }, 
                "west":  { "uv": [ 9, 1.5, 9.125, 1.6875 ], "rotation":270, "texture": "#main" }, 
                "up":    { "uv": [ 9.5, 0.5, 9.625, 0.6875 ], "texture": "#main" }, 
                "down":  { "uv": [ 9.5, 0, 9.625, 0.1875 ], "rotation":180, "texture": "#main" }
            }
        }, 
        {
            "from": [ 7.82, 7.82, 8.77 ], 
            "to":   [ 8.18, 8.18, 8.93 ], 
            "rotation": { "angle": 45, "axis": "x", "origin": [8, 8, 8.2] }, 
            "faces": {
                "north": { "uv": [ 8.625, 2.125, 8.5, 2 ], "rotation":180, "texture": "#main" }, 
                "east":  { "uv": [ 8, 2.5, 8.125, 2.5625 ], "rotation":90, "texture": "#main" }, 
                "south": { "uv": [ 10.125, 0.5, 10, 0.625 ], "texture": "#main" }, 
                "west":  { "uv": [ 8.5, 2.5, 8.625, 2.5625 ], "rotation":270, "texture": "#main" }, 
                "up":    { "uv": [ 10.5, 0, 10.625, 0.0625 ], "texture": "#main" }, 
                "down":  { "uv": [ 10, 2, 10.125, 2.0625 ], "rotation":180, "texture": "#main" }
            }
        }, 
        {
            "from": [ 7.79, 7.79, 8.89 ], 
            "to":   [ 8.21, 8.21, 8.96 ], 
            "rotation": { "angle": 45, "axis": "x", "origin": [8, 8, 8.2] }, 
            "faces": {
                "north": { "uv": [ 9.125, 2.125, 9, 2 ], "rotation":180, "texture": "#main" }, 
                "east":  { "uv": [ 9, 2.5, 9.125, 2.5625 ], "rotation":90, "texture": "#main" }, 
                "south": { "uv": [ 10.125, 1, 10, 1.125 ], "texture": "#main" }, 
                "west":  { "uv": [ 9.5, 2.5, 9.625, 2.5625 ], "rotation":270, "texture": "#main" }, 
                "up":    { "uv": [ 10.5, 1, 10.625, 1.0625 ], "texture": "#main" }, 
                "down":  { "uv": [ 10.5, 0.5, 10.625, 0.5625 ], "rotation":180, "texture": "#main" }
            }
        }, 
        {
            "from": [ 7.8, 7.375, 8 ], 
            "to":   [ 8.2, 8.75, 8.4 ], 
            "rotation": { "angle": -22.5, "axis": "x", "origin": [8, 8, 8.2] }, 
            "faces": {
                "north": { "uv": [ 12, 0, 12.125, 0.3125 ], "texture": "#main" }, 
                "east":  { "uv": [ 12.5, 0, 12.625, 0.3125 ], "texture": "#main" }, 
                "south": { "uv": [ 12, 0.75, 12.125, 1.0625 ], "texture": "#main" }, 
                "west":  { "uv": [ 12.5, 0.75, 12.625, 1.0625 ], "texture": "#main" }, 
                "up":    { "uv": [ 13.625, 1.125, 13.5, 1 ], "texture": "#main" }, 
                "down":  { "uv": [ 13.625, 1.5, 13.5, 1.625 ], "texture": "#main" }
            }
        }, 
        {
            "from": [ 7.85, 8.45, 8.05 ], 
            "to":   [ 8.15, 9, 8.35 ], 
            "rotation": { "angle": -22.5, "axis": "x", "origin": [8, 8, 8.2] }, 
            "faces": {
                "north": { "uv": [ 13.5, 0, 13.625, 0.1875 ], "texture": "#main" }, 
                "east":  { "uv": [ 12.5, 1.5, 12.625, 1.6875 ], "texture": "#main" }, 
                "south": { "uv": [ 13.5, 0.5, 13.625, 0.6875 ], "texture": "#main" }, 
                "west":  { "uv": [ 13, 1.5, 13.125, 1.6875 ], "texture": "#main" }, 
                "up":    { "uv": [ 12.125, 2.125, 12, 2 ], "texture": "#main" }, 
                "down":  { "uv": [ 14.125, 0, 14, 0.125 ], "texture": "#main" }
            }
        }, 
        {
            "from": [ 7.82, 7.27, 8.02 ], 
            "to":   [ 8.18, 7.43, 8.38 ], 
            "rotation": { "angle": -22.5, "axis": "x", "origin": [8, 8, 8.2] }, 
            "faces": {
                "north": { "uv": [ 14, 2, 14.125, 2.0625 ], "texture": "#main" }, 
                "east":  { "uv": [ 12, 2.5, 12.125, 2.5625 ], "texture": "#main" }, 
                "south": { "uv": [ 14.5, 0, 14.625, 0.0625 ], "texture": "#main" }, 
                "west":  { "uv": [ 12.5, 2.5, 12.625, 2.5625 ], "texture": "#main" }, 
                "up":    { "uv": [ 12.625, 2.125, 12.5, 2 ], "texture": "#main" }, 
                "down":  { "uv": [ 14.125, 0.5, 14, 0.625 ], "texture": "#main" }
            }
        }, 
        {
            "from": [ 7.79, 7.24, 7.99 ], 
            "to":   [ 8.21, 7.31, 8.41 ], 
            "rotation": { "angle": -22.5, "axis": "x", "origin": [8, 8, 8.2] }, 
            "faces": {
                "north": { "uv": [ 14.5, 0.5, 14.625, 0.5625 ], "texture": "#main" }, 
                "east":  { "uv": [ 13, 2.5, 13.125, 2.5625 ], "texture": "#main" }, 
                "south": { "uv": [ 14.5, 1, 14.625, 1.0625 ], "texture": "#main" }, 
                "west":  { "uv": [ 13.5, 2.5, 13.625, 2.5625 ], "texture": "#main" }, 
                "up":    { "uv": [ 13.125, 2.125, 13, 2 ], "texture": "#main" }, 
                "down":  { "uv": [ 14.125, 1, 14, 1.125 ], "texture": "#main" }
            }
        }, 
        {
            "from": [ 7.8, 7.375, 8 ], 
            "to":   [ 8.2, 8.75, 8.4 ], 
            "rotation": { "angle": 0, "axis": "x", "origin": [8, 8, 8.2] }, 
            "faces": {
                "north": { "uv": [ 0, 4, 0.125, 4.3125 ], "texture": "#main" }, 
                "east":  { "uv": [ 0.5, 4, 0.625, 4.3125 ], "texture": "#main" }, 
                "south": { "uv": [ 0, 4.75, 0.125, 5.0625 ], "texture": "#main" }, 
                "west":  { "uv": [ 0.5, 4.75, 0.625, 5.0625 ], "texture": "#main" }, 
                "up":    { "uv": [ 1.625, 5.125, 1.5, 5 ], "texture": "#main" }, 
                "down":  { "uv": [ 1.625, 5.5, 1.5, 5.625 ], "texture": "#main" }
            }
        }, 
        {
            "from": [ 7.85, 8.45, 8.05 ], 
            "to":   [ 8.15, 9, 8.35 ], 
            "rotation": { "angle": 0, "axis": "x", "origin": [8, 8, 8.2] }, 
            "faces": {
                "north": { "uv": [ 1.5, 4, 1.625, 4.1875 ], "texture": "#main" }, 
                "east":  { "uv": [ 0.5, 5.5, 0.625, 5.6875 ], "texture": "#main" }, 
                "south": { "uv": [ 1.5, 4.5, 1.625, 4.6875 ], "texture": "#main" }, 
                "west":  { "uv": [ 1, 5.5, 1.125, 5.6875 ], "texture": "#main" }, 
                "up":    { "uv": [ 0.125, 6.125, 0, 6 ], "texture": "#main" }, 
                "down":  { "uv": [ 2.125, 4, 2, 4.125 ], "texture": "#main" }
            }
        }, 
        {
            "from": [ 7.82, 7.27, 8.02 ], 
            "to":   [ 8.18, 7.43, 8.38 ], 
            "rotation": { "angle": 0, "axis": "x", "origin": [8, 8, 8.2] }, 
            "faces": {
                "north": { "uv": [ 2, 6, 2.125, 6.0625 ], "texture": "#main" }, 
                "east":  { "uv": [ 0, 6.5, 0.125, 6.5625 ], "texture": "#main" }, 
                "south": { "uv": [ 2.5, 4, 2.625, 4.0625 ], "texture": "#main" }, 
                "west":  { "uv": [ 0.5, 6.5, 0.625, 6.5625 ], "texture": "#main" }, 
                "up":    { "uv": [ 0.625, 6.125, 0.5, 6 ], "texture": "#main" }, 
                "down":  { "uv": [ 2.125, 4.5, 2, 4.625 ], "texture": "#main" }
            }
        }, 
        {
            "from": [ 7.79, 7.24, 7.99 ], 
            "to":   [ 8.21, 7.31, 8.41 ], 
            "rotation": { "angle": 0, "axis": "x", "origin": [8, 8, 8.2] }, 
            "faces": {
                "north": { "uv": [ 2.5, 4.5, 2.625, 4.5625 ], "texture": "#main" }, 
                "east":  { "uv": [ 1, 6.5, 1.125, 6.5625 ], "texture": "#main" }, 
                "south": { "uv": [ 2.5, 5, 2.625, 5.0625 ], "texture": "#main" }, 
                "west":  { "uv": [ 1.5, 6.5, 1.625, 6.5625 ], "texture": "#main" }, 
                "up":    { "uv": [ 1.125, 6.125, 1, 6 ], "texture": "#main" }, 
                "down":  { "uv": [ 2.125, 5, 2, 5.125 ], "texture": "#main" }
            }
        }, 
        {
            "from": [ 7.8, 7.375, 8 ], 
            "to":   [ 8.2, 8.75, 8.4 ], 
            "rotation": { "angle": 22.5, "axis": "x", "origin": [8, 8, 8.2] }, 
            "faces": {
                "north": { "uv": [ 4, 4, 4.125, 4.3125 ], "texture": "#main" }, 
                "east":  { "uv": [ 4.5, 4, 4.625, 4.3125 ], "texture": "#main" }, 
                "south": { "uv": [ 4, 4.75, 4.125, 5.0625 ], "texture": "#main" }, 
                "west":  { "uv": [ 4.5, 4.75, 4.625, 5.0625 ], "texture": "#main" }, 
                "up":    { "uv": [ 5.625, 5.125, 5.5, 5 ], "texture": "#main" }, 
                "down":  { "uv": [ 5.625, 5.5, 5.5, 5.625 ], "texture": "#main" }
            }
        }, 
        {
            "from": [ 7.85, 8.45, 8.05 ], 
            "to":   [ 8.15, 9, 8.35 ], 
            "rotation": { "angle": 22.5, "axis": "x", "origin": [8, 8, 8.2] }, 
            "faces": {
                "north": { "uv": [ 5.5, 4, 5.625, 4.1875 ], "texture": "#main" }, 
                "east":  { "uv": [ 4.5, 5.5, 4.625, 5.6875 ], "texture": "#main" }, 
                "south": { "uv": [ 5.5, 4.5, 5.625, 4.6875 ], "texture": "#main" }, 
                "west":  { "uv": [ 5, 5.5, 5.125, 5.6875 ], "texture": "#main" }, 
                "up":    { "uv": [ 4.125, 6.125, 4, 6 ], "texture": "#main" }, 
                "down":  { "uv": [ 6.125, 4, 6, 4.125 ], "texture": "#main" }
            }
        }, 
        {
            "from": [ 7.82, 7.27, 8.02 ], 
            "to":   [ 8.18, 7.43, 8.38 ], 
            "rotation": { "angle": 22.5, "axis": "x", "origin": [8, 8, 8.2] }, 
            "faces": {
                "north": { "uv": [ 6, 6, 6.125, 6.0625 ], "texture": "#main" }, 
                "east":  { "uv": [ 4, 6.5, 4.125, 6.5625 ], "texture": "#main" }, 
                "south": { "uv": [ 6.5, 4, 6.625, 4.0625 ], "texture": "#main" }, 
                "west":  { "uv": [ 4.5, 6.5, 4.625, 6.5625 ], "texture": "#main" }, 
                "up":    { "uv": [ 4.625, 6.125, 4.5, 6 ], "texture": "#main" }, 
                "down":  { "uv": [ 6.125, 4.5, 6, 4.625 ], "texture": "#main" }
            }
        }, 
        {
            "from": [ 7.79, 7.24, 7.99 ], 
            "to":   [ 8.21, 7.31, 8.41 ], 
            "rotation": { "angle": 22.5, "axis": "x", "origin": [8, 8, 8.2] }, 
            "faces": {
                "north": { "uv": [ 6.5, 4.5, 6.625, 4.5625 ], "texture": "#main" }, 
                "east":  { "uv": [ 5, 6.5, 5.125, 6.5625 ], "texture": "#main" }, 
                "south": { "uv": [ 6.5, 5, 6.625, 5.0625 ], "texture": "#main" }, 
                "west":  { "uv": [ 5.5, 6.5, 5.625, 6.5625 ], "texture": "#main" }, 
                "up":    { "uv": [ 5.125, 6.125, 5, 6 ], "texture": "#main" }, 
                "down":  { "uv": [ 6.125, 5, 6, 5.125 ], "texture": "#main" }
            }
        }, 
        {
            "from": [ 7.8, 7.375, 8 ], 
            "to":   [ 8.2, 8.75, 8.4 ], 
            "rotation": { "angle": 45, "axis": "x", "origin": [8, 8, 8.2] }, 
            "faces": {
                "north": { "uv": [ 8, 4, 8.125, 4.3125 ], "texture": "#main" }, 
                "east":  { "uv": [ 8.5, 4, 8.625, 4.3125 ], "texture": "#main" }, 
                "south": { "uv": [ 8, 4.75, 8.125, 5.0625 ], "texture": "#main" }, 
                "west":  { "uv": [ 8.5, 4.75, 8.625, 5.0625 ], "texture": "#main" }, 
                "up":    { "uv": [ 9.625, 5.125, 9.5, 5 ], "texture": "#main" }, 
                "down":  { "uv": [ 9.625, 5.5, 9.5, 5.625 ], "texture": "#main" }
            }
        }, 
        {
            "from": [ 7.85, 8.45, 8.05 ], 
            "to":   [ 8.15, 9, 8.35 ], 
            "rotation": { "angle": 45, "axis": "x", "origin": [8, 8, 8.2] }, 
            "faces": {
                "north": { "uv": [ 9.5, 4, 9.625, 4.1875 ], "texture": "#main" }, 
                "east":  { "uv": [ 8.5, 5.5, 8.625, 5.6875 ], "texture": "#main" }, 
                "south": { "uv": [ 9.5, 4.5, 9.625, 4.6875 ], "texture": "#main" }, 
                "west":  { "uv": [ 9, 5.5, 9.125, 5.6875 ], "texture": "#main" }, 
                "up":    { "uv": [ 8.125, 6.125, 8, 6 ], "texture": "#main" }, 
                "down":  { "uv": [ 10.125, 4, 10, 4.125 ], "texture": "#main" }
            }
        }, 
        {
            "from": [ 7.82, 7.27, 8.02 ], 
            "to":   [ 8.18, 7.43, 8.38 ], 
            "rotation": { "angle": 45, "axis": "x", "origin": [8, 8, 8.2] }, 
            "faces": {
                "north": { "uv": [ 10, 6, 10.125, 6.0625 ], "texture": "#main" }, 
                "east":  { "uv": [ 8, 6.5, 8.125, 6.5625 ], "texture": "#main" }, 
                "south": { "uv": [ 10.5, 4, 10.625, 4.0625 ], "texture": "#main" }, 
                "west":  { "uv": [ 8.5, 6.5, 8.625, 6.5625 ], "texture": "#main" }, 
                "up":    { "uv": [ 8.625, 6.125, 8.5, 6 ], "texture": "#main" }, 
                "down":  { "uv": [ 10.125, 4.5, 10, 4.625 ], "texture": "#main" }
            }
        }, 
        {
            "from": [ 7.79, 7.24, 7.99 ], 
            "to":   [ 8.21, 7.31, 8.41 ], 
            "rotation": { "angle": 45, "axis": "x", "origin": [8, 8, 8.2] }, 
            "faces": {
                "north": { "uv": [ 10.5, 4.5, 10.625, 4.5625 ], "texture": "#main" }, 
                "east":  { "uv": [ 9, 6.5, 9.125, 6.5625 ], "texture": "#main" }, 
                "south": { "uv": [ 10.5, 5, 10.625, 5.0625 ], "texture": "#main" }, 
                "west":  { "uv": [ 9.5, 6.5, 9.625, 6.5625 ], "texture": "#main" }, 
                "up":    { "uv": [ 9.125, 6.125, 9, 6 ], "texture": "#main" }, 
                "down":  { "uv": [ 10.125, 5, 10, 5.125 ], "texture": "#main" }
            }
        }, 
        {
            "from": [ 7.8, 7.8, 7.575 ], 
            "to":   [ 8.2, 8.2, 8.95 ], 
            "rotation": { "angle": -22.5, "axis": "x", "origin": [8, 8, 8.2] }, 
            "faces": {
                "north": { "uv": [ 13.625, 5.5, 13.5, 5.625 ], "rotation":180, "texture": "#main" }, 
                "east":  { "uv": [ 12.5, 4, 12.625, 4.3125 ], "rotation":270, "texture": "#main" }, 
                "south": { "uv": [ 13.625, 5.125, 13.5, 5 ], "texture": "#main" }, 
                "west":  { "uv": [ 12.5, 4.75, 12.625, 5.0625 ], "rotation":90, "texture": "#main" }, 
                "up":    { "uv": [ 12, 4, 12.125, 4.3125 ], "rotation":180, "texture": "#main" }, 
                "down":  { "uv": [ 12, 4.75, 12.125, 5.0625 ], "texture": "#main" }
            }
        }, 
        {
            "from": [ 7.85, 7.85, 8.65 ], 
            "to":   [ 8.15, 8.15, 9.2 ], 
            "rotation": { "angle": -22.5, "axis": "x", "origin": [8, 8, 8.2] }, 
            "faces": {
                "north": { "uv": [ 14.125, 4, 14, 4.125 ], "rotation":180, "texture": "#main" }, 
                "east":  { "uv": [ 12.5, 5.5, 12.625, 5.6875 ], "rotation":270, "texture": "#main" }, 
                "south": { "uv": [ 12.125, 6.125, 12, 6 ], "texture": "#main" }, 
                "west":  { "uv": [ 13, 5.5, 13.125, 5.6875 ], "rotation":90, "texture": "#main" }, 
                "up":    { "uv": [ 13.5, 4, 13.625, 4.1875 ], "rotation":180, "texture": "#main" }, 
                "down":  { "uv": [ 13.5, 4.5, 13.625, 4.6875 ], "texture": "#main" }
            }
        }, 
        {
            "from": [ 7.82, 7.82, 7.47 ], 
            "to":   [ 8.18, 8.18, 7.63 ], 
            "rotation": { "angle": -22.5, "axis": "x", "origin": [8, 8, 8.2] }, 
            "faces": {
                "north": { "uv": [ 14.125, 4.5, 14, 4.625 ], "rotation":180, "texture": "#main" }, 
                "east":  { "uv": [ 12, 6.5, 12.125, 6.5625 ], "rotation":270, "texture": "#main" }, 
                "south": { "uv": [ 12.625, 6.125, 12.5, 6 ], "texture": "#main" }, 
                "west":  { "uv": [ 12.5, 6.5, 12.625, 6.5625 ], "rotation":90, "texture": "#main" }, 
                "up":    { "uv": [ 14, 6, 14.125, 6.0625 ], "rotation":180, "texture": "#main" }, 
                "down":  { "uv": [ 14.5, 4, 14.625, 4.0625 ], "texture": "#main" }
            }
        }, 
        {
            "from": [ 7.79, 7.79, 7.44 ], 
            "to":   [ 8.21, 8.21, 7.51 ], 
            "rotation": { "angle": -22.5, "axis": "x", "origin": [8, 8, 8.2] }, 
            "faces": {
                "north": { "uv": [ 14.125, 5, 14, 5.125 ], "rotation":180, "texture": "#main" }, 
                "east":  { "uv": [ 13, 6.5, 13.125, 6.5625 ], "rotation":270, "texture": "#main" }, 
                "south": { "uv": [ 13.125, 6.125, 13, 6 ], "texture": "#main" }, 
                "west":  { "uv": [ 13.5, 6.5, 13.625, 6.5625 ], "rotation":90, "texture": "#main" }, 
                "up":    { "uv": [ 14.5, 4.5, 14.625, 4.5625 ], "rotation":180, "texture": "#main" }, 
                "down":  { "uv": [ 14.5, 5, 14.625, 5.0625 ], "texture": "#main" }
            }
        }, 
        {
            "from": [ 7.8, 7.8, 7.575 ], 
            "to":   [ 8.2, 8.2, 8.95 ], 
            "rotation": { "angle": 0, "axis": "x", "origin": [8, 8, 8.2] }, 
            "faces": {
                "north": { "uv": [ 1.625, 9.5, 1.5, 9.625 ], "rotation":180, "texture": "#main" }, 
                "east":  { "uv": [ 0.5, 8, 0.625, 8.3125 ], "rotation":270, "texture": "#main" }, 
                "south": { "uv": [ 1.625, 9.125, 1.5, 9 ], "texture": "#main" }, 
                "west":  { "uv": [ 0.5, 8.75, 0.625, 9.0625 ], "rotation":90, "texture": "#main" }, 
                "up":    { "uv": [ 0, 8, 0.125, 8.3125 ], "rotation":180, "texture": "#main" }, 
                "down":  { "uv": [ 0, 8.75, 0.125, 9.0625 ], "texture": "#main" }
            }
        }, 
        {
            "from": [ 7.85, 7.85, 8.65 ], 
            "to":   [ 8.15, 8.15, 9.2 ], 
            "rotation": { "angle": 0, "axis": "x", "origin": [8, 8, 8.2] }, 
            "faces": {
                "north": { "uv": [ 2.125, 8, 2, 8.125 ], "rotation":180, "texture": "#main" }, 
                "east":  { "uv": [ 0.5, 9.5, 0.625, 9.6875 ], "rotation":270, "texture": "#main" }, 
                "south": { "uv": [ 0.125, 10.125, 0, 10 ], "texture": "#main" }, 
                "west":  { "uv": [ 1, 9.5, 1.125, 9.6875 ], "rotation":90, "texture": "#main" }, 
                "up":    { "uv": [ 1.5, 8, 1.625, 8.1875 ], "rotation":180, "texture": "#main" }, 
                "down":  { "uv": [ 1.5, 8.5, 1.625, 8.6875 ], "texture": "#main" }
            }
        }, 
        {
            "from": [ 7.82, 7.82, 7.47 ], 
            "to":   [ 8.18, 8.18, 7.63 ], 
            "rotation": { "angle": 0, "axis": "x", "origin": [8, 8, 8.2] }, 
            "faces": {
                "north": { "uv": [ 2.125, 8.5, 2, 8.625 ], "rotation":180, "texture": "#main" }, 
                "east":  { "uv": [ 0, 10.5, 0.125, 10.5625 ], "rotation":270, "texture": "#main" }, 
                "south": { "uv": [ 0.625, 10.125, 0.5, 10 ], "texture": "#main" }, 
                "west":  { "uv": [ 0.5, 10.5, 0.625, 10.5625 ], "rotation":90, "texture": "#main" }, 
                "up":    { "uv": [ 2, 10, 2.125, 10.0625 ], "rotation":180, "texture": "#main" }, 
                "down":  { "uv": [ 2.5, 8, 2.625, 8.0625 ], "texture": "#main" }
            }
        }, 
        {
            "from": [ 7.79, 7.79, 7.44 ], 
            "to":   [ 8.21, 8.21, 7.51 ], 
            "rotation": { "angle": 0, "axis": "x", "origin": [8, 8, 8.2] }, 
            "faces": {
                "north": { "uv": [ 2.125, 9, 2, 9.125 ], "rotation":180, "texture": "#main" }, 
                "east":  { "uv": [ 1, 10.5, 1.125, 10.5625 ], "rotation":270, "texture": "#main" }, 
                "south": { "uv": [ 1.125, 10.125, 1, 10 ], "texture": "#main" }, 
                "west":  { "uv": [ 1.5, 10.5, 1.625, 10.5625 ], "rotation":90, "texture": "#main" }, 
                "up":    { "uv": [ 2.5, 8.5, 2.625, 8.5625 ], "rotation":180, "texture": "#main" }, 
                "down":  { "uv": [ 2.5, 9, 2.625, 9.0625 ], "texture": "#main" }
            }
        }, 
        {
            "from": [ 7.8, 7.8, 7.575 ], 
            "to":   [ 8.2, 8.2, 8.95 ], 
            "rotation": { "angle": 22.5, "axis": "x", "origin": [8, 8, 8.2] }, 
            "faces": {
                "north": { "uv": [ 5.625, 9.5, 5.5, 9.625 ], "rotation":180, "texture": "#main" }, 
                "east":  { "uv": [ 4.5, 8, 4.625, 8.3125 ], "rotation":270, "texture": "#main" }, 
                "south": { "uv": [ 5.625, 9.125, 5.5, 9 ], "texture": "#main" }, 
                "west":  { "uv": [ 4.5, 8.75, 4.625, 9.0625 ], "rotation":90, "texture": "#main" }, 
                "up":    { "uv": [ 4, 8, 4.125, 8.3125 ], "rotation":180, "texture": "#main" }, 
                "down":  { "uv": [ 4, 8.75, 4.125, 9.0625 ], "texture": "#main" }
            }
        }, 
        {
            "from": [ 7.85, 7.85, 8.65 ], 
            "to":   [ 8.15, 8.15, 9.2 ], 
            "rotation": { "angle": 22.5, "axis": "x", "origin": [8, 8, 8.2] }, 
            "faces": {
                "north": { "uv": [ 6.125, 8, 6, 8.125 ], "rotation":180, "texture": "#main" }, 
                "east":  { "uv": [ 4.5, 9.5, 4.625, 9.6875 ], "rotation":270, "texture": "#main" }, 
                "south": { "uv": [ 4.125, 10.125, 4, 10 ], "texture": "#main" }, 
                "west":  { "uv": [ 5, 9.5, 5.125, 9.6875 ], "rotation":90, "texture": "#main" }, 
                "up":    { "uv": [ 5.5, 8, 5.625, 8.1875 ], "rotation":180, "texture": "#main" }, 
                "down":  { "uv": [ 5.5, 8.5, 5.625, 8.6875 ], "texture": "#main" }
            }
        }, 
        {
            "from": [ 7.82, 7.82, 7.47 ], 
            "to":   [ 8.18, 8.18, 7.63 ], 
            "rotation": { "angle": 22.5, "axis": "x", "origin": [8, 8, 8.2] }, 
            "faces": {
                "north": { "uv": [ 6.125, 8.5, 6, 8.625 ], "rotation":180, "texture": "#main" }, 
                "east":  { "uv": [ 4, 10.5, 4.125, 10.5625 ], "rotation":270, "texture": "#main" }, 
                "south": { "uv": [ 4.625, 10.125, 4.5, 10 ], "texture": "#main" }, 
                "west":  { "uv": [ 4.5, 10.5, 4.625, 10.5625 ], "rotation":90, "texture": "#main" }, 
                "up":    { "uv": [ 6, 10, 6.125, 10.0625 ], "rotation":180, "texture": "#main" }, 
                "down":  { "uv": [ 6.5, 8, 6.625, 8.0625 ], "texture": "#main" }
            }
        }, 
        {
            "from": [ 7.79, 7.79, 7.44 ], 
            "to":   [ 8.21, 8.21, 7.51 ], 
            "rotation": { "angle": 22.5, "axis": "x", "origin": [8, 8, 8.2] }, 
            "faces": {
                "north": { "uv": [ 6.125, 9, 6, 9.125 ], "rotation":180, "texture": "#main" }, 
                "east":  { "uv": [ 5, 10.5, 5.125, 10.5625 ], "rotation":270, "texture": "#main" }, 
                "south": { "uv": [ 5.125, 10.125, 5, 10 ], "texture": "#main" }, 
                "west":  { "uv": [ 5.5, 10.5, 5.625, 10.5625 ], "rotation":90, "texture": "#main" }, 
                "up":    { "uv": [ 6.5, 8.5, 6.625, 8.5625 ], "rotation":180, "texture": "#main" }, 
                "down":  { "uv": [ 6.5, 9, 6.625, 9.0625 ], "texture": "#main" }
            }
        }, 
        {
            "from": [ 7.8, 7.8, 7.575 ], 
            "to":   [ 8.2, 8.2, 8.95 ], 
            "rotation": { "angle": 45, "axis": "x", "origin": [8, 8, 8.2] }, 
            "faces": {
                "north": { "uv": [ 9.625, 9.5, 9.5, 9.625 ], "rotation":180, "texture": "#main" }, 
                "east":  { "uv": [ 8.5, 8, 8.625, 8.3125 ], "rotation":270, "texture": "#main" }, 
                "south": { "uv": [ 9.625, 9.125, 9.5, 9 ], "texture": "#main" }, 
                "west":  { "uv": [ 8.5, 8.75, 8.625, 9.0625 ], "rotation":90, "texture": "#main" }, 
                "up":    { "uv": [ 8, 8, 8.125, 8.3125 ], "rotation":180, "texture": "#main" }, 
                "down":  { "uv": [ 8, 8.75, 8.125, 9.0625 ], "texture": "#main" }
            }
        }, 
        {
            "from": [ 7.85, 7.85, 8.65 ], 
            "to":   [ 8.15, 8.15, 9.2 ], 
            "rotation": { "angle": 45, "axis": "x", "origin": [8, 8, 8.2] }, 
            "faces": {
                "north": { "uv": [ 10.125, 8, 10, 8.125 ], "rotation":180, "texture": "#main" }, 
                "east":  { "uv": [ 8.5, 9.5, 8.625, 9.6875 ], "rotation":270, "texture": "#main" }, 
                "south": { "uv": [ 8.125, 10.125, 8, 10 ], "texture": "#main" }, 
                "west":  { "uv": [ 9, 9.5, 9.125, 9.6875 ], "rotation":90, "texture": "#main" }, 
                "up":    { "uv": [ 9.5, 8, 9.625, 8.1875 ], "rotation":180, "texture": "#main" }, 
                "down":  { "uv": [ 9.5, 8.5, 9.625, 8.6875 ], "texture": "#main" }
            }
        }, 
        {
            "from": [ 7.82, 7.82, 7.47 ], 
            "to":   [ 8.18, 8.18, 7.63 ], 
            "rotation": { "angle": 45, "axis": "x", "origin": [8, 8, 8.2] }, 
            "faces": {
                "north": { "uv": [ 10.125, 8.5, 10, 8.625 ], "rotation":180, "texture": "#main" }, 
                "east":  { "uv": [ 8, 10.5, 8.125, 10.5625 ], "rotation":270, "texture": "#main" }, 
                "south": { "uv": [ 8.625, 10.125, 8.5, 10 ], "texture": "#main" }, 
                "west":  { "uv": [ 8.5, 10.5, 8.625, 10.5625 ], "rotation":90, "texture": "#main" }, 
                "up":    { "uv": [ 10, 10, 10.125, 10.0625 ], "rotation":180, "texture": "#main" }, 
                "down":  { "uv": [ 10.5, 8, 10.625, 8.0625 ], "texture": "#main" }
            }
        }, 
        {
            "from": [ 7.79, 7.79, 7.44 ], 
            "to":   [ 8.21, 8.21, 7.51 ], 
            "rotation": { "angle": 45, "axis": "x", "origin": [8, 8, 8.2] }, 
            "faces": {
                "north": { "uv": [ 10.125, 9, 10, 9.125 ], "rotation":180, "texture": "#main" }, 
                "east":  { "uv": [ 9, 10.5, 9.125, 10.5625 ], "rotation":270, "texture": "#main" }, 
                "south": { "uv": [ 9.125, 10.125, 9, 10 ], "texture": "#main" }, 
                "west":  { "uv": [ 9.5, 10.5, 9.625, 10.5625 ], "rotation":90, "texture": "#main" }, 
                "up":    { "uv": [ 10.5, 8.5, 10.625, 8.5625 ], "rotation":180, "texture": "#main" }, 
                "down":  { "uv": [ 10.5, 9, 10.625, 9.0625 ], "texture": "#main" }
            }
        }, 
        {
            "from": [ 7.8, 7.25, 8 ], 
            "to":   [ 8.2, 8.625, 8.4 ], 
            "rotation": { "angle": -22.5, "axis": "x", "origin": [8, 8, 8.2] }, 
            "faces": {
                "north": { "uv": [ 12, 8.75, 12.125, 9.0625 ], "rotation":180, "texture": "#main" }, 
                "east":  { "uv": [ 12.5, 8, 12.625, 8.3125 ], "rotation":180, "texture": "#main" }, 
                "south": { "uv": [ 12, 8, 12.125, 8.3125 ], "rotation":180, "texture": "#main" }, 
                "west":  { "uv": [ 12.5, 8.75, 12.625, 9.0625 ], "rotation":180, "texture": "#main" }, 
                "up":    { "uv": [ 13.625, 9.5, 13.5, 9.625 ], "texture": "#main" }, 
                "down":  { "uv": [ 13.625, 9.125, 13.5, 9 ], "texture": "#main" }
            }
        }, 
        {
            "from": [ 7.85, 7, 8.05 ], 
            "to":   [ 8.15, 7.55, 8.35 ], 
            "rotation": { "angle": -22.5, "axis": "x", "origin": [8, 8, 8.2] }, 
            "faces": {
                "north": { "uv": [ 13.5, 8.5, 13.625, 8.6875 ], "rotation":180, "texture": "#main" }, 
                "east":  { "uv": [ 12.5, 9.5, 12.625, 9.6875 ], "rotation":180, "texture": "#main" }, 
                "south": { "uv": [ 13.5, 8, 13.625, 8.1875 ], "rotation":180, "texture": "#main" }, 
                "west":  { "uv": [ 13, 9.5, 13.125, 9.6875 ], "rotation":180, "texture": "#main" }, 
                "up":    { "uv": [ 14.125, 8, 14, 8.125 ], "texture": "#main" }, 
                "down":  { "uv": [ 12.125, 10.125, 12, 10 ], "texture": "#main" }
            }
        }, 
        {
            "from": [ 7.82, 8.57, 8.02 ], 
            "to":   [ 8.18, 8.73, 8.38 ], 
            "rotation": { "angle": -22.5, "axis": "x", "origin": [8, 8, 8.2] }, 
            "faces": {
                "north": { "uv": [ 14.5, 8, 14.625, 8.0625 ], "rotation":180, "texture": "#main" }, 
                "east":  { "uv": [ 12, 10.5, 12.125, 10.5625 ], "rotation":180, "texture": "#main" }, 
                "south": { "uv": [ 14, 10, 14.125, 10.0625 ], "rotation":180, "texture": "#main" }, 
                "west":  { "uv": [ 12.5, 10.5, 12.625, 10.5625 ], "rotation":180, "texture": "#main" }, 
                "up":    { "uv": [ 14.125, 8.5, 14, 8.625 ], "texture": "#main" }, 
                "down":  { "uv": [ 12.625, 10.125, 12.5, 10 ], "texture": "#main" }
            }
        }, 
        {
            "from": [ 7.79, 8.69, 7.99 ], 
            "to":   [ 8.21, 8.76, 8.41 ], 
            "rotation": { "angle": -22.5, "axis": "x", "origin": [8, 8, 8.2] }, 
            "faces": {
                "north": { "uv": [ 14.5, 9, 14.625, 9.0625 ], "rotation":180, "texture": "#main" }, 
                "east":  { "uv": [ 13, 10.5, 13.125, 10.5625 ], "rotation":180, "texture": "#main" }, 
                "south": { "uv": [ 14.5, 8.5, 14.625, 8.5625 ], "rotation":180, "texture": "#main" }, 
                "west":  { "uv": [ 13.5, 10.5, 13.625, 10.5625 ], "rotation":180, "texture": "#main" }, 
                "up":    { "uv": [ 14.125, 9, 14, 9.125 ], "texture": "#main" }, 
                "down":  { "uv": [ 13.125, 10.125, 13, 10 ], "texture": "#main" }
            }
        }, 
        {
            "from": [ 7.8, 7.25, 8 ], 
            "to":   [ 8.2, 8.625, 8.4 ], 
            "rotation": { "angle": 0, "axis": "x", "origin": [8, 8, 8.2] }, 
            "faces": {
                "north": { "uv": [ 0, 12.75, 0.125, 13.0625 ], "rotation":180, "texture": "#main" }, 
                "east":  { "uv": [ 0.5, 12, 0.625, 12.3125 ], "rotation":180, "texture": "#main" }, 
                "south": { "uv": [ 0, 12, 0.125, 12.3125 ], "rotation":180, "texture": "#main" }, 
                "west":  { "uv": [ 0.5, 12.75, 0.625, 13.0625 ], "rotation":180, "texture": "#main" }, 
                "up":    { "uv": [ 1.625, 13.5, 1.5, 13.625 ], "texture": "#main" }, 
                "down":  { "uv": [ 1.625, 13.125, 1.5, 13 ], "texture": "#main" }
            }
        }, 
        {
            "from": [ 7.85, 7, 8.05 ], 
            "to":   [ 8.15, 7.55, 8.35 ], 
            "rotation": { "angle": 0, "axis": "x", "origin": [8, 8, 8.2] }, 
            "faces": {
                "north": { "uv": [ 1.5, 12.5, 1.625, 12.6875 ], "rotation":180, "texture": "#main" }, 
                "east":  { "uv": [ 0.5, 13.5, 0.625, 13.6875 ], "rotation":180, "texture": "#main" }, 
                "south": { "uv": [ 1.5, 12, 1.625, 12.1875 ], "rotation":180, "texture": "#main" }, 
                "west":  { "uv": [ 1, 13.5, 1.125, 13.6875 ], "rotation":180, "texture": "#main" }, 
                "up":    { "uv": [ 2.125, 12, 2, 12.125 ], "texture": "#main" }, 
                "down":  { "uv": [ 0.125, 14.125, 0, 14 ], "texture": "#main" }
            }
        }, 
        {
            "from": [ 7.82, 8.57, 8.02 ], 
            "to":   [ 8.18, 8.73, 8.38 ], 
            "rotation": { "angle": 0, "axis": "x", "origin": [8, 8, 8.2] }, 
            "faces": {
                "north": { "uv": [ 2.5, 12, 2.625, 12.0625 ], "rotation":180, "texture": "#main" }, 
                "east":  { "uv": [ 0, 14.5, 0.125, 14.5625 ], "rotation":180, "texture": "#main" }, 
                "south": { "uv": [ 2, 14, 2.125, 14.0625 ], "rotation":180, "texture": "#main" }, 
                "west":  { "uv": [ 0.5, 14.5, 0.625, 14.5625 ], "rotation":180, "texture": "#main" }, 
                "up":    { "uv": [ 2.125, 12.5, 2, 12.625 ], "texture": "#main" }, 
                "down":  { "uv": [ 0.625, 14.125, 0.5, 14 ], "texture": "#main" }
            }
        }, 
        {
            "from": [ 7.79, 8.69, 7.99 ], 
            "to":   [ 8.21, 8.76, 8.41 ], 
            "rotation": { "angle": 0, "axis": "x", "origin": [8, 8, 8.2] }, 
            "faces": {
                "north": { "uv": [ 2.5, 13, 2.625, 13.0625 ], "rotation":180, "texture": "#main" }, 
                "east":  { "uv": [ 1, 14.5, 1.125, 14.5625 ], "rotation":180, "texture": "#main" }, 
                "south": { "uv": [ 2.5, 12.5, 2.625, 12.5625 ], "rotation":180, "texture": "#main" }, 
                "west":  { "uv": [ 1.5, 14.5, 1.625, 14.5625 ], "rotation":180, "texture": "#main" }, 
                "up":    { "uv": [ 2.125, 13, 2, 13.125 ], "texture": "#main" }, 
                "down":  { "uv": [ 1.125, 14.125, 1, 14 ], "texture": "#main" }
            }
        }, 
        {
            "from": [ 7.8, 7.25, 8 ], 
            "to":   [ 8.2, 8.625, 8.4 ], 
            "rotation": { "angle": 22.5, "axis": "x", "origin": [8, 8, 8.2] }, 
            "faces": {
                "north": { "uv": [ 4, 12.75, 4.125, 13.0625 ], "rotation":180, "texture": "#main" }, 
                "east":  { "uv": [ 4.5, 12, 4.625, 12.3125 ], "rotation":180, "texture": "#main" }, 
                "south": { "uv": [ 4, 12, 4.125, 12.3125 ], "rotation":180, "texture": "#main" }, 
                "west":  { "uv": [ 4.5, 12.75, 4.625, 13.0625 ], "rotation":180, "texture": "#main" }, 
                "up":    { "uv": [ 5.625, 13.5, 5.5, 13.625 ], "texture": "#main" }, 
                "down":  { "uv": [ 5.625, 13.125, 5.5, 13 ], "texture": "#main" }
            }
        }, 
        {
            "from": [ 7.85, 7, 8.05 ], 
            "to":   [ 8.15, 7.55, 8.35 ], 
            "rotation": { "angle": 22.5, "axis": "x", "origin": [8, 8, 8.2] }, 
            "faces": {
                "north": { "uv": [ 5.5, 12.5, 5.625, 12.6875 ], "rotation":180, "texture": "#main" }, 
                "east":  { "uv": [ 4.5, 13.5, 4.625, 13.6875 ], "rotation":180, "texture": "#main" }, 
                "south": { "uv": [ 5.5, 12, 5.625, 12.1875 ], "rotation":180, "texture": "#main" }, 
                "west":  { "uv": [ 5, 13.5, 5.125, 13.6875 ], "rotation":180, "texture": "#main" }, 
                "up":    { "uv": [ 6.125, 12, 6, 12.125 ], "texture": "#main" }, 
                "down":  { "uv": [ 4.125, 14.125, 4, 14 ], "texture": "#main" }
            }
        }, 
        {
            "from": [ 7.82, 8.57, 8.02 ], 
            "to":   [ 8.18, 8.73, 8.38 ], 
            "rotation": { "angle": 22.5, "axis": "x", "origin": [8, 8, 8.2] }, 
            "faces": {
                "north": { "uv": [ 6.5, 12, 6.625, 12.0625 ], "rotation":180, "texture": "#main" }, 
                "east":  { "uv": [ 4, 14.5, 4.125, 14.5625 ], "rotation":180, "texture": "#main" }, 
                "south": { "uv": [ 6, 14, 6.125, 14.0625 ], "rotation":180, "texture": "#main" }, 
                "west":  { "uv": [ 4.5, 14.5, 4.625, 14.5625 ], "rotation":180, "texture": "#main" }, 
                "up":    { "uv": [ 6.125, 12.5, 6, 12.625 ], "texture": "#main" }, 
                "down":  { "uv": [ 4.625, 14.125, 4.5, 14 ], "texture": "#main" }
            }
        }, 
        {
            "from": [ 7.79, 8.69, 7.99 ], 
            "to":   [ 8.21, 8.76, 8.41 ], 
            "rotation": { "angle": 22.5, "axis": "x", "origin": [8, 8, 8.2] }, 
            "faces": {
                "north": { "uv": [ 6.5, 13, 6.625, 13.0625 ], "rotation":180, "texture": "#main" }, 
                "east":  { "uv": [ 5, 14.5, 5.125, 14.5625 ], "rotation":180, "texture": "#main" }, 
                "south": { "uv": [ 6.5, 12.5, 6.625, 12.5625 ], "rotation":180, "texture": "#main" }, 
                "west":  { "uv": [ 5.5, 14.5, 5.625, 14.5625 ], "rotation":180, "texture": "#main" }, 
                "up":    { "uv": [ 6.125, 13, 6, 13.125 ], "texture": "#main" }, 
                "down":  { "uv": [ 5.125, 14.125, 5, 14 ], "texture": "#main" }
            }
        }, 
        {
            "from": [ 7.8, 7.25, 8 ], 
            "to":   [ 8.2, 8.625, 8.4 ], 
            "rotation": { "angle": 45, "axis": "x", "origin": [8, 8, 8.2] }, 
            "faces": {
                "north": { "uv": [ 8, 12.75, 8.125, 13.0625 ], "rotation":180, "texture": "#main" }, 
                "east":  { "uv": [ 8.5, 12, 8.625, 12.3125 ], "rotation":180, "texture": "#main" }, 
                "south": { "uv": [ 8, 12, 8.125, 12.3125 ], "rotation":180, "texture": "#main" }, 
                "west":  { "uv": [ 8.5, 12.75, 8.625, 13.0625 ], "rotation":180, "texture": "#main" }, 
                "up":    { "uv": [ 9.625, 13.5, 9.5, 13.625 ], "texture": "#main" }, 
                "down":  { "uv": [ 9.625, 13.125, 9.5, 13 ], "texture": "#main" }
            }
        }, 
        {
            "from": [ 7.85, 7, 8.05 ], 
            "to":   [ 8.15, 7.55, 8.35 ], 
            "rotation": { "angle": 45, "axis": "x", "origin": [8, 8, 8.2] }, 
            "faces": {
                "north": { "uv": [ 9.5, 12.5, 9.625, 12.6875 ], "rotation":180, "texture": "#main" }, 
                "east":  { "uv": [ 8.5, 13.5, 8.625, 13.6875 ], "rotation":180, "texture": "#main" }, 
                "south": { "uv": [ 9.5, 12, 9.625, 12.1875 ], "rotation":180, "texture": "#main" }, 
                "west":  { "uv": [ 9, 13.5, 9.125, 13.6875 ], "rotation":180, "texture": "#main" }, 
                "up":    { "uv": [ 10.125, 12, 10, 12.125 ], "texture": "#main" }, 
                "down":  { "uv": [ 8.125, 14.125, 8, 14 ], "texture": "#main" }
            }
        }, 
        {
            "from": [ 7.82, 8.57, 8.02 ], 
            "to":   [ 8.18, 8.73, 8.38 ], 
            "rotation": { "angle": 45, "axis": "x", "origin": [8, 8, 8.2] }, 
            "faces": {
                "north": { "uv": [ 10.5, 12, 10.625, 12.0625 ], "rotation":180, "texture": "#main" }, 
                "east":  { "uv": [ 8, 14.5, 8.125, 14.5625 ], "rotation":180, "texture": "#main" }, 
                "south": { "uv": [ 10, 14, 10.125, 14.0625 ], "rotation":180, "texture": "#main" }, 
                "west":  { "uv": [ 8.5, 14.5, 8.625, 14.5625 ], "rotation":180, "texture": "#main" }, 
                "up":    { "uv": [ 10.125, 12.5, 10, 12.625 ], "texture": "#main" }, 
                "down":  { "uv": [ 8.625, 14.125, 8.5, 14 ], "texture": "#main" }
            }
        }, 
        {
            "from": [ 7.79, 8.69, 7.99 ], 
            "to":   [ 8.21, 8.76, 8.41 ], 
            "rotation": { "angle": 45, "axis": "x", "origin": [8, 8, 8.2] }, 
            "faces": {
                "north": { "uv": [ 10.5, 13, 10.625, 13.0625 ], "rotation":180, "texture": "#main" }, 
                "east":  { "uv": [ 9, 14.5, 9.125, 14.5625 ], "rotation":180, "texture": "#main" }, 
                "south": { "uv": [ 10.5, 12.5, 10.625, 12.5625 ], "rotation":180, "texture": "#main" }, 
                "west":  { "uv": [ 9.5, 14.5, 9.625, 14.5625 ], "rotation":180, "texture": "#main" }, 
                "up":    { "uv": [ 10.125, 13, 10, 13.125 ], "texture": "#main" }, 
                "down":  { "uv": [ 9.125, 14.125, 9, 14 ], "texture": "#main" }
            }
        }, 
        {
            "from": [ 7.8, 7.8, 7.45 ], 
            "to":   [ 8.2, 8.2, 8.825 ], 
            "rotation": { "angle": -22.5, "axis": "x", "origin": [8, 8, 8.2] }, 
            "faces": {
                "north": { "uv": [ 13.625, 13.125, 13.5, 13 ], "rotation":180, "texture": "#main" }, 
                "east":  { "uv": [ 12.5, 12, 12.625, 12.3125 ], "rotation":90, "texture": "#main" }, 
                "south": { "uv": [ 13.625, 13.5, 13.5, 13.625 ], "texture": "#main" }, 
                "west":  { "uv": [ 12.5, 12.75, 12.625, 13.0625 ], "rotation":270, "texture": "#main" }, 
                "up":    { "uv": [ 12, 12.75, 12.125, 13.0625 ], "texture": "#main" }, 
                "down":  { "uv": [ 12, 12, 12.125, 12.3125 ], "rotation":180, "texture": "#main" }
            }
        }, 
        {
            "from": [ 7.85, 7.85, 7.2 ], 
            "to":   [ 8.15, 8.15, 7.75 ], 
            "rotation": { "angle": -22.5, "axis": "x", "origin": [8, 8, 8.2] }, 
            "faces": {
                "north": { "uv": [ 12.125, 14.125, 12, 14 ], "rotation":180, "texture": "#main" }, 
                "east":  { "uv": [ 12.5, 13.5, 12.625, 13.6875 ], "rotation":90, "texture": "#main" }, 
                "south": { "uv": [ 14.125, 12, 14, 12.125 ], "texture": "#main" }, 
                "west":  { "uv": [ 13, 13.5, 13.125, 13.6875 ], "rotation":270, "texture": "#main" }, 
                "up":    { "uv": [ 13.5, 12.5, 13.625, 12.6875 ], "texture": "#main" }, 
                "down":  { "uv": [ 13.5, 12, 13.625, 12.1875 ], "rotation":180, "texture": "#main" }
            }
        }, 
        {
            "from": [ 7.82, 7.82, 8.77 ], 
            "to":   [ 8.18, 8.18, 8.93 ], 
            "rotation": { "angle": -22.5, "axis": "x", "origin": [8, 8, 8.2] }, 
            "faces": {
                "north": { "uv": [ 12.625, 14.125, 12.5, 14 ], "rotation":180, "texture": "#main" }, 
                "east":  { "uv": [ 12, 14.5, 12.125, 14.5625 ], "rotation":90, "texture": "#main" }, 
                "south": { "uv": [ 14.125, 12.5, 14, 12.625 ], "texture": "#main" }, 
                "west":  { "uv": [ 12.5, 14.5, 12.625, 14.5625 ], "rotation":270, "texture": "#main" }, 
                "up":    { "uv": [ 14.5, 12, 14.625, 12.0625 ], "texture": "#main" }, 
                "down":  { "uv": [ 14, 14, 14.125, 14.0625 ], "rotation":180, "texture": "#main" }
            }
        }, 
        {
            "from": [ 7.79, 7.79, 8.89 ], 
            "to":   [ 8.21, 8.21, 8.96 ], 
            "rotation": { "angle": -22.5, "axis": "x", "origin": [8, 8, 8.2] }, 
            "faces": {
                "north": { "uv": [ 13.125, 14.125, 13, 14 ], "rotation":180, "texture": "#main" }, 
                "east":  { "uv": [ 13, 14.5, 13.125, 14.5625 ], "rotation":90, "texture": "#main" }, 
                "south": { "uv": [ 14.125, 13, 14, 13.125 ], "texture": "#main" }, 
                "west":  { "uv": [ 13.5, 14.5, 13.625, 14.5625 ], "rotation":270, "texture": "#main" }, 
                "up":    { "uv": [ 14.5, 13, 14.625, 13.0625 ], "texture": "#main" }, 
                "down":  { "uv": [ 14.5, 12.5, 14.625, 12.5625 ], "rotation":180, "texture": "#main" }
            }
        }
    ], 
    "display": {
        "thirdperson_righthand": {
            "translation": [ -0.5, 2.25, -1.5 ], 
            "scale": [ 0, 0, 0 ]
        }, 
        "thirdperson_lefthand": {
            "scale": [ 0, 0, 0 ]
        }, 
        "firstperson_righthand": {
            "rotation": [ 15.61, -16.1, 39.05 ], 
            "translation": [ -10.1, 21.5, 3.45 ], 
            "scale": [ 0, 0, 0 ]
        }, 
        "firstperson_lefthand": {
            "rotation": [ -3, -0.5, 1 ], 
            "translation": [ -3, 16, -8.5 ], 
            "scale": [ 0, 0, 0 ]
        }, 
        "ground": {
            "translation": [ 0, -0.75, 0 ]
        }, 
        "gui": {
            "rotation": [ 0, -95.5, 0 ], 
            "translation": [ 4.5, 2.5, 0 ], 
            "scale": [ 0, 0, 0 ]
        }, 
        "head": {
            "translation": [ 0, -29, 0 ], 
            "scale": [ 1.6, 1.6, 1.6 ]
        }, 
        "fixed": {
            "rotation": [ 0, -90, 0 ], 
            "translation": [ 4.75, 4, -1.25 ], 
            "scale": [ 0, 0, 0 ]
        }
    }, 
    "groups": [
        {
            "name": "7.62x39mm", 
            "origin": [
                8.325, 
                15.3, 
                14.75469
            ], 
            "color": 0, 
            "children": [
                0, 
                1, 
                2, 
                3
            ]
        }
    ], 
    "__comment": "Model animated using Fizzy's model animator - http://fizzy81.github.io/animated-models/"
}