[
    {"function": "minecraft:set_nbt","tag": "{CustomModelData:1721}","conditions": [{"condition": "minecraft:entity_scores","entity": "this","scores": { "fwg.draw" : 35}}]},
    {"function": "minecraft:set_nbt","tag": "{CustomModelData:1722}","conditions": [{"condition": "minecraft:entity_scores","entity": "this","scores": { "fwg.draw" : 32}}]},

    {"function": "minecraft:set_nbt","tag": "{CustomModelData:1723}","conditions": [{"condition": "minecraft:entity_scores","entity": "this","scores": { "fwg.draw" : 30}}]},
    {"function": "minecraft:set_nbt","tag": "{CustomModelData:1724}","conditions": [{"condition": "minecraft:entity_scores","entity": "this","scores": { "fwg.draw" : 29}}]},
    {"function": "minecraft:set_nbt","tag": "{CustomModelData:1725}","conditions": [{"condition": "minecraft:entity_scores","entity": "this","scores": { "fwg.draw" : 28}}]},
    {"function": "minecraft:set_nbt","tag": "{CustomModelData:1726}","conditions": [{"condition": "minecraft:entity_scores","entity": "this","scores": { "fwg.draw" : 27}}]},

    {"function": "minecraft:set_nbt","tag": "{CustomModelData:1727}","conditions": [{"condition": "minecraft:entity_scores","entity": "this","scores": { "fwg.draw" : 25}}]},
    {"function": "minecraft:set_nbt","tag": "{CustomModelData:1728}","conditions": [{"condition": "minecraft:entity_scores","entity": "this","scores": { "fwg.draw" : 22}}]},
    {"function": "minecraft:set_nbt","tag": "{CustomModelData:1729}","conditions": [{"condition": "minecraft:entity_scores","entity": "this","scores": { "fwg.draw" : 20}}]},

    {"function": "minecraft:set_nbt","tag": "{CustomModelData:1730}","conditions": [{"condition": "minecraft:entity_scores","entity": "this","scores": { "fwg.draw" : 17}}]},
    {"function": "minecraft:set_nbt","tag": "{CustomModelData:1731}","conditions": [{"condition": "minecraft:entity_scores","entity": "this","scores": { "fwg.draw" : 16}}]},
    {"function": "minecraft:set_nbt","tag": "{CustomModelData:1732}","conditions": [{"condition": "minecraft:entity_scores","entity": "this","scores": { "fwg.draw" : 15}}]},
    {"function": "minecraft:set_nbt","tag": "{CustomModelData:1733}","conditions": [{"condition": "minecraft:entity_scores","entity": "this","scores": { "fwg.draw" : 13}}]},

    {"function": "minecraft:set_nbt","tag": "{CustomModelData:1734}","conditions": [{"condition": "minecraft:entity_scores","entity": "this","scores": { "fwg.draw" : 10}}]},
    {"function": "minecraft:set_nbt","tag": "{CustomModelData:1735}","conditions": [{"condition": "minecraft:entity_scores","entity": "this","scores": { "fwg.draw" : 8}}]},
    {"function": "minecraft:set_nbt","tag": "{CustomModelData:1736}","conditions": [{"condition": "minecraft:entity_scores","entity": "this","scores": { "fwg.draw" : 6}}]},
    {"function": "minecraft:set_nbt","tag": "{CustomModelData:1737}","conditions": [{"condition": "minecraft:entity_scores","entity": "this","scores": { "fwg.draw" : 4}}]},
    {"function": "minecraft:set_nbt","tag": "{CustomModelData:1001}","conditions": [{"condition": "minecraft:entity_scores","entity": "this","scores": { "fwg.draw" : 2}}]}
  ]
  