[
  {"function": "minecraft:set_nbt","tag": "{CustomModelData:3301}","conditions": [{"condition": "minecraft:entity_scores","entity": "this","scores": { "fwg.reload" : 64}}]},
  {"function": "minecraft:set_nbt","tag": "{CustomModelData:3302}","conditions": [{"condition": "minecraft:entity_scores","entity": "this","scores": { "fwg.reload" : 63}}]},
  {"function": "minecraft:set_nbt","tag": "{CustomModelData:3303}","conditions": [{"condition": "minecraft:entity_scores","entity": "this","scores": { "fwg.reload" : 62}}]},
  {"function": "minecraft:set_nbt","tag": "{CustomModelData:3304}","conditions": [{"condition": "minecraft:entity_scores","entity": "this","scores": { "fwg.reload" : 60}}]},

  {"function": "minecraft:set_nbt","tag": "{CustomModelData:3305}","conditions": [{"condition": "minecraft:entity_scores","entity": "this","scores": { "fwg.reload" : 58}}]},
  {"function": "minecraft:set_nbt","tag": "{CustomModelData:3306}","conditions": [{"condition": "minecraft:entity_scores","entity": "this","scores": { "fwg.reload" : 56}}]},
  {"function": "minecraft:set_nbt","tag": "{CustomModelData:3307}","conditions": [{"condition": "minecraft:entity_scores","entity": "this","scores": { "fwg.reload" : 54}}]},

  {"function": "minecraft:set_nbt","tag": "{CustomModelData:3308}","conditions": [{"condition": "minecraft:entity_scores","entity": "this","scores": { "fwg.reload" : 50}}]},
  {"function": "minecraft:set_nbt","tag": "{CustomModelData:3309}","conditions": [{"condition": "minecraft:entity_scores","entity": "this","scores": { "fwg.reload" : 48}}]},
  {"function": "minecraft:set_nbt","tag": "{CustomModelData:3310}","conditions": [{"condition": "minecraft:entity_scores","entity": "this","scores": { "fwg.reload" : 47}}]},

  {"function": "minecraft:set_nbt","tag": "{CustomModelData:3311}","conditions": [{"condition": "minecraft:entity_scores","entity": "this","scores": { "fwg.reload" : 44}}]},
  {"function": "minecraft:set_nbt","tag": "{CustomModelData:3312}","conditions": [{"condition": "minecraft:entity_scores","entity": "this","scores": { "fwg.reload" : 42}}]},
  {"function": "minecraft:set_nbt","tag": "{CustomModelData:3313}","conditions": [{"condition": "minecraft:entity_scores","entity": "this","scores": { "fwg.reload" : 40}}]},
  {"function": "minecraft:set_nbt","tag": "{CustomModelData:3314}","conditions": [{"condition": "minecraft:entity_scores","entity": "this","scores": { "fwg.reload" : 38}}]},
  {"function": "minecraft:set_nbt","tag": "{CustomModelData:3315}","conditions": [{"condition": "minecraft:entity_scores","entity": "this","scores": { "fwg.reload" : 36}}]},

  {"function": "minecraft:set_nbt","tag": "{CustomModelData:3316}","conditions": [{"condition": "minecraft:entity_scores","entity": "this","scores": { "fwg.reload" : 32}}]},
  {"function": "minecraft:set_nbt","tag": "{CustomModelData:3317}","conditions": [{"condition": "minecraft:entity_scores","entity": "this","scores": { "fwg.reload" : 31}}]},
  {"function": "minecraft:set_nbt","tag": "{CustomModelData:3318}","conditions": [{"condition": "minecraft:entity_scores","entity": "this","scores": { "fwg.reload" : 30}}]},
  {"function": "minecraft:set_nbt","tag": "{CustomModelData:3319}","conditions": [{"condition": "minecraft:entity_scores","entity": "this","scores": { "fwg.reload" : 28}}]},
  
  {"function": "minecraft:set_nbt","tag": "{CustomModelData:3320}","conditions": [{"condition": "minecraft:entity_scores","entity": "this","scores": { "fwg.reload" : 24}}]},
  {"function": "minecraft:set_nbt","tag": "{CustomModelData:3321}","conditions": [{"condition": "minecraft:entity_scores","entity": "this","scores": { "fwg.reload" : 22}}]},
  {"function": "minecraft:set_nbt","tag": "{CustomModelData:3322}","conditions": [{"condition": "minecraft:entity_scores","entity": "this","scores": { "fwg.reload" : 21}}]},

  {"function": "minecraft:set_nbt","tag": "{CustomModelData:3323}","conditions": [{"condition": "minecraft:entity_scores","entity": "this","scores": { "fwg.reload" : 18}}]},
  {"function": "minecraft:set_nbt","tag": "{CustomModelData:3324}","conditions": [{"condition": "minecraft:entity_scores","entity": "this","scores": { "fwg.reload" : 17}}]},
  {"function": "minecraft:set_nbt","tag": "{CustomModelData:3325}","conditions": [{"condition": "minecraft:entity_scores","entity": "this","scores": { "fwg.reload" : 16}}]},
  {"function": "minecraft:set_nbt","tag": "{CustomModelData:3326}","conditions": [{"condition": "minecraft:entity_scores","entity": "this","scores": { "fwg.reload" : 14}}]},

  {"function": "minecraft:set_nbt","tag": "{CustomModelData:3327}","conditions": [{"condition": "minecraft:entity_scores","entity": "this","scores": { "fwg.reload" : 12}}]},
  {"function": "minecraft:set_nbt","tag": "{CustomModelData:3328}","conditions": [{"condition": "minecraft:entity_scores","entity": "this","scores": { "fwg.reload" : 11}}]},
  {"function": "minecraft:set_nbt","tag": "{CustomModelData:3329}","conditions": [{"condition": "minecraft:entity_scores","entity": "this","scores": { "fwg.reload" : 10}}]},
  {"function": "minecraft:set_nbt","tag": "{CustomModelData:3330}","conditions": [{"condition": "minecraft:entity_scores","entity": "this","scores": { "fwg.reload" : 8}}]},
  {"function": "minecraft:set_nbt","tag": "{CustomModelData:3331}","conditions": [{"condition": "minecraft:entity_scores","entity": "this","scores": { "fwg.reload" : 6}}]},
  {"function": "minecraft:set_nbt","tag": "{CustomModelData:3332}","conditions": [{"condition": "minecraft:entity_scores","entity": "this","scores": { "fwg.reload" : 4}}]},
  {"function": "minecraft:set_nbt","tag": "{CustomModelData:3001}","conditions": [{"condition": "minecraft:entity_scores","entity": "this","scores": { "fwg.reload" : 2}}]}

]
