[
  {"function": "minecraft:set_nbt","tag": "{CustomModelData:2101}","conditions": [{"condition": "minecraft:entity_scores","entity": "this","scores": { "fwg.draw" : 12}}]},
  {"function": "minecraft:set_nbt","tag": "{CustomModelData:2102}","conditions": [{"condition": "minecraft:entity_scores","entity": "this","scores": { "fwg.draw" : 11}}]},
  {"function": "minecraft:set_nbt","tag": "{CustomModelData:2103}","conditions": [{"condition": "minecraft:entity_scores","entity": "this","scores": { "fwg.draw" : 10}}]},
  {"function": "minecraft:set_nbt","tag": "{CustomModelData:2104}","conditions": [{"condition": "minecraft:entity_scores","entity": "this","scores": { "fwg.draw" : 9}}]},

  {"function": "minecraft:set_nbt","tag": "{CustomModelData:2105}","conditions": [{"condition": "minecraft:entity_scores","entity": "this","scores": { "fwg.draw" : 8}}]},
  {"function": "minecraft:set_nbt","tag": "{CustomModelData:2106}","conditions": [{"condition": "minecraft:entity_scores","entity": "this","scores": { "fwg.draw" : 6}}]},
  {"function": "minecraft:set_nbt","tag": "{CustomModelData:2107}","conditions": [{"condition": "minecraft:entity_scores","entity": "this","scores": { "fwg.draw" : 5}}]},
  {"function": "minecraft:set_nbt","tag": "{CustomModelData:2108}","conditions": [{"condition": "minecraft:entity_scores","entity": "this","scores": { "fwg.draw" : 3}}]},
  {"function": "minecraft:set_nbt","tag": "{CustomModelData:2001}","conditions": [{"condition": "minecraft:entity_scores","entity": "this","scores": { "fwg.draw" : 1}}]}
]
