[
  {
    "function": "minecraft:copy_nbt","source": {"type": "minecraft:storage","source": "minecraft:gun"},
    "ops": [{"source": "ammo","target": "mag","op": "replace"}],
    "conditions": [{"condition": "minecraft:entity_scores","entity": "this","scores": {"fwg.mode": 0}}]
  },
  {
    "function": "minecraft:copy_nbt","source": {"type": "minecraft:storage","source": "minecraft:gun"},
    "ops": [{"source": "srm_mag","target": "real_mag","op": "replace"}],
    "conditions": [{"condition": "minecraft:entity_scores","entity": "this","scores": {"fw.id": 14}}]
  },
  {
    "function": "minecraft:copy_nbt","source": {"type": "minecraft:storage","source": "minecraft:gun"},
    "ops": [{"source": "ammo","target": "alt","op": "replace"}],
    "conditions": [{"condition": "minecraft:entity_scores","entity": "this","scores": {"fwg.mode": 1}}]
  }
]
