[
    {"function": "minecraft:set_nbt","tag": "{CustomModelData:4201}","conditions": [{"condition": "minecraft:entity_scores","entity": "this","scores": { "fwg.cooldown" : 12}}]},
    {"function": "minecraft:set_nbt","tag": "{CustomModelData:4202}","conditions": [{"condition": "minecraft:entity_scores","entity": "this","scores": { "fwg.cooldown" : 10}}]},
    {"function": "minecraft:set_nbt","tag": "{CustomModelData:4203}","conditions": [{"condition": "minecraft:entity_scores","entity": "this","scores": { "fwg.cooldown" : 9}}]},
    {"function": "minecraft:set_nbt","tag": "{CustomModelData:4204}","conditions": [{"condition": "minecraft:entity_scores","entity": "this","scores": { "fwg.cooldown" : 7}}]},
    {"function": "minecraft:set_nbt","tag": "{CustomModelData:4205}","conditions": [{"condition": "minecraft:entity_scores","entity": "this","scores": { "fwg.cooldown" : 5}}]},
    {"function": "minecraft:set_nbt","tag": "{CustomModelData:4206}","conditions": [{"condition": "minecraft:entity_scores","entity": "this","scores": { "fwg.cooldown" : 3}}]},
    {"function": "minecraft:set_nbt","tag": "{CustomModelData:4001}","conditions": [{"condition": "minecraft:entity_scores","entity": "this","scores": { "fwg.cooldown" : 1}}]}
  ]
  