[
  {"function": "minecraft:set_nbt","tag": "{CustomModelData:3101}","conditions": [{"condition": "minecraft:entity_scores","entity": "this","scores": { "fwg.draw" : 20}}]},
  {"function": "minecraft:set_nbt","tag": "{CustomModelData:3102}","conditions": [{"condition": "minecraft:entity_scores","entity": "this","scores": { "fwg.draw" : 19}}]},
  {"function": "minecraft:set_nbt","tag": "{CustomModelData:3103}","conditions": [{"condition": "minecraft:entity_scores","entity": "this","scores": { "fwg.draw" : 18}}]},

  {"function": "minecraft:set_nbt","tag": "{CustomModelData:3104}","conditions": [{"condition": "minecraft:entity_scores","entity": "this","scores": { "fwg.draw" : 17}}]},
  {"function": "minecraft:set_nbt","tag": "{CustomModelData:3105}","conditions": [{"condition": "minecraft:entity_scores","entity": "this","scores": { "fwg.draw" : 16}}]},
  {"function": "minecraft:set_nbt","tag": "{CustomModelData:3106}","conditions": [{"condition": "minecraft:entity_scores","entity": "this","scores": { "fwg.draw" : 14}}]},

  {"function": "minecraft:set_nbt","tag": "{CustomModelData:3107}","conditions": [{"condition": "minecraft:entity_scores","entity": "this","scores": { "fwg.draw" : 10}}]},
  {"function": "minecraft:set_nbt","tag": "{CustomModelData:3108}","conditions": [{"condition": "minecraft:entity_scores","entity": "this","scores": { "fwg.draw" : 8}}]},
  {"function": "minecraft:set_nbt","tag": "{CustomModelData:3109}","conditions": [{"condition": "minecraft:entity_scores","entity": "this","scores": { "fwg.draw" : 6}}]},
  {"function": "minecraft:set_nbt","tag": "{CustomModelData:3110}","conditions": [{"condition": "minecraft:entity_scores","entity": "this","scores": { "fwg.draw" : 4}}]},
  {"function": "minecraft:set_nbt","tag": "{CustomModelData:3001}","conditions": [{"condition": "minecraft:entity_scores","entity": "this","scores": { "fwg.draw" : 2}}]}
]
