[
    {"function": "minecraft:set_nbt","tag": "{CustomModelData:2201}","conditions": [{"condition": "minecraft:entity_scores","entity": "this","scores": { "fwg.cooldown" : 28}}]},
    {"function": "minecraft:set_nbt","tag": "{CustomModelData:2202}","conditions": [{"condition": "minecraft:entity_scores","entity": "this","scores": { "fwg.cooldown" : 26}}]},
    {"function": "minecraft:set_nbt","tag": "{CustomModelData:2203}","conditions": [{"condition": "minecraft:entity_scores","entity": "this","scores": { "fwg.cooldown" : 24}}]},
    {"function": "minecraft:set_nbt","tag": "{CustomModelData:2204}","conditions": [{"condition": "minecraft:entity_scores","entity": "this","scores": { "fwg.cooldown" : 22}}]},

    {"function": "minecraft:set_nbt","tag": "{CustomModelData:2205}","conditions": [{"condition": "minecraft:entity_scores","entity": "this","scores": { "fwg.cooldown" : 19}}]},
    {"function": "minecraft:set_nbt","tag": "{CustomModelData:2206}","conditions": [{"condition": "minecraft:entity_scores","entity": "this","scores": { "fwg.cooldown" : 17}}]},
    {"function": "minecraft:set_nbt","tag": "{CustomModelData:2207}","conditions": [{"condition": "minecraft:entity_scores","entity": "this","scores": { "fwg.cooldown" : 15}}]},

    {"function": "minecraft:set_nbt","tag": "{CustomModelData:2208}","conditions": [{"condition": "minecraft:entity_scores","entity": "this","scores": { "fwg.cooldown" : 14}}]},
    {"function": "minecraft:set_nbt","tag": "{CustomModelData:2209}","conditions": [{"condition": "minecraft:entity_scores","entity": "this","scores": { "fwg.cooldown" : 12}}]},
    {"function": "minecraft:set_nbt","tag": "{CustomModelData:2210}","conditions": [{"condition": "minecraft:entity_scores","entity": "this","scores": { "fwg.cooldown" : 11}}]},
    {"function": "minecraft:set_nbt","tag": "{CustomModelData:2001}","conditions": [{"condition": "minecraft:entity_scores","entity": "this","scores": { "fwg.cooldown" : 9}}]}
  ]
  