[
    {"function": "minecraft:set_nbt","tag": "{CustomModelData:1801}","conditions": [{"condition": "minecraft:entity_scores","entity": "this","scores": { "fwg.cooldown" : 35}}]},
    {"function": "minecraft:set_nbt","tag": "{CustomModelData:1802}","conditions": [{"condition": "minecraft:entity_scores","entity": "this","scores": { "fwg.cooldown" : 33}}]},
    {"function": "minecraft:set_nbt","tag": "{CustomModelData:1803}","conditions": [{"condition": "minecraft:entity_scores","entity": "this","scores": { "fwg.cooldown" : 32}}]},
    {"function": "minecraft:set_nbt","tag": "{CustomModelData:1804}","conditions": [{"condition": "minecraft:entity_scores","entity": "this","scores": { "fwg.cooldown" : 30}}]},
    {"function": "minecraft:set_nbt","tag": "{CustomModelData:1805}","conditions": [{"condition": "minecraft:entity_scores","entity": "this","scores": { "fwg.cooldown" : 29}}]},
    {"function": "minecraft:set_nbt","tag": "{CustomModelData:1806}","conditions": [{"condition": "minecraft:entity_scores","entity": "this","scores": { "fwg.cooldown" : 27}}]},

    {"function": "minecraft:set_nbt","tag": "{CustomModelData:1901}","conditions": [{"condition": "minecraft:entity_scores","entity": "this","scores": { "fwg.cooldown" : 25}}]},
    {"function": "minecraft:set_nbt","tag": "{CustomModelData:1902}","conditions": [{"condition": "minecraft:entity_scores","entity": "this","scores": { "fwg.cooldown" : 24}}]},

    {"function": "minecraft:set_nbt","tag": "{CustomModelData:1903}","conditions": [{"condition": "minecraft:entity_scores","entity": "this","scores": { "fwg.cooldown" : 21}}]},
    {"function": "minecraft:set_nbt","tag": "{CustomModelData:1904}","conditions": [{"condition": "minecraft:entity_scores","entity": "this","scores": { "fwg.cooldown" : 18}}]},

    {"function": "minecraft:set_nbt","tag": "{CustomModelData:1905}","conditions": [{"condition": "minecraft:entity_scores","entity": "this","scores": { "fwg.cooldown" : 17}}]},
    {"function": "minecraft:set_nbt","tag": "{CustomModelData:1906}","conditions": [{"condition": "minecraft:entity_scores","entity": "this","scores": { "fwg.cooldown" : 14}}]},

    {"function": "minecraft:set_nbt","tag": "{CustomModelData:1907}","conditions": [{"condition": "minecraft:entity_scores","entity": "this","scores": { "fwg.cooldown" : 12}}]},
    {"function": "minecraft:set_nbt","tag": "{CustomModelData:1908}","conditions": [{"condition": "minecraft:entity_scores","entity": "this","scores": { "fwg.cooldown" : 10}}]},

    {"function": "minecraft:set_nbt","tag": "{CustomModelData:1700}","conditions": [{"condition": "minecraft:entity_scores","entity": "this","scores": { "fwg.cooldown" : 8}}]}
  ]
  