{
	"credit": "Made with Blockbench",
	"ambientocclusion": false,
	"texture_size": [64, 64],
	"textures": {
		"1": "fw:player/alex",
		"2": "fw:guns/04/m24",
		"3": "fw:player/steve",
		"particle": "fw:player/steve"
	},
	"elements": [
		{
			"name": "right_arm_2nd_layer",
			"from": [8.38516, 1.0868, 10.98547],
			"to": [10.07905, 3.29399, 19.19827],
			"rotation": {"angle": -45, "axis": "z", "origin": [8.88967, 2.49039, 15.12395]},
			"faces": {
				"north": {"uv": [12.5, 8, 11.75, 9], "rotation": 180, "texture": "#1"},
				"east": {"uv": [10, 9, 11, 12], "rotation": 270, "texture": "#1"},
				"south": {"uv": [11.75, 9, 11, 8], "texture": "#1"},
				"west": {"uv": [11.75, 9, 12.75, 12], "rotation": 90, "texture": "#1"},
				"up": {"uv": [11, 9, 11.75, 12], "rotation": 180, "texture": "#1"},
				"down": {"uv": [12.75, 9, 13.5, 12], "texture": "#1"}
			}
		},
		{
			"name": "right_arm",
			"from": [8.46216, 1.16379, 11.24212],
			"to": [10.00206, 3.21699, 18.94162],
			"rotation": {"angle": -45, "axis": "z", "origin": [8.88967, 2.49039, 15.12395]},
			"faces": {
				"north": {"uv": [12.5, 4, 11.75, 5], "rotation": 180, "texture": "#1"},
				"east": {"uv": [10, 5, 11, 8], "rotation": 270, "texture": "#1"},
				"south": {"uv": [11.75, 5, 11, 4], "texture": "#1"},
				"west": {"uv": [11.75, 5, 12.75, 8], "rotation": 90, "texture": "#1"},
				"up": {"uv": [11, 5, 11.75, 8], "rotation": 180, "texture": "#1"},
				"down": {"uv": [12.75, 5, 13.5, 8], "texture": "#1"}
			}
		},
		{
			"name": "right_arm",
			"from": [7.94886, 1.16379, 11.24212],
			"to": [10.00206, 3.21699, 19.06994],
			"rotation": {"angle": -45, "axis": "z", "origin": [8.88967, 2.49039, 15.12395]},
			"faces": {
				"north": {"uv": [13, 4, 12, 5], "rotation": 180, "texture": "#3"},
				"east": {"uv": [10, 5, 11, 8], "rotation": 270, "texture": "#3"},
				"south": {"uv": [12, 5, 11, 4], "texture": "#3"},
				"west": {"uv": [12, 5, 13, 8], "rotation": 90, "texture": "#3"},
				"up": {"uv": [11, 5, 12, 8], "rotation": 180, "texture": "#3"},
				"down": {"uv": [13, 5, 14, 8], "texture": "#3"}
			}
		},
		{
			"name": "right_arm_2nd_layer",
			"from": [7.8462, 1.11246, 10.98547],
			"to": [10.04825, 3.26832, 19.32659],
			"rotation": {"angle": -45, "axis": "z", "origin": [8.88967, 2.49039, 15.12395]},
			"faces": {
				"north": {"uv": [13, 8, 12, 9], "rotation": 180, "texture": "#3"},
				"east": {"uv": [10, 9, 11, 12], "rotation": 270, "texture": "#3"},
				"south": {"uv": [12, 9, 11, 8], "texture": "#3"},
				"west": {"uv": [12, 9, 13, 12], "rotation": 90, "texture": "#3"},
				"up": {"uv": [11, 9, 12, 12], "rotation": 180, "texture": "#3"},
				"down": {"uv": [13, 9, 14, 12], "texture": "#3"}
			}
		},
		{
			"from": [7.86036, 4.55, 11.075],
			"to": [8.26036, 4.65, 13.075],
			"rotation": {"angle": -45, "axis": "z", "origin": [8.03536, 4.425, 9.825]},
			"faces": {
				"north": {"uv": [1.5, 8.75, 1.625, 8.875], "texture": "#2"},
				"east": {"uv": [8.75, 1.5, 8.875, 1.625], "texture": "#2"},
				"south": {"uv": [2, 8.75, 2.125, 8.8125], "texture": "#2"},
				"west": {"uv": [8.75, 2, 8.875, 2.125], "texture": "#2"},
				"up": {"uv": [2.625, 8.875, 2.5, 8.75], "texture": "#2"},
				"down": {"uv": [2.625, 8.875, 2.5, 8.75], "texture": "#2"}
			}
		},
		{
			"from": [7.76036, 4.05, 11.075],
			"to": [7.86036, 4.65, 13.075],
			"rotation": {"angle": -45, "axis": "z", "origin": [8.03536, 4.425, 9.825]},
			"faces": {
				"north": {"uv": [1.5, 8.75, 1.625, 8.875], "texture": "#2"},
				"east": {"uv": [8.75, 1.5, 8.875, 1.625], "texture": "#2"},
				"south": {"uv": [2, 8.75, 2.0625, 8.875], "texture": "#2"},
				"west": {"uv": [8.75, 2, 8.875, 2.125], "texture": "#2"},
				"up": {"uv": [2.625, 8.875, 2.5, 8.75], "texture": "#2"},
				"down": {"uv": [8.875, 2.5, 8.75, 2.625], "texture": "#2"}
			}
		},
		{
			"from": [7.86036, 4.05, 11.075],
			"to": [8.26036, 4.15, 13.075],
			"rotation": {"angle": -45, "axis": "z", "origin": [8.03536, 4.425, 9.825]},
			"faces": {
				"north": {"uv": [1.5, 8.75, 1.625, 8.875], "texture": "#2"},
				"east": {"uv": [8.75, 1.5, 8.875, 1.625], "texture": "#2"},
				"south": {"uv": [2, 8.75, 2.125, 8.8125], "texture": "#2"},
				"west": {"uv": [8.75, 2, 8.875, 2.125], "texture": "#2"},
				"up": {"uv": [2.625, 8.875, 2.5, 8.75], "texture": "#2"},
				"down": {"uv": [8.875, 2.5, 8.75, 2.625], "texture": "#2"}
			}
		},
		{
			"from": [8.26036, 4.05, 11.075],
			"to": [8.36036, 4.65, 13.075],
			"rotation": {"angle": -45, "axis": "z", "origin": [8.03536, 4.425, 9.825]},
			"faces": {
				"north": {"uv": [1.5, 8.75, 1.625, 8.875], "texture": "#2"},
				"east": {"uv": [8.75, 1.5, 8.875, 1.625], "texture": "#2"},
				"south": {"uv": [2.0625, 8.75, 2.0625, 8.875], "texture": "#2"},
				"west": {"uv": [2.625, 8.875, 2.5, 8.75], "texture": "#2"},
				"up": {"uv": [2.625, 8.875, 2.5, 8.75], "texture": "#2"},
				"down": {"uv": [8.875, 2.5, 8.75, 2.625], "texture": "#2"}
			}
		},
		{
			"from": [7.6262, 1.26535, 11.71627],
			"to": [8.3738, 2.08795, 17.51387],
			"rotation": {"angle": 22.5, "axis": "x", "origin": [8, 1.81415, 15.21507]},
			"faces": {
				"north": {"uv": [1.5, 6.5, 1.6875, 6.6875], "texture": "#2"},
				"east": {"uv": [2, 2, 3.4375, 2.1875], "texture": "#2"},
				"south": {"uv": [6.5, 1.5, 6.6875, 1.6875], "texture": "#2"},
				"west": {"uv": [2, 2.5, 3.4375, 2.6875], "texture": "#2"},
				"up": {"uv": [2.1875, 4.4375, 2, 3], "texture": "#2"},
				"down": {"uv": [2.6875, 3, 2.5, 4.4375], "texture": "#2"}
			}
		},
		{
			"from": [7.625, 2.1, 13.925],
			"to": [8.375, 3.1, 17.55],
			"rotation": {"angle": 0, "axis": "y", "origin": [8, 3, 15.5]},
			"faces": {
				"north": {"uv": [5, 5.75, 5.1875, 6], "texture": "#2"},
				"east": {"uv": [3, 3, 3.9375, 3.25], "texture": "#2"},
				"south": {"uv": [6, 0, 6.1875, 0.25], "texture": "#2"},
				"west": {"uv": [3.5, 0, 4.4375, 0.25], "texture": "#2"},
				"up": {"uv": [3.6875, 1.4375, 3.5, 0.5], "texture": "#2"},
				"down": {"uv": [3.1875, 3.5, 3, 4.4375], "texture": "#2"}
			}
		},
		{
			"from": [7.6265, 1.44595, 13.63081],
			"to": [8.3735, 2.44295, 14.25281],
			"rotation": {"angle": -22.5, "axis": "x", "origin": [8, 1.94445, 12.44181]},
			"faces": {
				"north": {"uv": [6, 1, 6.1875, 1.25], "texture": "#2"},
				"east": {"uv": [1.5, 6, 1.6875, 6.25], "texture": "#2"},
				"south": {"uv": [6, 1.5, 6.1875, 1.75], "texture": "#2"},
				"west": {"uv": [6, 3.75, 6.1875, 4], "texture": "#2"},
				"up": {"uv": [6.6875, 3.9375, 6.5, 3.75], "texture": "#2"},
				"down": {"uv": [6.6875, 4.25, 6.5, 4.4375], "texture": "#2"}
			}
		},
		{
			"from": [7.626, 0.42715, 17.12898],
			"to": [8.376, 2.10215, 17.55398],
			"rotation": {"angle": 0, "axis": "y", "origin": [8.001, 2.57715, 18.70398]},
			"faces": {
				"north": {"uv": [5.25, 0.5, 5.4375, 0.9375], "texture": "#2"},
				"east": {"uv": [2.25, 5.5, 2.375, 5.9375], "texture": "#2"},
				"south": {"uv": [5.25, 2, 5.4375, 2.4375], "texture": "#2"},
				"west": {"uv": [2.75, 5.5, 2.875, 5.9375], "texture": "#2"},
				"up": {"uv": [0.6875, 7.625, 0.5, 7.5], "texture": "#2"},
				"down": {"uv": [7.6875, 0.5, 7.5, 0.625], "texture": "#2"}
			}
		},
		{
			"from": [7.625, 1.31253, 15.22149],
			"to": [8.375, 2.11253, 17.17149],
			"rotation": {"angle": 0, "axis": "y", "origin": [8, 2.58753, 18.74649]},
			"faces": {
				"north": {"uv": [6.5, 4.75, 6.6875, 4.9375], "texture": "#2"},
				"east": {"uv": [4.75, 0, 5.25, 0.1875], "texture": "#2"},
				"south": {"uv": [6.5, 5.25, 6.6875, 5.4375], "texture": "#2"},
				"west": {"uv": [4.75, 1.5, 5.25, 1.6875], "texture": "#2"},
				"up": {"uv": [1.9375, 5.25, 1.75, 4.75], "texture": "#2"},
				"down": {"uv": [4.9375, 2, 4.75, 2.5], "texture": "#2"}
			}
		},
		{
			"from": [7.625, 2.5, 10.625],
			"to": [8.375, 3.5, 11.525],
			"rotation": {"angle": 0, "axis": "y", "origin": [6.375, 0, 7.025]},
			"faces": {
				"north": {"uv": [6, 4.25, 6.1875, 4.5], "texture": "#2"},
				"east": {"uv": [5.5, 0, 5.75, 0.25], "texture": "#2"},
				"south": {"uv": [6, 4.75, 6.1875, 5], "texture": "#2"},
				"west": {"uv": [1.75, 5.5, 2, 5.75], "texture": "#2"},
				"up": {"uv": [6.1875, 5.5, 6, 5.25], "texture": "#2"},
				"down": {"uv": [6.1875, 5.75, 6, 6], "texture": "#2"}
			}
		},
		{
			"from": [7.625, 2.5, 11.525],
			"to": [8.175, 3.5, 12.1],
			"rotation": {"angle": 0, "axis": "y", "origin": [6.375, 0, 7.125]},
			"faces": {
				"north": {"uv": [1.5, 7, 1.625, 7.25], "texture": "#2"},
				"east": {"uv": [7, 1.5, 7.125, 1.75], "texture": "#2"},
				"south": {"uv": [7, 2, 7.125, 2.25], "texture": "#2"},
				"west": {"uv": [3, 7, 3.125, 7.25], "texture": "#2"},
				"up": {"uv": [8.125, 4.875, 8, 4.75], "texture": "#2"},
				"down": {"uv": [8.125, 5.25, 8, 5.375], "texture": "#2"}
			}
		},
		{
			"from": [8.175, 2.5, 11.925],
			"to": [8.375, 3.5, 12.1],
			"rotation": {"angle": 0, "axis": "y", "origin": [5.675, 0, 7.125]},
			"faces": {
				"north": {"uv": [8, 5.75, 8.0625, 6], "texture": "#2"},
				"east": {"uv": [8, 6.25, 8.0625, 6.5], "texture": "#2"},
				"south": {"uv": [6.5, 8, 6.5625, 8.25], "texture": "#2"},
				"west": {"uv": [8, 6.75, 8.0625, 7], "texture": "#2"},
				"up": {"uv": [9.5625, 5.5625, 9.5, 5.5], "texture": "#2"},
				"down": {"uv": [6.0625, 9.5, 6, 9.5625], "texture": "#2"}
			}
		},
		{
			"from": [8.175, 2.5, 11.625],
			"to": [8.375, 3, 11.925],
			"rotation": {"angle": 0, "axis": "y", "origin": [5.675, 0, 7.25]},
			"faces": {
				"north": {"uv": [0.5, 9.25, 0.5625, 9.375], "texture": "#2"},
				"east": {"uv": [9.25, 0.5, 9.3125, 0.625], "texture": "#2"},
				"south": {"uv": [1, 9.25, 1.0625, 9.375], "texture": "#2"},
				"west": {"uv": [9.25, 1, 9.3125, 1.125], "texture": "#2"},
				"up": {"uv": [9.5625, 6.0625, 9.5, 6], "texture": "#2"},
				"down": {"uv": [6.5625, 9.5, 6.5, 9.5625], "texture": "#2"}
			}
		},
		{
			"from": [7.60303, 3.4, 9.025],
			"to": [7.60303, 3.8, 10.625],
			"rotation": {"angle": 45, "axis": "z", "origin": [8.05303, 3.775, 6.875]},
			"faces": {
				"north": {"uv": [3.25, 4.75, 3.25, 4.875], "texture": "#2"},
				"east": {"uv": [2, 6.25, 2.375, 6.375], "texture": "#2"},
				"south": {"uv": [3.25, 5.25, 3.25, 5.375], "texture": "#2"},
				"west": {"uv": [6.25, 2, 6.625, 2.125], "texture": "#2"},
				"up": {"uv": [3.75, 6.125, 3.75, 5.75], "texture": "#2"},
				"down": {"uv": [9, 10, 9, 10.375], "texture": "#2"}
			}
		},
		{
			"from": [7.60303, 3.4, 10.625],
			"to": [8.05303, 3.85, 11.625],
			"rotation": {"angle": 45, "axis": "z", "origin": [8.05303, 3.775, 7.275]},
			"faces": {
				"north": {"uv": [8, 8, 8.125, 8.125], "texture": "#2"},
				"east": {"uv": [7, 3, 7.25, 3.125], "texture": "#2"},
				"south": {"uv": [8.25, 0.75, 8.375, 0.875], "texture": "#2"},
				"west": {"uv": [7, 3.5, 7.25, 3.625], "texture": "#2"},
				"up": {"uv": [7.125, 4.25, 7, 4], "texture": "#2"},
				"down": {"uv": [4.375, 7, 4.25, 7.25], "texture": "#2"}
			}
		},
		{
			"from": [7.60303, 3.8, 9.025],
			"to": [8.05303, 3.85, 10.625],
			"rotation": {"angle": 45, "axis": "z", "origin": [8.05303, 3.775, 7.275]},
			"faces": {
				"north": {"uv": [1.5, 9.25, 1.625, 9.3125], "texture": "#2"},
				"east": {"uv": [1, 7.5, 1.375, 7.5625], "texture": "#2"},
				"south": {"uv": [9.25, 1.5, 9.375, 1.5625], "texture": "#2"},
				"west": {"uv": [7.5, 1, 7.875, 1.0625], "texture": "#2"},
				"up": {"uv": [0.125, 6.625, 0, 6.25], "texture": "#2"},
				"down": {"uv": [6.375, 2.5, 6.25, 2.875], "texture": "#2"}
			}
		},
		{
			"from": [7.62803, 3.425, 9.025],
			"to": [8.02803, 3.825, 12.225],
			"rotation": {"angle": 45, "axis": "z", "origin": [8.05303, 3.775, 9.275]},
			"faces": {
				"north": {"uv": [1.75, 8.25, 1.875, 8.375], "texture": "#2"},
				"east": {"uv": [4.25, 2.75, 5.0625, 2.875], "texture": "#2"},
				"south": {"uv": [2.25, 8.25, 2.375, 8.375], "texture": "#2"},
				"west": {"uv": [0, 4.5, 0.8125, 4.625], "texture": "#2"},
				"up": {"uv": [1.375, 5.3125, 1.25, 4.5], "texture": "#2"},
				"down": {"uv": [4.625, 3.25, 4.5, 4.0625], "texture": "#2"}
			}
		},
		{
			"from": [7.76213, 3.625, 12.125],
			"to": [8.01213, 3.875, 12.325],
			"rotation": {"angle": 45, "axis": "z", "origin": [8.21213, 3.775, 9.275]},
			"faces": {
				"north": {"uv": [9.5, 6.5, 9.5625, 6.5625], "texture": "#2"},
				"east": {"uv": [7, 9.5, 7.0625, 9.5625], "texture": "#2"},
				"south": {"uv": [9.5, 7, 9.5625, 7.0625], "texture": "#2"},
				"west": {"uv": [7.5, 9.5, 7.5625, 9.5625], "texture": "#2"},
				"up": {"uv": [9.5625, 7.5625, 9.5, 7.5], "texture": "#2"},
				"down": {"uv": [8.0625, 9.5, 8, 9.5625], "texture": "#2"}
			}
		},
		{
			"from": [8.14749, 2.77699, 11.65],
			"to": [8.24749, 3.57699, 11.9],
			"rotation": {"angle": 45, "axis": "z", "origin": [8.19749, 3.47699, 13.725]},
			"faces": {
				"north": {"uv": [9, 4.5, 9.0625, 4.6875], "texture": "#2"},
				"east": {"uv": [9, 5, 9.0625, 5.1875], "texture": "#2"},
				"south": {"uv": [9, 5.5, 9.0625, 5.6875], "texture": "#2"},
				"west": {"uv": [5.75, 9, 5.8125, 9.1875], "texture": "#2"},
				"up": {"uv": [9.5625, 8.0625, 9.5, 8], "texture": "#2"},
				"down": {"uv": [8.5625, 9.5, 8.5, 9.5625], "texture": "#2"}
			}
		},
		{
			"from": [8.51109, 2.1406, 11.65],
			"to": [8.61109, 2.2906, 11.9],
			"rotation": {"angle": 45, "axis": "z", "origin": [7.56109, 2.8406, 13.725]},
			"faces": {
				"north": {"uv": [9.5, 8.5, 9.5625, 8.5625], "texture": "#2"},
				"east": {"uv": [9, 9.5, 9.0625, 9.5625], "texture": "#2"},
				"south": {"uv": [9.5, 9.5, 9.5625, 9.5625], "texture": "#2"},
				"west": {"uv": [0.5, 9.75, 0.5625, 9.8125], "texture": "#2"},
				"up": {"uv": [9.8125, 0.5625, 9.75, 0.5], "texture": "#2"},
				"down": {"uv": [1.0625, 9.75, 1, 9.8125], "texture": "#2"}
			}
		},
		{
			"from": [7.875, 1.60401, 11.14518],
			"to": [8.125, 2.60401, 11.34518],
			"rotation": {"angle": -22.5, "axis": "x", "origin": [7.75, 2.05401, 11.24518]},
			"faces": {
				"north": {"uv": [8.25, 2.5, 8.3125, 2.75], "texture": "#2"},
				"east": {"uv": [4.5, 8.25, 4.5625, 8.5], "texture": "#2"},
				"south": {"uv": [5, 8.25, 5.0625, 8.5], "texture": "#2"},
				"west": {"uv": [5.5, 8.25, 5.5625, 8.5], "texture": "#2"},
				"up": {"uv": [9.8125, 1.0625, 9.75, 1], "texture": "#2"},
				"down": {"uv": [1.5625, 9.75, 1.5, 9.8125], "texture": "#2"}
			}
		},
		{
			"from": [7.875, 1.6, 11.325],
			"to": [8.125, 1.8, 12.325],
			"rotation": {"angle": 0, "axis": "y", "origin": [7.75, 1.7, 11.575]},
			"faces": {
				"north": {"uv": [9.75, 1.5, 9.8125, 1.5625], "texture": "#2"},
				"east": {"uv": [0, 8.5, 0.25, 8.5625], "texture": "#2"},
				"south": {"uv": [2, 9.75, 2.0625, 9.8125], "texture": "#2"},
				"west": {"uv": [8.5, 0, 8.75, 0.0625], "texture": "#2"},
				"up": {"uv": [3.3125, 8.75, 3.25, 8.5], "texture": "#2"},
				"down": {"uv": [8.5625, 4, 8.5, 4.25], "texture": "#2"}
			}
		},
		{
			"from": [7.775, 2.4, 9.125],
			"to": [8.225, 2.5, 12.325],
			"rotation": {"angle": 0, "axis": "y", "origin": [8, 2.4, 10.725]},
			"faces": {
				"north": {"uv": [2, 9.25, 2.125, 9.3125], "texture": "#2"},
				"east": {"uv": [5.75, 0.5, 6.5625, 0.5625], "texture": "#2"},
				"south": {"uv": [9.25, 2, 9.375, 2.0625], "texture": "#2"},
				"west": {"uv": [5.75, 3.25, 6.5625, 3.3125], "texture": "#2"},
				"up": {"uv": [3.625, 5.3125, 3.5, 4.5], "texture": "#2"},
				"down": {"uv": [4.625, 4.5, 4.5, 5.3125], "texture": "#2"}
			}
		},
		{
			"from": [7.875, 1.6, 12.325],
			"to": [8.125, 2.5, 12.525],
			"rotation": {"angle": 0, "axis": "y", "origin": [7.75, 2.05, 11.225]},
			"faces": {
				"north": {"uv": [8.5, 4.5, 8.5625, 4.75], "texture": "#2"},
				"east": {"uv": [8.5, 5, 8.5625, 5.25], "texture": "#2"},
				"south": {"uv": [8.5, 5.5, 8.5625, 5.75], "texture": "#2"},
				"west": {"uv": [6, 8.5, 6.0625, 8.75], "texture": "#2"},
				"up": {"uv": [9.8125, 2.0625, 9.75, 2], "texture": "#2"},
				"down": {"uv": [2.5625, 9.75, 2.5, 9.8125], "texture": "#2"}
			}
		},
		{
			"from": [7.95, 1.97483, 11.80664],
			"to": [8.05, 2.97483, 11.93164],
			"rotation": {"angle": -22.5, "axis": "x", "origin": [8, 2.47483, 11.86914]},
			"faces": {
				"north": {"uv": [8.5, 6, 8.5625, 6.25], "texture": "#2"},
				"east": {"uv": [6.5, 8.5, 6.5625, 8.75], "texture": "#2"},
				"south": {"uv": [8.5, 6.5, 8.5625, 6.75], "texture": "#2"},
				"west": {"uv": [7, 8.5, 7.0625, 8.75], "texture": "#2"},
				"up": {"uv": [9.8125, 2.5625, 9.75, 2.5], "texture": "#2"},
				"down": {"uv": [9.8125, 3, 9.75, 3.0625], "texture": "#2"}
			}
		},
		{
			"from": [7.626, 0.42715, 18.65398],
			"to": [8.376, 3.10215, 19.07898],
			"rotation": {"angle": 0, "axis": "y", "origin": [8.001, 2.57715, 18.12898]},
			"faces": {
				"north": {"uv": [3.5, 3.5, 3.6875, 4.1875], "texture": "#2"},
				"east": {"uv": [5, 3.75, 5.125, 4.4375], "texture": "#2"},
				"south": {"uv": [3.75, 1.75, 3.9375, 2.4375], "texture": "#2"},
				"west": {"uv": [5, 4.75, 5.125, 5.4375], "texture": "#2"},
				"up": {"uv": [7.6875, 1.625, 7.5, 1.5], "texture": "#2"},
				"down": {"uv": [7.6875, 2, 7.5, 2.125], "texture": "#2"}
			}
		},
		{
			"from": [7.99142, 2.52715, 17.55398],
			"to": [8.29142, 2.82715, 18.70398],
			"rotation": {"angle": -45, "axis": "z", "origin": [8.14142, 2.87715, 18.27898]},
			"faces": {
				"north": {"uv": [3.5, 9.75, 3.5625, 9.8125], "texture": "#2"},
				"east": {"uv": [4.5, 7.75, 4.8125, 7.8125], "texture": "#2"},
				"south": {"uv": [9.75, 3.5, 9.8125, 3.5625], "texture": "#2"},
				"west": {"uv": [5.25, 7.75, 5.5625, 7.8125], "texture": "#2"},
				"up": {"uv": [3.5625, 8.0625, 3.5, 7.75], "texture": "#2"},
				"down": {"uv": [6.0625, 7.75, 6, 8.0625], "texture": "#2"}
			}
		},
		{
			"from": [9.1935, 0.82715, 17.55398],
			"to": [9.4935, 1.12715, 18.70398],
			"rotation": {"angle": -45, "axis": "z", "origin": [9.3435, 2.87715, 18.27898]},
			"faces": {
				"north": {"uv": [4, 9.75, 4.0625, 9.8125], "texture": "#2"},
				"east": {"uv": [7.75, 7.5, 8.0625, 7.5625], "texture": "#2"},
				"south": {"uv": [4.5, 9.75, 4.5625, 9.8125], "texture": "#2"},
				"west": {"uv": [0, 8, 0.3125, 8.0625], "texture": "#2"},
				"up": {"uv": [8.0625, 0.3125, 8, 0], "texture": "#2"},
				"down": {"uv": [0.8125, 8, 0.75, 8.3125], "texture": "#2"}
			}
		},
		{
			"from": [8.66317, 1.67715, 17.55398],
			"to": [8.86317, 1.87715, 18.70398],
			"rotation": {"angle": -45, "axis": "z", "origin": [8.81317, 2.87715, 18.27898]},
			"faces": {
				"north": {"uv": [5, 9.75, 5.0625, 9.8125], "texture": "#2"},
				"east": {"uv": [8, 1.5, 8.3125, 1.5625], "texture": "#2"},
				"south": {"uv": [9.75, 9, 9.8125, 9.0625], "texture": "#2"},
				"west": {"uv": [8, 2, 8.3125, 2.0625], "texture": "#2"},
				"up": {"uv": [1.3125, 8.3125, 1.25, 8], "texture": "#2"},
				"down": {"uv": [2.8125, 8, 2.75, 8.3125], "texture": "#2"}
			}
		},
		{
			"from": [8.45104, 1.67715, 17.55398],
			"to": [8.95104, 2.17715, 17.80398],
			"rotation": {"angle": -45, "axis": "z", "origin": [8.60104, 2.87715, 18.27898]},
			"faces": {
				"north": {"uv": [8.5, 7, 8.625, 7.125], "texture": "#2"},
				"east": {"uv": [2.5, 9.25, 2.5625, 9.375], "texture": "#2"},
				"south": {"uv": [7.5, 8.5, 7.625, 8.625], "texture": "#2"},
				"west": {"uv": [9.25, 2.5, 9.3125, 2.625], "texture": "#2"},
				"up": {"uv": [9.375, 3.0625, 9.25, 3], "texture": "#2"},
				"down": {"uv": [3.625, 9.25, 3.5, 9.3125], "texture": "#2"}
			}
		},
		{
			"from": [7.6266, 1.11676, 13.80099],
			"to": [8.3734, 2.51356, 14.77279],
			"rotation": {"angle": -22.5, "axis": "x", "origin": [8, 0.11516, 13.86189]},
			"faces": {
				"north": {"uv": [0, 5.5, 0.1875, 5.875], "texture": "#2"},
				"east": {"uv": [2.25, 4.75, 2.5, 5.125], "texture": "#2"},
				"south": {"uv": [5.5, 1.25, 5.6875, 1.625], "texture": "#2"},
				"west": {"uv": [2.75, 4.75, 3, 5.125], "texture": "#2"},
				"up": {"uv": [2.9375, 6.5, 2.75, 6.25], "texture": "#2"},
				"down": {"uv": [5.1875, 6.25, 5, 6.5], "texture": "#2"}
			}
		},
		{
			"from": [7.7375, 3.75, 8.525],
			"to": [8.2625, 3.85, 9.425],
			"rotation": {"angle": 0, "axis": "y", "origin": [6.4375, -0.5, 7.025]},
			"faces": {
				"north": {"uv": [9.25, 3.5, 9.375, 3.5625], "texture": "#2"},
				"east": {"uv": [8.5, 7.5, 8.75, 7.5625], "texture": "#2"},
				"south": {"uv": [4, 9.25, 4.125, 9.3125], "texture": "#2"},
				"west": {"uv": [8, 8.5, 8.25, 8.5625], "texture": "#2"},
				"up": {"uv": [7.125, 6.75, 7, 6.5], "texture": "#2"},
				"down": {"uv": [7.125, 7, 7, 7.25], "texture": "#2"}
			}
		},
		{
			"from": [7.7375, 3.75, 10.625],
			"to": [8.2625, 3.85, 11.525],
			"rotation": {"angle": 0, "axis": "y", "origin": [6.4375, -0.5, 7.025]},
			"faces": {
				"north": {"uv": [4.5, 9.25, 4.625, 9.3125], "texture": "#2"},
				"east": {"uv": [8.5, 8, 8.75, 8.0625], "texture": "#2"},
				"south": {"uv": [5, 9.25, 5.125, 9.3125], "texture": "#2"},
				"west": {"uv": [8.5, 8.5, 8.75, 8.5625], "texture": "#2"},
				"up": {"uv": [2.125, 7.5, 2, 7.25], "texture": "#2"},
				"down": {"uv": [2.625, 7.25, 2.5, 7.5], "texture": "#2"}
			}
		}
	],
	"display": {
		"thirdperson_righthand": {
			"translation": [-0.5, 2.25, -1.5],
			"scale": [0, 0, 0]
		},
		"thirdperson_lefthand": {
			"scale": [0, 0, 0]
		},
		"firstperson_righthand": {
			"rotation": [0.5, 0, -0.5],
			"translation": [-8.96, 22.23, 4.55],
			"scale": [1.19, 1.19, 1.19]
		},
		"firstperson_lefthand": {
			"rotation": [-3, -0.5, 1],
			"translation": [-3, 16, -8.5]
		},
		"ground": {
			"translation": [8.5, -18.5, -4]
		},
		"gui": {
			"rotation": [0, -95.5, 0],
			"translation": [4.5, 2.5, 0],
			"scale": [0, 0, 0]
		},
		"head": {
			"translation": [0, -29, 0],
			"scale": [1.6, 1.6, 1.6]
		},
		"fixed": {
			"rotation": [0, -90, 0],
			"translation": [4.75, 4, -1.25],
			"scale": [0, 0, 0]
		}
	},
	"groups": [
		{
			"name": "Player",
			"origin": [8, 8, 8],
			"color": 0,
			"children": [
				{
					"name": "right_main",
					"origin": [13.5, 2.5, 21],
					"color": 0,
					"children": [
						{
							"name": "alex",
							"origin": [8.5, 2.5, 16.75],
							"color": 0,
							"children": [0, 1]
						},
						{
							"name": "steve",
							"origin": [0, 0, 0],
							"color": 0,
							"children": [2, 3]
						}
					]
				}
			]
		},
		{
			"name": "Scope",
			"origin": [8.09723, 8, 8],
			"color": 0,
			"children": [4, 5, 6, 7]
		},
		{
			"name": "M24",
			"origin": [8, 8, 8],
			"color": 0,
			"children": [
				{
					"name": "Body",
					"origin": [8, 8, 8],
					"color": 0,
					"children": [8, 9, 10, 11, 12, 13, 14, 15, 16]
				},
				{
					"name": "Barrel",
					"origin": [8, 8, 8],
					"color": 0,
					"children": [
						17,
						18,
						19,
						{
							"name": "Bolt",
							"origin": [7.56109, 2.8406, 13.725],
							"color": 0,
							"children": [20, 21, 22, 23]
						}
					]
				},
				{
					"name": "Trigger",
					"origin": [8, 8, 8],
					"color": 0,
					"children": [24, 25, 26, 27, 28]
				},
				{
					"name": "Stock",
					"origin": [8, 8, 8],
					"color": 0,
					"children": [29, 30, 31, 32, 33]
				},
				{
					"name": "Grip",
					"origin": [8, 8, 8],
					"color": 0,
					"children": [34]
				},
				{
					"name": "Mount",
					"origin": [8, 8, 8],
					"color": 0,
					"children": [35, 36]
				}
			]
		}
	]
}