[
    {"function": "minecraft:set_nbt","tag": "{CustomModelData:1201}","conditions": [{"condition": "minecraft:entity_scores","entity": "this","scores": { "fwg.burst_tick" : 1}}]},
    {"function": "minecraft:set_nbt","tag": "{CustomModelData:1202}","conditions": [{"condition": "minecraft:entity_scores","entity": "this","scores": { "fwg.burst_tick" : 0, "fwg.cooldown" : 11}}]},

    {"function": "minecraft:set_nbt","tag": "{CustomModelData:1203}","conditions": [{"condition": "minecraft:entity_scores","entity": "this","scores": { "fwg.cooldown" : 8}}]},
    {"function": "minecraft:set_nbt","tag": "{CustomModelData:1204}","conditions": [{"condition": "minecraft:entity_scores","entity": "this","scores": { "fwg.cooldown" : 7}}]},
    {"function": "minecraft:set_nbt","tag": "{CustomModelData:1205}","conditions": [{"condition": "minecraft:entity_scores","entity": "this","scores": { "fwg.cooldown" : 5}}]},
    {"function": "minecraft:set_nbt","tag": "{CustomModelData:1206}","conditions": [{"condition": "minecraft:entity_scores","entity": "this","scores": { "fwg.cooldown" : 3}}]},
    {"function": "minecraft:set_nbt","tag": "{CustomModelData:1001}","conditions": [{"condition": "minecraft:entity_scores","entity": "this","scores": { "fwg.cooldown" : 1}}]}
    
  ]
  