{
	"credit": "Made with Blockbench",
	"ambientocclusion": false,
	"texture_size": [4, 4],
	"textures": {
		"0": "fw:guns/01/smart_pistol",
		"1": "fw:guns/01/optic_dot",
		"4": "fw:player/alex",
		"6": "fw:player/steve",
		"particle": "fw:player/steve"
	},
	"elements": [
		{
			"from": [6.44312, 0.18674, 15.5517],
			"to": [7.05688, 5.56676, 16.78047],
			"rotation": {"angle": -22.5, "axis": "x", "origin": [6.75, 0.755, 15.98158]},
			"faces": {
				"north": {"uv": [3.75, 6.5, 4, 8.75], "texture": "#0"},
				"east": {"uv": [3, 1.5, 3.5, 3.75], "texture": "#0"},
				"south": {"uv": [4.25, 6.5, 4.5, 8.75], "texture": "#0"},
				"west": {"uv": [0, 3.5, 0.5, 5.75], "texture": "#0"},
				"up": {"uv": [8.75, 9, 8.5, 8.5], "texture": "#0"},
				"down": {"uv": [9.25, 0, 9, 0.5], "texture": "#0"}
			}
		},
		{
			"from": [6.35087, 0.03469, 15.28601],
			"to": [7.14913, 0.49471, 17.12978],
			"rotation": {"angle": 0, "axis": "y", "origin": [6.75, 0.3877, 16.30014]},
			"faces": {
				"north": {"uv": [3.75, 9, 4.125, 9.25], "texture": "#0"},
				"east": {"uv": [8.25, 2.5, 9, 2.75], "texture": "#0"},
				"south": {"uv": [9, 4.5, 9.375, 4.75], "texture": "#0"},
				"west": {"uv": [8.25, 3, 9, 3.25], "texture": "#0"},
				"up": {"uv": [7.375, 7.5, 7, 6.75], "texture": "#0"},
				"down": {"uv": [5.875, 7.5, 5.5, 8.25], "texture": "#0"}
			}
		},
		{
			"from": [5.98125, 4.27773, 5.64032],
			"to": [7.51875, 6.73773, 8.10032],
			"rotation": {"angle": 0, "axis": "y", "origin": [6.135, 1.51023, 12.40532]},
			"faces": {
				"north": {"uv": [5.25, 2.5, 5.875, 3.5], "texture": "#0"},
				"east": {"uv": [0.75, 4.25, 1.75, 5.25], "texture": "#0"},
				"south": {"uv": [5.25, 3.75, 5.875, 4.75], "texture": "#0"},
				"west": {"uv": [2, 4.25, 3, 5.25], "texture": "#0"},
				"up": {"uv": [5.875, 6, 5.25, 5], "texture": "#0"},
				"down": {"uv": [1.375, 5.5, 0.75, 6.5], "texture": "#0"}
			}
		},
		{
			"from": [5.98125, 4.27773, 8.10032],
			"to": [7.51875, 5.20023, 11.17532],
			"rotation": {"angle": 0, "axis": "y", "origin": [6.135, 1.51023, 11.79032]},
			"faces": {
				"north": {"uv": [8, 0, 8.625, 0.375], "texture": "#0"},
				"east": {"uv": [6.25, 5.5, 7.5, 5.875], "texture": "#0"},
				"south": {"uv": [8, 0.75, 8.625, 1.125], "texture": "#0"},
				"west": {"uv": [5.5, 6.75, 6.75, 7.125], "texture": "#0"},
				"up": {"uv": [5.625, 1.25, 5, 0], "texture": "#0"},
				"down": {"uv": [4.375, 5, 3.75, 6.25], "texture": "#0"}
			}
		},
		{
			"from": [6.59625, 4.43148, 8.10032],
			"to": [6.90375, 5.20023, 12.09782],
			"rotation": {"angle": 0, "axis": "y", "origin": [6.135, 1.51023, 11.79032]},
			"faces": {
				"north": {"uv": [9.5, 5.5, 9.625, 5.875], "texture": "#0"},
				"east": {"uv": [6.25, 2.5, 7.875, 2.875], "texture": "#0"},
				"south": {"uv": [7.25, 9.5, 7.375, 9.875], "texture": "#0"},
				"west": {"uv": [6.25, 3.25, 7.875, 3.625], "texture": "#0"},
				"up": {"uv": [2.125, 9.625, 2, 8], "texture": "#0"},
				"down": {"uv": [4.875, 8, 4.75, 9.625], "texture": "#0"}
			}
		},
		{
			"from": [6.59625, 4.73898, 13.02032],
			"to": [6.90375, 5.20023, 13.20482],
			"rotation": {"angle": 22.5, "axis": "x", "origin": [6.75, 5.12336, 13.17407]},
			"faces": {
				"north": {"uv": [6.25, 3.25, 6.75, 3.625], "texture": "#0"},
				"east": {"uv": [6.25, 3.25, 6.75, 3.625], "texture": "#0"},
				"south": {"uv": [7.25, 9.5, 7.375, 9.875], "texture": "#0"},
				"west": {"uv": [6.25, 3.25, 6.75, 3.625], "texture": "#0"},
				"up": {"uv": [2.125, 9.625, 2, 8], "texture": "#0"},
				"down": {"uv": [4.875, 8, 4.75, 9.625], "texture": "#0"}
			}
		},
		{
			"from": [6.4425, 5.96898, 5.54807],
			"to": [7.0575, 6.58398, 15.48032],
			"rotation": {"angle": 0, "axis": "y", "origin": [6.135, 1.51023, 12.40532]},
			"faces": {
				"north": {"uv": [1.5, 9.25, 1.75, 9.5], "texture": "#0"},
				"east": {"uv": [4.75, 1.5, 8.75, 1.75], "texture": "#0"},
				"south": {"uv": [9.25, 2.25, 9.5, 2.5], "texture": "#0"},
				"west": {"uv": [4.75, 2, 8.75, 2.25], "texture": "#0"},
				"up": {"uv": [3.5, 8, 3.25, 4], "texture": "#0"},
				"down": {"uv": [5, 2.5, 4.75, 6.5], "texture": "#0"}
			}
		},
		{
			"from": [6.1965, 5.20023, 8.10032],
			"to": [7.3035, 5.81523, 10.56032],
			"rotation": {"angle": 0, "axis": "y", "origin": [6.135, 2.12523, 12.40532]},
			"faces": {
				"north": {"uv": [8.25, 3.5, 8.75, 3.75], "texture": "#0"},
				"east": {"uv": [7.75, 5.5, 8.75, 5.75], "texture": "#0"},
				"south": {"uv": [9, 0.75, 9.5, 1], "texture": "#0"},
				"west": {"uv": [7, 7.75, 8, 8], "texture": "#0"},
				"up": {"uv": [2.5, 7.75, 2, 6.75], "texture": "#0"},
				"down": {"uv": [5.25, 6.75, 4.75, 7.75], "texture": "#0"}
			}
		},
		{
			"from": [6.135, 5.20023, 10.56032],
			"to": [7.365, 5.81523, 16.24907],
			"rotation": {"angle": 0, "axis": "y", "origin": [6.135, 2.12523, 12.40532]},
			"faces": {
				"north": {"uv": [9, 1.25, 9.5, 1.5], "texture": "#0"},
				"east": {"uv": [6.25, 4, 8.625, 4.25], "texture": "#0"},
				"south": {"uv": [9, 1.75, 9.5, 2], "texture": "#0"},
				"west": {"uv": [6.25, 4.5, 8.625, 4.75], "texture": "#0"},
				"up": {"uv": [2, 3.875, 1.5, 1.5], "texture": "#0"},
				"down": {"uv": [2.75, 1.5, 2.25, 3.875], "texture": "#0"}
			}
		},
		{
			"from": [6.28937, 1.6646, 13.94344],
			"to": [7.21064, 5.35337, 15.78721],
			"rotation": {"angle": -22.5, "axis": "x", "origin": [6.75, 3.66273, 13.94282]},
			"faces": {
				"north": {"uv": [0.5, 6.75, 0.875, 8.25], "texture": "#0"},
				"east": {"uv": [3.75, 1.5, 4.5, 3], "texture": "#0"},
				"south": {"uv": [1.25, 6.75, 1.625, 8.25], "texture": "#0"},
				"west": {"uv": [3.75, 3.25, 4.5, 4.75], "texture": "#0"},
				"up": {"uv": [6.625, 8.25, 6.25, 7.5], "texture": "#0"},
				"down": {"uv": [8.125, 6.75, 7.75, 7.5], "texture": "#0"}
			}
		},
		{
			"from": [6.4425, 4.33616, 12.13463],
			"to": [7.0575, 4.48991, 13.67213],
			"rotation": {"angle": 0, "axis": "y", "origin": [6.75, 3.47516, 13.51838]},
			"faces": {
				"north": {"uv": [9.75, 2, 10, 2.125], "texture": "#0"},
				"east": {"uv": [7.25, 9, 7.875, 9.125], "texture": "#0"},
				"south": {"uv": [9.75, 4.5, 10, 4.625], "texture": "#0"},
				"west": {"uv": [9, 7.5, 9.625, 7.625], "texture": "#0"},
				"up": {"uv": [3.5, 8.875, 3.25, 8.25], "texture": "#0"},
				"down": {"uv": [8.75, 7.5, 8.5, 8.125], "texture": "#0"}
			}
		},
		{
			"from": [6.4425, 4.33047, 11.95227],
			"to": [7.0575, 5.25297, 12.10602],
			"rotation": {"angle": -22.5, "axis": "x", "origin": [6.75, 4.79172, 12.02914]},
			"faces": {
				"north": {"uv": [9, 5.5, 9.25, 5.875], "texture": "#0"},
				"east": {"uv": [7.75, 9.5, 7.875, 9.875], "texture": "#0"},
				"south": {"uv": [6.75, 9, 7, 9.375], "texture": "#0"},
				"west": {"uv": [8.75, 9.5, 8.875, 9.875], "texture": "#0"},
				"up": {"uv": [5.5, 9.875, 5.25, 9.75], "texture": "#0"},
				"down": {"uv": [6.75, 9.75, 6.5, 9.875], "texture": "#0"}
			}
		},
		{
			"from": [6.135, 5.81523, 10.10032],
			"to": [7.365, 6.73773, 18.09532],
			"rotation": {"angle": 0, "axis": "y", "origin": [6.135, 1.51023, 12.40532]},
			"faces": {
				"north": {"uv": [0.75, 3.5, 1.25, 3.875], "texture": "#0"},
				"east": {"uv": [1.5, 0, 4.75, 0.375], "texture": "#0"},
				"south": {"uv": [7, 8.25, 7.5, 8.625], "texture": "#0"},
				"west": {"uv": [1.5, 0.75, 4.75, 1.125], "texture": "#0"},
				"up": {"uv": [0.5, 3.25, 0, 0], "texture": "#0"},
				"down": {"uv": [1.25, 0, 0.75, 3.25], "texture": "#0"}
			}
		},
		{
			"from": [6.1965, 5.87673, 18.03382],
			"to": [7.3035, 6.67623, 18.15682],
			"rotation": {"angle": 0, "axis": "y", "origin": [6.135, 1.51023, 12.37457]},
			"faces": {
				"north": {"uv": [7.75, 8.25, 8.25, 8.625], "texture": "#0"},
				"east": {"uv": [9.25, 9.5, 9.375, 9.875], "texture": "#0"},
				"south": {"uv": [0.5, 8.5, 1, 8.875], "texture": "#0"},
				"west": {"uv": [0.5, 9.75, 0.625, 10.125], "texture": "#0"},
				"up": {"uv": [9.75, 2.875, 9.25, 2.75], "texture": "#0"},
				"down": {"uv": [5.75, 9.25, 5.25, 9.375], "texture": "#0"}
			}
		},
		{
			"from": [5.98125, 6.64548, 15.60457],
			"to": [7.51875, 7.01448, 17.91082],
			"rotation": {"angle": 0, "axis": "y", "origin": [6.135, 1.51023, 11.79032]},
			"faces": {
				"north": {"uv": [9, 8, 9.625, 8.125], "texture": "#0"},
				"east": {"uv": [9, 3.5, 10, 3.625], "texture": "#0"},
				"south": {"uv": [9, 8.5, 9.625, 8.625], "texture": "#0"},
				"west": {"uv": [9, 4, 10, 4.125], "texture": "#0"},
				"up": {"uv": [2.375, 6.5, 1.75, 5.5], "texture": "#0"},
				"down": {"uv": [6.625, 0, 6, 1], "texture": "#0"}
			}
		},
		{
			"from": [6.59625, 6.70698, 10.37707],
			"to": [6.90375, 6.86073, 10.83832],
			"rotation": {"angle": 0, "axis": "y", "origin": [6.135, 1.51023, 11.79032]},
			"faces": {
				"north": {"uv": [10, 7.75, 10.125, 7.875], "texture": "#0"},
				"east": {"uv": [9.75, 6.75, 10, 6.875], "texture": "#0"},
				"south": {"uv": [8.25, 10, 8.375, 10.125], "texture": "#0"},
				"west": {"uv": [9.75, 9.5, 10, 9.625], "texture": "#0"},
				"up": {"uv": [2.125, 10.25, 2, 10], "texture": "#0"},
				"down": {"uv": [10.125, 2.5, 10, 2.75], "texture": "#0"}
			}
		},
		{
			"from": [7.3035, 7.01448, 15.60457],
			"to": [7.45725, 7.78323, 16.83457],
			"rotation": {"angle": 0, "axis": "y", "origin": [6.135, 1.35648, 11.79032]},
			"faces": {
				"north": {"uv": [9.75, 0.5, 9.875, 0.875], "texture": "#0"},
				"east": {"uv": [1.25, 8.5, 1.75, 8.875], "texture": "#0"},
				"south": {"uv": [1, 9.75, 1.125, 10.125], "texture": "#0"},
				"west": {"uv": [5.25, 8.5, 5.75, 8.875], "texture": "#0"},
				"up": {"uv": [3.375, 9.75, 3.25, 9.25], "texture": "#0"},
				"down": {"uv": [6.125, 9.25, 6, 9.75], "texture": "#0"}
			}
		},
		{
			"from": [6.04275, 7.01448, 15.60457],
			"to": [6.1965, 7.78323, 16.83457],
			"rotation": {"angle": 0, "axis": "y", "origin": [6.135, 1.35648, 11.79032]},
			"faces": {
				"north": {"uv": [9.75, 1.25, 9.875, 1.625], "texture": "#0"},
				"east": {"uv": [6, 8.5, 6.5, 8.875], "texture": "#0"},
				"south": {"uv": [1.5, 9.75, 1.625, 10.125], "texture": "#0"},
				"west": {"uv": [8.5, 6.75, 9, 7.125], "texture": "#0"},
				"up": {"uv": [9.375, 7.25, 9.25, 6.75], "texture": "#0"},
				"down": {"uv": [8.375, 9.25, 8.25, 9.75], "texture": "#0"}
			}
		},
		{
			"from": [6.04275, 7.78323, 15.60457],
			"to": [7.45725, 7.93698, 16.83457],
			"rotation": {"angle": 0, "axis": "y", "origin": [6.135, 1.20273, 11.79032]},
			"faces": {
				"north": {"uv": [9, 9, 9.625, 9.125], "texture": "#0"},
				"east": {"uv": [9.5, 0, 10, 0.125], "texture": "#0"},
				"south": {"uv": [0.5, 9.25, 1.125, 9.375], "texture": "#0"},
				"west": {"uv": [3.75, 9.5, 4.25, 9.625], "texture": "#0"},
				"up": {"uv": [7.625, 0.5, 7, 0], "texture": "#0"},
				"down": {"uv": [7.625, 0.75, 7, 1.25], "texture": "#0"}
			}
		},
		{
			"from": [6.10425, 7.01448, 15.66607],
			"to": [7.39575, 7.81398, 15.66607],
			"rotation": {"angle": 0, "axis": "y", "origin": [6.135, 1.20273, 11.79032]},
			"faces": {
				"north": {"uv": [0, 0, 8, 5], "texture": "#1"},
				"east": {"uv": [0, 0, 0, 5], "texture": "#1"},
				"south": {"uv": [0, 8, 8, 13], "texture": "#1"},
				"west": {"uv": [0, 0, 0, 5], "texture": "#1"},
				"up": {"uv": [8, 0, 0, 0], "texture": "#1"},
				"down": {"uv": [8, 0, 0, 0], "texture": "#1"}
			}
		},
		{
			"from": [6.58088, 4.80048, 5.60957],
			"to": [6.91913, 5.13873, 5.76332],
			"rotation": {"angle": 0, "axis": "y", "origin": [6.05813, 1.51023, 12.40532]},
			"faces": {
				"north": {"uv": [10, 3, 10.125, 3.125], "texture": "#0"},
				"east": {"uv": [3.25, 10, 3.375, 10.125], "texture": "#0"},
				"south": {"uv": [3.75, 10, 3.875, 10.125], "texture": "#0"},
				"west": {"uv": [4.25, 10, 4.375, 10.125], "texture": "#0"},
				"up": {"uv": [4.875, 10.125, 4.75, 10], "texture": "#0"},
				"down": {"uv": [10.125, 5.5, 10, 5.625], "texture": "#0"}
			}
		},
		{
			"from": [6.70481, 4.92348, -11],
			"to": [6.79519, 5.01386, 6.3322],
			"rotation": {"angle": 0, "axis": "y", "origin": [5.93419, 1.51023, 22.8142]},
			"faces": {
				"north": {"uv": [5.75, 10, 5.875, 10.125], "texture": "#0"},
				"east": {"uv": [6.25, 5, 11, 5.125], "texture": "#0"},
				"south": {"uv": [10, 7.25, 10.125, 7.375], "texture": "#0"},
				"west": {"uv": [5.25, 6.25, 10, 6.375], "texture": "#0"},
				"up": {"uv": [2.875, 10.25, 2.75, 5.5], "texture": "#0"},
				"down": {"uv": [0.125, 6, 0, 10.75], "texture": "#0"}
			}
		},
		{
			"name": "left_arm_2nd_layer",
			"from": [1.86759, 2.64072, 15.32033],
			"to": [5.16759, 6.84072, 31.32033],
			"rotation": {"angle": -22.5, "axis": "y", "origin": [3.1654, 5.04072, 23.79251]},
			"faces": {
				"north": {"uv": [14.5, 12, 13.75, 13], "rotation": 180, "texture": "#4"},
				"east": {"uv": [12, 13, 13, 16], "rotation": 270, "texture": "#4"},
				"south": {"uv": [13.75, 13, 13, 12], "texture": "#4"},
				"west": {"uv": [13.75, 13, 14.75, 16], "rotation": 90, "texture": "#4"},
				"up": {"uv": [13, 13, 13.75, 16], "rotation": 180, "texture": "#4"},
				"down": {"uv": [14.75, 13, 15.5, 16], "texture": "#4"}
			}
		},
		{
			"name": "left_arm",
			"from": [2.01759, 2.69072, 15.82033],
			"to": [5.01759, 6.69072, 30.82033],
			"rotation": {"angle": -22.5, "axis": "y", "origin": [3.1654, 5.04072, 23.79251]},
			"faces": {
				"north": {"uv": [10.5, 12, 9.75, 13], "rotation": 180, "texture": "#4"},
				"east": {"uv": [8, 13, 9, 16], "rotation": 270, "texture": "#4"},
				"south": {"uv": [9.75, 13, 9, 12], "texture": "#4"},
				"west": {"uv": [9.75, 13, 10.75, 16], "rotation": 90, "texture": "#4"},
				"up": {"uv": [9, 13, 9.75, 16], "rotation": 180, "texture": "#4"},
				"down": {"uv": [10.75, 13, 11.5, 16], "texture": "#4"}
			}
		},
		{
			"name": "left_arm",
			"from": [1.2632, 2.89072, 15.81468],
			"to": [5.2632, 6.89072, 30.91468],
			"rotation": {"angle": -22.5, "axis": "y", "origin": [3.1654, 5.04072, 23.79251]},
			"faces": {
				"north": {"uv": [11, 12, 10, 13], "rotation": 180, "texture": "#6"},
				"east": {"uv": [8, 13, 9, 16], "rotation": 270, "texture": "#6"},
				"south": {"uv": [10, 13, 9, 12], "texture": "#6"},
				"west": {"uv": [10, 13, 11, 16], "rotation": 90, "texture": "#6"},
				"up": {"uv": [9, 13, 10, 16], "rotation": 180, "texture": "#6"},
				"down": {"uv": [11, 13, 12, 16], "texture": "#6"}
			}
		},
		{
			"name": "left_arm_2nd_layer",
			"from": [1.0632, 2.79072, 15.31468],
			"to": [5.3632, 6.99072, 31.41468],
			"rotation": {"angle": -22.5, "axis": "y", "origin": [3.1654, 5.04072, 23.79251]},
			"faces": {
				"north": {"uv": [15, 12, 14, 13], "rotation": 180, "texture": "#6"},
				"east": {"uv": [12, 13, 13, 16], "rotation": 270, "texture": "#6"},
				"south": {"uv": [14, 13, 13, 12], "texture": "#6"},
				"west": {"uv": [14, 13, 15, 16], "rotation": 90, "texture": "#6"},
				"up": {"uv": [13, 13, 14, 16], "rotation": 180, "texture": "#6"},
				"down": {"uv": [15, 13, 16, 16], "texture": "#6"}
			}
		},
		{
			"name": "right_arm_2nd_layer",
			"from": [6.45, 1.22508, 13.36983],
			"to": [9.75, 5.52508, 29.36983],
			"rotation": {"angle": 0, "axis": "x", "origin": [7.8225, 3.37508, 21.43233]},
			"faces": {
				"north": {"uv": [12.5, 8, 11.75, 9], "rotation": 180, "texture": "#4"},
				"east": {"uv": [10, 9, 11, 12], "rotation": 270, "texture": "#4"},
				"south": {"uv": [11.75, 9, 11, 8], "texture": "#4"},
				"west": {"uv": [11.75, 9, 12.75, 12], "rotation": 90, "texture": "#4"},
				"up": {"uv": [11, 9, 11.75, 12], "rotation": 180, "texture": "#4"},
				"down": {"uv": [12.75, 9, 13.5, 12], "texture": "#4"}
			}
		},
		{
			"name": "right_arm",
			"from": [6.6, 1.37508, 13.86983],
			"to": [9.6, 5.37508, 28.86983],
			"rotation": {"angle": 0, "axis": "x", "origin": [7.8225, 3.37508, 21.43233]},
			"faces": {
				"north": {"uv": [12.5, 4, 11.75, 5], "rotation": 180, "texture": "#4"},
				"east": {"uv": [10, 5, 11, 8], "rotation": 270, "texture": "#4"},
				"south": {"uv": [11.75, 5, 11, 4], "texture": "#4"},
				"west": {"uv": [11.75, 5, 12.75, 8], "rotation": 90, "texture": "#4"},
				"up": {"uv": [11, 5, 11.75, 8], "rotation": 180, "texture": "#4"},
				"down": {"uv": [12.75, 5, 13.5, 8], "texture": "#4"}
			}
		},
		{
			"name": "right_arm",
			"from": [5.6, 1.37508, 13.86983],
			"to": [9.6, 5.37508, 29.11983],
			"rotation": {"angle": 0, "axis": "x", "origin": [7.8225, 3.37508, 21.43233]},
			"faces": {
				"north": {"uv": [13, 4, 12, 5], "rotation": 180, "texture": "#6"},
				"east": {"uv": [10, 5, 11, 8], "rotation": 270, "texture": "#6"},
				"south": {"uv": [12, 5, 11, 4], "texture": "#6"},
				"west": {"uv": [12, 5, 13, 8], "rotation": 90, "texture": "#6"},
				"up": {"uv": [11, 5, 12, 8], "rotation": 180, "texture": "#6"},
				"down": {"uv": [13, 5, 14, 8], "texture": "#6"}
			}
		},
		{
			"name": "right_arm_2nd_layer",
			"from": [5.4, 1.27508, 13.36983],
			"to": [9.69, 5.47508, 29.61983],
			"rotation": {"angle": 0, "axis": "x", "origin": [7.8225, 3.37508, 21.43233]},
			"faces": {
				"north": {"uv": [13, 8, 12, 9], "rotation": 180, "texture": "#6"},
				"east": {"uv": [10, 9, 11, 12], "rotation": 270, "texture": "#6"},
				"south": {"uv": [12, 9, 11, 8], "texture": "#6"},
				"west": {"uv": [12, 9, 13, 12], "rotation": 90, "texture": "#6"},
				"up": {"uv": [11, 9, 12, 12], "rotation": 180, "texture": "#6"},
				"down": {"uv": [13, 9, 14, 12], "texture": "#6"}
			}
		}
	],
	"display": {
		"thirdperson_righthand": {
			"translation": [-0.5, 2.25, -1.5],
			"scale": [0, 0, 0]
		},
		"thirdperson_lefthand": {
			"scale": [0, 0, 0]
		},
		"firstperson_righthand": {
			"rotation": [12.49, 9.38, 59.18],
			"translation": [-10.6, 17.45, -2],
			"scale": [0.75, 0.75, 0.75]
		},
		"firstperson_lefthand": {
			"rotation": [-3, -0.5, 1],
			"translation": [-3, 16, -8.5]
		},
		"ground": {
			"translation": [8.5, -18.5, -4]
		},
		"gui": {
			"rotation": [0, -95.5, 0],
			"translation": [4.5, 2.5, 0],
			"scale": [0, 0, 0]
		},
		"head": {
			"translation": [0, -29, 0],
			"scale": [1.6, 1.6, 1.6]
		},
		"fixed": {
			"rotation": [0, -90, 0],
			"translation": [4.75, 4, -1.25],
			"scale": [0, 0, 0]
		}
	},
	"groups": [
		{
			"name": "Pistol",
			"origin": [8, 8, 8],
			"color": 0,
			"children": [
				{
					"name": "Magazine",
					"origin": [8, 8, 8],
					"color": 0,
					"children": [0, 1]
				},
				{
					"name": "Barrel",
					"origin": [8, 8, 8],
					"color": 0,
					"children": [
						{
							"name": "Barrel Weight",
							"origin": [8, 8, 8],
							"color": 0,
							"children": [2, 3, 4, 5]
						},
						6
					]
				},
				{
					"name": "Frame",
					"origin": [8, 8, 8],
					"color": 0,
					"children": [7, 8, 9, 10, 11]
				},
				{
					"name": "Slide",
					"origin": [8, 8, 8],
					"color": 0,
					"children": [
						12,
						13,
						{
							"name": "Optic",
							"origin": [8, 8, 8],
							"color": 0,
							"children": [14, 15, 16, 17, 18, 19]
						}
					]
				},
				20,
				21
			]
		},
		{
			"name": "Player",
			"origin": [8, 8, 8],
			"color": 0,
			"children": [
				{
					"name": "left_main",
					"origin": [8, 8, 8],
					"color": 0,
					"children": [
						{
							"name": "alex",
							"origin": [5.3, 1.4, 17.3],
							"color": 0,
							"children": [22, 23]
						},
						{
							"name": "steve",
							"origin": [8, 8, 8],
							"color": 0,
							"children": [24, 25]
						}
					]
				},
				{
					"name": "right_main",
					"origin": [13.5, 2.5, 21],
					"color": 0,
					"children": [
						{
							"name": "alex",
							"origin": [8.5, 2.5, 16.75],
							"color": 0,
							"children": [26, 27]
						},
						{
							"name": "steve",
							"origin": [0, 0, 0],
							"color": 0,
							"children": [28, 29]
						}
					]
				}
			]
		}
	]
}