[
    {"function": "minecraft:set_nbt","tag": "{CustomModelData:2201}","conditions": [{"condition": "minecraft:entity_scores","entity": "this","scores": { "fwg.cooldown" : 19, "fwg.rng": 1}}]},
    {"function": "minecraft:set_nbt","tag": "{CustomModelData:2202}","conditions": [{"condition": "minecraft:entity_scores","entity": "this","scores": { "fwg.cooldown" : 18, "fwg.rng": 1}}]},
    {"function": "minecraft:set_nbt","tag": "{CustomModelData:2203}","conditions": [{"condition": "minecraft:entity_scores","entity": "this","scores": { "fwg.cooldown" : 17, "fwg.rng": 1}}]},
    {"function": "minecraft:set_nbt","tag": "{CustomModelData:2204}","conditions": [{"condition": "minecraft:entity_scores","entity": "this","scores": { "fwg.cooldown" : 16, "fwg.rng": 1}}]},
    {"function": "minecraft:set_nbt","tag": "{CustomModelData:2205}","conditions": [{"condition": "minecraft:entity_scores","entity": "this","scores": { "fwg.cooldown" : 12, "fwg.rng": 1}}]},
    {"function": "minecraft:set_nbt","tag": "{CustomModelData:2206}","conditions": [{"condition": "minecraft:entity_scores","entity": "this","scores": { "fwg.cooldown" : 11, "fwg.rng": 1}}]},
    {"function": "minecraft:set_nbt","tag": "{CustomModelData:2207}","conditions": [{"condition": "minecraft:entity_scores","entity": "this","scores": { "fwg.cooldown" : 10, "fwg.rng": 1}}]},
    {"function": "minecraft:set_nbt","tag": "{CustomModelData:2208}","conditions": [{"condition": "minecraft:entity_scores","entity": "this","scores": { "fwg.cooldown" : 9, "fwg.rng": 1}}]},
    {"function": "minecraft:set_nbt","tag": "{CustomModelData:2209}","conditions": [{"condition": "minecraft:entity_scores","entity": "this","scores": { "fwg.cooldown" : 7, "fwg.rng": 1}}]},
    {"function": "minecraft:set_nbt","tag": "{CustomModelData:2001}","conditions": [{"condition": "minecraft:entity_scores","entity": "this","scores": { "fwg.cooldown" : 5, "fwg.rng": 1}}]},

    {"function": "minecraft:set_nbt","tag": "{CustomModelData:2211}","conditions": [{"condition": "minecraft:entity_scores","entity": "this","scores": { "fwg.cooldown" : 19, "fwg.rng": 2}}]},
    {"function": "minecraft:set_nbt","tag": "{CustomModelData:2212}","conditions": [{"condition": "minecraft:entity_scores","entity": "this","scores": { "fwg.cooldown" : 18, "fwg.rng": 2}}]},
    {"function": "minecraft:set_nbt","tag": "{CustomModelData:2213}","conditions": [{"condition": "minecraft:entity_scores","entity": "this","scores": { "fwg.cooldown" : 17, "fwg.rng": 2}}]},
    {"function": "minecraft:set_nbt","tag": "{CustomModelData:2214}","conditions": [{"condition": "minecraft:entity_scores","entity": "this","scores": { "fwg.cooldown" : 16, "fwg.rng": 2}}]},
    {"function": "minecraft:set_nbt","tag": "{CustomModelData:2215}","conditions": [{"condition": "minecraft:entity_scores","entity": "this","scores": { "fwg.cooldown" : 12, "fwg.rng": 2}}]},
    {"function": "minecraft:set_nbt","tag": "{CustomModelData:2216}","conditions": [{"condition": "minecraft:entity_scores","entity": "this","scores": { "fwg.cooldown" : 11, "fwg.rng": 2}}]},
    {"function": "minecraft:set_nbt","tag": "{CustomModelData:2217}","conditions": [{"condition": "minecraft:entity_scores","entity": "this","scores": { "fwg.cooldown" : 10, "fwg.rng": 2}}]},
    {"function": "minecraft:set_nbt","tag": "{CustomModelData:2218}","conditions": [{"condition": "minecraft:entity_scores","entity": "this","scores": { "fwg.cooldown" : 9, "fwg.rng": 2}}]},
    {"function": "minecraft:set_nbt","tag": "{CustomModelData:2219}","conditions": [{"condition": "minecraft:entity_scores","entity": "this","scores": { "fwg.cooldown" : 7, "fwg.rng": 2}}]},
    {"function": "minecraft:set_nbt","tag": "{CustomModelData:2001}","conditions": [{"condition": "minecraft:entity_scores","entity": "this","scores": { "fwg.cooldown" : 5, "fwg.rng": 2}}]},

    {"function": "minecraft:set_nbt","tag": "{CustomModelData:2201}","conditions": [{"condition": "minecraft:entity_scores","entity": "this","scores": { "fwg.cooldown" : 19, "fwg.rng": 3}}]},
    {"function": "minecraft:set_nbt","tag": "{CustomModelData:2202}","conditions": [{"condition": "minecraft:entity_scores","entity": "this","scores": { "fwg.cooldown" : 18, "fwg.rng": 3}}]},
    {"function": "minecraft:set_nbt","tag": "{CustomModelData:2203}","conditions": [{"condition": "minecraft:entity_scores","entity": "this","scores": { "fwg.cooldown" : 17, "fwg.rng": 3}}]},
    {"function": "minecraft:set_nbt","tag": "{CustomModelData:2204}","conditions": [{"condition": "minecraft:entity_scores","entity": "this","scores": { "fwg.cooldown" : 16, "fwg.rng": 3}}]},
    {"function": "minecraft:set_nbt","tag": "{CustomModelData:2205}","conditions": [{"condition": "minecraft:entity_scores","entity": "this","scores": { "fwg.cooldown" : 12, "fwg.rng": 3}}]},
    {"function": "minecraft:set_nbt","tag": "{CustomModelData:2206}","conditions": [{"condition": "minecraft:entity_scores","entity": "this","scores": { "fwg.cooldown" : 11, "fwg.rng": 3}}]},
    {"function": "minecraft:set_nbt","tag": "{CustomModelData:2207}","conditions": [{"condition": "minecraft:entity_scores","entity": "this","scores": { "fwg.cooldown" : 10, "fwg.rng": 3}}]},
    {"function": "minecraft:set_nbt","tag": "{CustomModelData:2208}","conditions": [{"condition": "minecraft:entity_scores","entity": "this","scores": { "fwg.cooldown" : 9, "fwg.rng": 3}}]},
    {"function": "minecraft:set_nbt","tag": "{CustomModelData:2209}","conditions": [{"condition": "minecraft:entity_scores","entity": "this","scores": { "fwg.cooldown" : 7, "fwg.rng": 3}}]},
    {"function": "minecraft:set_nbt","tag": "{CustomModelData:2001}","conditions": [{"condition": "minecraft:entity_scores","entity": "this","scores": { "fwg.cooldown" : 5, "fwg.rng": 3}}]}
  ]
  